date,id,mtd
199801,iCRD,0.0085
199802,iCRD,0.0166
199803,iCRD,0.0223
199804,iCRD,0.0126
199805,iCRD,0.0051
199806,iCRD,0.0038
199807,iCRD,0.0021
199808,iCRD,-0.0599
199809,iCRD,-0.0114
199810,iCRD,-0.0001
199811,iCRD,0.0269
199812,iCRD,0.0112
199901,iCRD,0.0224
199902,iCRD,0.005
199903,iCRD,0.0123
199904,iCRD,0.027
199905,iCRD,0.0109
199906,iCRD,0.0126
199907,iCRD,0.0063
199908,iCRD,0.0055
199909,iCRD,0.0089
199910,iCRD,-0.0018
199911,iCRD,0.0141
199912,iCRD,0.025
200001,iCRD,0.016
200002,iCRD,0.0239
200003,iCRD,0.0091
200004,iCRD,0.0096
200005,iCRD,0.0086
200006,iCRD,0.0213
200007,iCRD,0.0105
200008,iCRD,0.0134
200009,iCRD,0.0114
200010,iCRD,0.005
200011,iCRD,-0.0034
200012,iCRD,-0.0007
200101,iCRD,0.0322
200102,iCRD,0.0119
200103,iCRD,0.0053
200104,iCRD,0.0102
200105,iCRD,0.0215
200106,iCRD,0.0068
200107,iCRD,0.0108
200108,iCRD,0.0127
200109,iCRD,-0.0129
200110,iCRD,0.0161
200111,iCRD,0.009
200112,iCRD,0.0139
200201,iCRD,0.0208
200202,iCRD,0.0045
200203,iCRD,0.0161
200204,iCRD,0.0142
200205,iCRD,0.0036
200206,iCRD,-0.0185
200207,iCRD,-0.029
200208,iCRD,0.01
200209,iCRD,0.002
200210,iCRD,-0.0012
200211,iCRD,0.0301
200212,iCRD,0.0176
200301,iCRD,0.0286
200302,iCRD,0.0097
200303,iCRD,0.0127
200304,iCRD,0.0316
200305,iCRD,0.0164
200306,iCRD,0.0243
200307,iCRD,0.006
200308,iCRD,0.0105
200309,iCRD,0.0187
200310,iCRD,0.0192
200311,iCRD,0.0103
200312,iCRD,0.018
200401,iCRD,0.022
200402,iCRD,0.0071
200403,iCRD,0.0028
200404,iCRD,0.0115
200405,iCRD,0.0022
200406,iCRD,0.0125
200407,iCRD,0.0043
200408,iCRD,0.0063
200409,iCRD,0.0076
200410,iCRD,0.0115
200411,iCRD,0.0246
200412,iCRD,0.0201
200501,iCRD,0.0043
200502,iCRD,0.0145
200503,iCRD,0.0025
200504,iCRD,-0.0039
200505,iCRD,0.0022
200506,iCRD,0.0128
200507,iCRD,0.0189
200508,iCRD,0.013
200509,iCRD,0.0138
200510,iCRD,-0.0016
200511,iCRD,0.0064
200512,iCRD,0.0162
200601,iCRD,0.0221
200602,iCRD,0.0059
200603,iCRD,0.0156
200604,iCRD,0.0127
200605,iCRD,0.0094
200606,iCRD,0.0003
200607,iCRD,0.0049
200608,iCRD,0.0076
200609,iCRD,0.0067
200610,iCRD,0.0157
200611,iCRD,0.0185
200612,iCRD,0.0176
200701,iCRD,0.0163
200702,iCRD,0.0196
200703,iCRD,0.011
200704,iCRD,0.0125
200705,iCRD,0.0147
200706,iCRD,0.0107
200707,iCRD,0.0097
200708,iCRD,-0.005
200709,iCRD,0.0104
200710,iCRD,0.0175
200711,iCRD,-0.004
200712,iCRD,-0.0007
200801,iCRD,0.0001
200802,iCRD,0.007
200803,iCRD,-0.0198
200804,iCRD,0.0124
200805,iCRD,0.0117
200806,iCRD,-0.0006
200807,iCRD,-0.0145
200808,iCRD,-0.0025
200809,iCRD,-0.0519
200810,iCRD,-0.0681
200811,iCRD,-0.0337
200812,iCRD,-0.0165
200901,iCRD,0.0257
200902,iCRD,0.0068
200903,iCRD,0.0052
200904,iCRD,0.0351
200905,iCRD,0.0554
200906,iCRD,0.0322
200907,iCRD,0.0388
200908,iCRD,0.0326
200909,iCRD,0.0391
200910,iCRD,0.0225
200911,iCRD,0.0141
200912,iCRD,0.0211
201001,iCRD,0.0259
201002,iCRD,0.0057
201003,iCRD,0.0235
201004,iCRD,0.0216
201005,iCRD,-0.0113
201006,iCRD,0.0029
201007,iCRD,0.0112
201008,iCRD,0.0087
201009,iCRD,0.0188
201010,iCRD,0.017
201011,iCRD,0.0082
201012,iCRD,0.0155
201101,iCRD,0.022
201102,iCRD,0.0142
201103,iCRD,0.0039
201104,iCRD,0.0094
201105,iCRD,0.0019
201106,iCRD,-0.0067
201107,iCRD,0.0027
201108,iCRD,-0.0246
201109,iCRD,-0.0196
201110,iCRD,0.0099
201111,iCRD,-0.0029
201112,iCRD,0.004
201201,iCRD,0.0216
201202,iCRD,0.0169
201203,iCRD,0.0108
201204,iCRD,0.0063
201205,iCRD,-0.0039
201206,iCRD,0.005
201207,iCRD,0.013
201208,iCRD,0.0131
201209,iCRD,0.016
201210,iCRD,0.0117
201211,iCRD,0.0062
201212,iCRD,0.0146
201301,iCRD,0.0228
201302,iCRD,0.0077
201303,iCRD,0.0131
201304,iCRD,0.0137
201305,iCRD,0.0145
201306,iCRD,-0.0106
201307,iCRD,0.0106
201308,iCRD,0.0043
201309,iCRD,0.0098
201310,iCRD,0.0142
201311,iCRD,0.009
201312,iCRD,0.0099
201401,iCRD,0.0128
201402,iCRD,0.0137
201403,iCRD,0.0066
201404,iCRD,0.0057
201405,iCRD,0.0078
201406,iCRD,0.0107
201407,iCRD,0.0019
201408,iCRD,0.0008
201409,iCRD,-0.0036
201410,iCRD,-0.0075
201411,iCRD,0.0021
201412,iCRD,-0.004
201501,iCRD,-0.0007
201502,iCRD,0.0126
201503,iCRD,0.0048
201504,iCRD,0.0092
201505,iCRD,0.0054
201506,iCRD,-0.0074
201507,iCRD,-0.0012
201508,iCRD,-0.0095
201509,iCRD,-0.0105
201510,iCRD,0.001
201511,iCRD,-0.0058
201512,iCRD,-0.0108
201601,iCRD,-0.0159
201602,iCRD,-0.0127
201603,iCRD,0.0155
201604,iCRD,0.02
201605,iCRD,0.0123
201606,iCRD,0.0013
201607,iCRD,0.0161
201608,iCRD,0.0139
201609,iCRD,0.0094
201610,iCRD,0.0112
201611,iCRD,0.008
201612,iCRD,0.0146
201701,iCRD,0.0161
201702,iCRD,0.0093
201703,iCRD,0.0005
201704,iCRD,0.0058
201705,iCRD,0.0038
201706,iCRD,0.0037
201707,iCRD,0.009
201708,iCRD,0.0034
201709,iCRD,0.0066
201710,iCRD,0.0052
201711,iCRD,0.0027
201712,iCRD,0.0088
201801,iCRD,0.0129
201802,iCRD,0.001
201803,iCRD,-0.0003
201804,iCRD,0.0058
201805,iCRD,0.0053
201806,iCRD,0.0031
201807,iCRD,0.007
201808,iCRD,0.0019
201809,iCRD,0.0041
201810,iCRD,-0.0046
201811,iCRD,-0.0102
201812,iCRD,-0.0144
201901,iCRD,0.0156
201902,iCRD,0.007
201903,iCRD,0.0018
201904,iCRD,0.0104
201905,iCRD,0.0025
201906,iCRD,0.0033
201907,iCRD,0.0007
201908,iCRD,-0.0101
201909,iCRD,0.0
201910,iCRD,-0.0028
201911,iCRD,-0.0014
201912,iCRD,0.0158
202001,iCRD,0.0074
202002,iCRD,-0.0043
202003,iCRD,-0.1173
202004,iCRD,0.0193
202005,iCRD,0.0297
202006,iCRD,0.0297
202007,iCRD,0.0146
202008,iCRD,0.0166
202009,iCRD,0.0067
202010,iCRD,0.0014
202011,iCRD,0.0342
202012,iCRD,0.0241
202101,iCRD,0.0203
202102,iCRD,0.0181
202103,iCRD,0.0099
202104,iCRD,0.0133
202105,iCRD,0.01
202106,iCRD,0.0061
202107,iCRD,0.0006
202108,iCRD,0.0064
202109,iCRD,0.0091
202110,iCRD,0.0041
202111,iCRD,-0.0022
202112,iCRD,0.0073
202201,iCRD,0.0025
202202,iCRD,0.003
202203,iCRD,0.0082
202204,iCRD,0.0015
202205,iCRD,-0.0094
202206,iCRD,-0.022
202207,iCRD,0.0098
202208,iCRD,0.0126
202209,iCRD,-0.0133
202210,iCRD,0.0017
202211,iCRD,0.0072
202212,iCRD,0.0033
202301,iCRD,0.02
202302,iCRD,0.0047
202303,iCRD,-0.0076
202304,iCRD,0.0048
202305,iCRD,0.0028
202306,iCRD,0.0109
202307,iCRD,0.0103
202308,iCRD,0.0061
202309,iCRD,0.0056
202310,iCRD,-0.0017
202311,iCRD,0.0119
202312,iCRD,0.0141
202401,iCRD,0.01
202402,iCRD,0.0082
202403,iCRD,0.0121
202404,iCRD,0.0036
202405,iCRD,0.0101
202406,iCRD,0.0051
202407,iCRD,0.0104
202408,iCRD,0.0063
202409,iCRD,0.0118
202410,iCRD,0.0063
202411,iCRD,0.0111
202412,iCRD,0.0063
202501,iCRD,0.0107
202502,iCRD,0.0068
202503,iCRD,-0.0024
202504,iCRD,-0.0006
202505,iCRD,0.0139
202506,iCRD,0.0107
202507,iCRD,0.0079
202508,iCRD,0.0083
202509,iCRD,0.0085
202510,iCRD,0.0055
202511,iCRD,0.0007
202512,iCRD,0.0053
202601,iCRD,0.0104
202602,iCRD,0.0027
202603,iCRD,-0.0045
202604,iCRD,0.0163
199801,iCRDCBA,0.0106
199802,iCRDCBA,0.0096
199803,iCRDCBA,0.0121
199804,iCRDCBA,0.0133
199805,iCRDCBA,0.007
199806,iCRDCBA,0.0028
199807,iCRDCBA,0.0023
199808,iCRDCBA,0.0032
199809,iCRDCBA,0.0021
199810,iCRDCBA,0.0052
199811,iCRDCBA,0.0114
199812,iCRDCBA,0.0111
199901,iCRDCBA,0.0087
199902,iCRDCBA,0.0063
199903,iCRDCBA,0.0075
199904,iCRDCBA,0.0155
199905,iCRDCBA,0.0096
199906,iCRDCBA,0.0071
199907,iCRDCBA,0.0071
199908,iCRDCBA,0.0026
199909,iCRDCBA,0.0126
199910,iCRDCBA,0.011
199911,iCRDCBA,0.0116
199912,iCRDCBA,0.0204
200001,iCRDCBA,0.014
200002,iCRDCBA,0.0158
200003,iCRDCBA,0.0166
200004,iCRDCBA,0.0286
200005,iCRDCBA,0.018
200006,iCRDCBA,0.016
200007,iCRDCBA,0.0103
200008,iCRDCBA,0.0189
200009,iCRDCBA,0.0173
200010,iCRDCBA,0.0206
200011,iCRDCBA,0.019
200012,iCRDCBA,0.0208
200101,iCRDCBA,0.021
200102,iCRDCBA,0.0191
200103,iCRDCBA,0.0213
200104,iCRDCBA,0.0199
200105,iCRDCBA,0.0049
200106,iCRDCBA,0.012
200107,iCRDCBA,0.0102
200108,iCRDCBA,0.0125
200109,iCRDCBA,0.0211
200110,iCRDCBA,0.0067
200111,iCRDCBA,0.002
200112,iCRDCBA,0.0089
200201,iCRDCBA,0.0113
200202,iCRDCBA,0.0081
200203,iCRDCBA,0.0042
200204,iCRDCBA,0.007
200205,iCRDCBA,-0.0045
200206,iCRDCBA,0.013
200207,iCRDCBA,0.0051
200208,iCRDCBA,-0.001
200209,iCRDCBA,0.0101
200210,iCRDCBA,0.0214
200211,iCRDCBA,0.0173
200212,iCRDCBA,0.0098
200301,iCRDCBA,0.018
200302,iCRDCBA,0.0082
200303,iCRDCBA,0.0038
200304,iCRDCBA,0.0061
200305,iCRDCBA,0.0055
200306,iCRDCBA,0.0002
200307,iCRDCBA,0.0016
200308,iCRDCBA,0.0007
200309,iCRDCBA,0.0059
200310,iCRDCBA,0.0026
200311,iCRDCBA,0.0003
200312,iCRDCBA,0.006
200401,iCRDCBA,0.0072
200402,iCRDCBA,0.0049
200403,iCRDCBA,0.0159
200404,iCRDCBA,0.0036
200405,iCRDCBA,-0.0147
200406,iCRDCBA,-0.0136
200407,iCRDCBA,-0.0132
200408,iCRDCBA,-0.0014
200409,iCRDCBA,-0.0071
200410,iCRDCBA,-0.0028
200411,iCRDCBA,0.0043
200412,iCRDCBA,-0.0016
200501,iCRDCBA,-0.0027
200502,iCRDCBA,0.0077
200503,iCRDCBA,-0.0015
200504,iCRDCBA,-0.0038
200505,iCRDCBA,-0.0189
200506,iCRDCBA,0.0011
200507,iCRDCBA,0.0155
200508,iCRDCBA,0.0137
200509,iCRDCBA,0.019
200510,iCRDCBA,0.0077
200511,iCRDCBA,0.0166
200512,iCRDCBA,0.0376
200601,iCRDCBA,0.0393
200602,iCRDCBA,0.0108
200603,iCRDCBA,0.0156
200604,iCRDCBA,0.0102
200605,iCRDCBA,0.0085
200606,iCRDCBA,0.0012
200607,iCRDCBA,0.0034
200608,iCRDCBA,0.0117
200609,iCRDCBA,0.0107
200610,iCRDCBA,0.0084
200611,iCRDCBA,0.0134
200612,iCRDCBA,0.012
200701,iCRDCBA,0.0208
200702,iCRDCBA,0.0153
200703,iCRDCBA,0.009
200704,iCRDCBA,0.0136
200705,iCRDCBA,0.0176
200706,iCRDCBA,-0.001
200707,iCRDCBA,0.0043
200708,iCRDCBA,-0.017
200709,iCRDCBA,0.0213
200710,iCRDCBA,0.0293
200711,iCRDCBA,0.0019
200712,iCRDCBA,-0.0027
200801,iCRDCBA,0.0049
200802,iCRDCBA,0.0093
200803,iCRDCBA,-0.0225
200804,iCRDCBA,0.0002
200805,iCRDCBA,0.0117
200806,iCRDCBA,-0.0041
200807,iCRDCBA,-0.0141
200808,iCRDCBA,-0.0079
200809,iCRDCBA,-0.0835
200810,iCRDCBA,-0.0675
200811,iCRDCBA,-0.0079
200812,iCRDCBA,0.0044
200901,iCRDCBA,0.0367
200902,iCRDCBA,0.0273
200903,iCRDCBA,0.0265
200904,iCRDCBA,0.0557
200905,iCRDCBA,0.0626
200906,iCRDCBA,0.0247
200907,iCRDCBA,0.0636
200908,iCRDCBA,0.0436
200909,iCRDCBA,0.038
200910,iCRDCBA,0.0134
200911,iCRDCBA,0.0032
200912,iCRDCBA,0.0211
201001,iCRDCBA,0.016
201002,iCRDCBA,0.0029
201003,iCRDCBA,0.0373
201004,iCRDCBA,0.0236
201005,iCRDCBA,-0.0283
201006,iCRDCBA,0.0007
201007,iCRDCBA,0.0179
201008,iCRDCBA,0.0072
201009,iCRDCBA,0.0178
201010,iCRDCBA,0.0209
201011,iCRDCBA,0.002
201012,iCRDCBA,0.0159
201101,iCRDCBA,0.0207
201102,iCRDCBA,0.0128
201103,iCRDCBA,0.0021
201104,iCRDCBA,0.007
201105,iCRDCBA,-0.0041
201106,iCRDCBA,-0.0132
201107,iCRDCBA,-0.0057
201108,iCRDCBA,-0.022
201109,iCRDCBA,-0.0242
201110,iCRDCBA,0.0157
201111,iCRDCBA,-0.0115
201112,iCRDCBA,0.0028
201201,iCRDCBA,0.0237
201202,iCRDCBA,0.0203
201203,iCRDCBA,0.0024
201204,iCRDCBA,-0.005
201205,iCRDCBA,-0.0169
201206,iCRDCBA,0.0044
201207,iCRDCBA,0.0049
201208,iCRDCBA,0.0074
201209,iCRDCBA,0.0021
201210,iCRDCBA,0.0008
201211,iCRDCBA,0.0026
201212,iCRDCBA,0.0145
201301,iCRDCBA,0.0271
201302,iCRDCBA,0.0054
201303,iCRDCBA,0.015
201304,iCRDCBA,0.0163
201305,iCRDCBA,0.0174
201306,iCRDCBA,-0.0132
201307,iCRDCBA,0.0136
201308,iCRDCBA,0.0021
201309,iCRDCBA,0.014
201310,iCRDCBA,0.0148
201311,iCRDCBA,0.0038
201312,iCRDCBA,0.0081
201401,iCRDCBA,0.0132
201402,iCRDCBA,0.0164
201403,iCRDCBA,0.0054
201404,iCRDCBA,0.0051
201405,iCRDCBA,0.011
201406,iCRDCBA,0.0125
201407,iCRDCBA,-0.0038
201408,iCRDCBA,0.0009
201409,iCRDCBA,-0.0087
201410,iCRDCBA,-0.0023
201411,iCRDCBA,0.0093
201412,iCRDCBA,-0.0001
201501,iCRDCBA,0.0074
201502,iCRDCBA,0.0179
201503,iCRDCBA,0.0007
201504,iCRDCBA,0.0256
201505,iCRDCBA,0.0063
201506,iCRDCBA,-0.0171
201507,iCRDCBA,-0.0037
201508,iCRDCBA,-0.0183
201509,iCRDCBA,-0.0135
201510,iCRDCBA,0.0253
201511,iCRDCBA,0.0028
201512,iCRDCBA,-0.0077
201601,iCRDCBA,-0.0179
201602,iCRDCBA,0.0036
201603,iCRDCBA,0.0126
201604,iCRDCBA,0.0125
201605,iCRDCBA,0.0036
201606,iCRDCBA,-0.0005
201607,iCRDCBA,0.0249
201608,iCRDCBA,0.0141
201609,iCRDCBA,0.0112
201610,iCRDCBA,0.0081
201611,iCRDCBA,0.0052
201612,iCRDCBA,0.0112
201701,iCRDCBA,0.0111
201702,iCRDCBA,0.0111
201703,iCRDCBA,0.0035
201704,iCRDCBA,0.011
201705,iCRDCBA,0.0016
201706,iCRDCBA,0.0072
201707,iCRDCBA,0.0085
201708,iCRDCBA,-0.0016
201709,iCRDCBA,0.006
201710,iCRDCBA,0.0174
201711,iCRDCBA,-0.0038
201712,iCRDCBA,0.0089
201801,iCRDCBA,0.0154
201802,iCRDCBA,0.0023
201803,iCRDCBA,-0.0083
201804,iCRDCBA,0.0042
201805,iCRDCBA,-0.004
201806,iCRDCBA,-0.0076
201807,iCRDCBA,-0.0026
201808,iCRDCBA,-0.0021
201809,iCRDCBA,0.0063
201810,iCRDCBA,-0.0242
201811,iCRDCBA,0.0012
201812,iCRDCBA,-0.0022
201901,iCRDCBA,0.024
201902,iCRDCBA,0.0104
201903,iCRDCBA,0.0083
201904,iCRDCBA,0.0124
201905,iCRDCBA,-0.0011
201906,iCRDCBA,0.0067
201907,iCRDCBA,0.0038
201908,iCRDCBA,0.0074
201909,iCRDCBA,-0.0012
201910,iCRDCBA,0.0014
201911,iCRDCBA,0.0045
201912,iCRDCBA,0.0135
202001,iCRDCBA,0.0104
202002,iCRDCBA,0.0113
202003,iCRDCBA,-0.0561
202004,iCRDCBA,0.0358
202005,iCRDCBA,0.0148
202006,iCRDCBA,0.0315
202007,iCRDCBA,0.0353
202008,iCRDCBA,0.0298
202009,iCRDCBA,0.0147
202010,iCRDCBA,0.0093
202011,iCRDCBA,0.0365
202012,iCRDCBA,0.0363
202101,iCRDCBA,0.0364
202102,iCRDCBA,0.0268
202103,iCRDCBA,-0.0052
202104,iCRDCBA,-0.0009
202105,iCRDCBA,0.0049
202106,iCRDCBA,0.0033
202107,iCRDCBA,-0.0044
202108,iCRDCBA,0.0002
202109,iCRDCBA,0.0135
202110,iCRDCBA,0.0138
202111,iCRDCBA,-0.0011
202112,iCRDCBA,0.0014
202201,iCRDCBA,-0.0022
202202,iCRDCBA,-0.0023
202203,iCRDCBA,0.0005
202204,iCRDCBA,-0.0036
202205,iCRDCBA,-0.0213
202206,iCRDCBA,-0.0097
202207,iCRDCBA,0.0062
202208,iCRDCBA,0.0204
202209,iCRDCBA,-0.0171
202210,iCRDCBA,-0.0029
202211,iCRDCBA,0.0052
202212,iCRDCBA,0.0186
202301,iCRDCBA,0.0259
202302,iCRDCBA,0.005
202303,iCRDCBA,-0.0037
202304,iCRDCBA,0.0036
202305,iCRDCBA,0.0065
202306,iCRDCBA,0.0089
202307,iCRDCBA,0.0116
202308,iCRDCBA,0.0027
202309,iCRDCBA,0.0051
202310,iCRDCBA,-0.0107
202311,iCRDCBA,0.0076
202312,iCRDCBA,0.0184
202401,iCRDCBA,0.0059
202402,iCRDCBA,0.0117
202403,iCRDCBA,0.018
202404,iCRDCBA,0.0053
202405,iCRDCBA,0.0074
202406,iCRDCBA,0.0057
202407,iCRDCBA,0.0092
202408,iCRDCBA,0.0114
202409,iCRDCBA,0.0175
202410,iCRDCBA,0.011
202411,iCRDCBA,0.0106
202412,iCRDCBA,0.008
202501,iCRDCBA,0.0159
202502,iCRDCBA,0.0145
202503,iCRDCBA,0.0024
202504,iCRDCBA,0.0014
202505,iCRDCBA,0.0057
202506,iCRDCBA,0.0055
202507,iCRDCBA,0.0154
202508,iCRDCBA,0.0131
202509,iCRDCBA,0.0195
202510,iCRDCBA,0.0147
202511,iCRDCBA,0.0006
202512,iCRDCBA,0.0054
202601,iCRDCBA,0.0158
202602,iCRDCBA,0.0
202603,iCRDCBA,-0.0012
202604,iCRDCBA,0.0255
199801,iCRDDSS,0.0125
199802,iCRDDSS,0.0128
199803,iCRDDSS,0.0192
199804,iCRDDSS,0.0132
199805,iCRDDSS,0.0084
199806,iCRDDSS,0.0088
199807,iCRDDSS,0.0047
199808,iCRDDSS,-0.0274
199809,iCRDDSS,-0.0386
199810,iCRDDSS,-0.0008
199811,iCRDDSS,0.0138
199812,iCRDDSS,-0.0034
199901,iCRDDSS,0.0035
199902,iCRDDSS,-0.0062
199903,iCRDDSS,0.0317
199904,iCRDDSS,0.0563
199905,iCRDDSS,0.0149
199906,iCRDDSS,0.0181
199907,iCRDDSS,0.002
199908,iCRDDSS,0.0091
199909,iCRDDSS,-0.008
199910,iCRDDSS,-0.0036
199911,iCRDDSS,0.0115
199912,iCRDDSS,0.0033
200001,iCRDDSS,0.0052
200002,iCRDDSS,0.0085
200003,iCRDDSS,-0.004
200004,iCRDDSS,-0.0084
200005,iCRDDSS,0.0031
200006,iCRDDSS,0.0011
200007,iCRDDSS,0.0065
200008,iCRDDSS,0.0015
200009,iCRDDSS,-0.0028
200010,iCRDDSS,-0.0203
200011,iCRDDSS,-0.0107
200012,iCRDDSS,-0.0039
200101,iCRDDSS,0.0399
200102,iCRDDSS,0.0333
200103,iCRDDSS,0.0164
200104,iCRDDSS,-0.0002
200105,iCRDDSS,0.0461
200106,iCRDDSS,0.0212
200107,iCRDDSS,0.0077
200108,iCRDDSS,0.0166
200109,iCRDDSS,-0.0254
200110,iCRDDSS,0.0182
200111,iCRDDSS,0.0157
200112,iCRDDSS,0.0177
200201,iCRDDSS,0.0099
200202,iCRDDSS,-0.0016
200203,iCRDDSS,0.0273
200204,iCRDDSS,0.0099
200205,iCRDDSS,0.0071
200206,iCRDDSS,-0.011
200207,iCRDDSS,-0.0432
200208,iCRDDSS,-0.0049
200209,iCRDDSS,-0.0016
200210,iCRDDSS,-0.0156
200211,iCRDDSS,0.0276
200212,iCRDDSS,0.0239
200301,iCRDDSS,0.0246
200302,iCRDDSS,0.0036
200303,iCRDDSS,0.014
200304,iCRDDSS,0.0495
200305,iCRDDSS,0.0418
200306,iCRDDSS,0.0372
200307,iCRDDSS,0.0188
200308,iCRDDSS,0.0158
200309,iCRDDSS,0.0307
200310,iCRDDSS,0.0379
200311,iCRDDSS,0.0166
200312,iCRDDSS,0.0237
200401,iCRDDSS,0.0286
200402,iCRDDSS,0.0097
200403,iCRDDSS,0.0044
200404,iCRDDSS,0.0065
200405,iCRDDSS,0.0008
200406,iCRDDSS,0.0239
200407,iCRDDSS,0.0014
200408,iCRDDSS,0.0101
200409,iCRDDSS,0.0118
200410,iCRDDSS,0.0126
200411,iCRDDSS,0.0351
200412,iCRDDSS,0.0292
200501,iCRDDSS,0.0032
200502,iCRDDSS,0.0168
200503,iCRDDSS,0.0053
200504,iCRDDSS,-0.0006
200505,iCRDDSS,0.0026
200506,iCRDDSS,0.0181
200507,iCRDDSS,0.0203
200508,iCRDDSS,0.0173
200509,iCRDDSS,0.0195
200510,iCRDDSS,0.0002
200511,iCRDDSS,0.0114
200512,iCRDDSS,0.0239
200601,iCRDDSS,0.0239
200602,iCRDDSS,0.0071
200603,iCRDDSS,0.0246
200604,iCRDDSS,0.0146
200605,iCRDDSS,0.0136
200606,iCRDDSS,0.0021
200607,iCRDDSS,0.0026
200608,iCRDDSS,0.0085
200609,iCRDDSS,0.0052
200610,iCRDDSS,0.0185
200611,iCRDDSS,0.0219
200612,iCRDDSS,0.0173
200701,iCRDDSS,0.0199
200702,iCRDDSS,0.0174
200703,iCRDDSS,0.0073
200704,iCRDDSS,0.0147
200705,iCRDDSS,0.0134
200706,iCRDDSS,0.0072
200707,iCRDDSS,-0.0051
200708,iCRDDSS,-0.0059
200709,iCRDDSS,0.004
200710,iCRDDSS,0.0123
200711,iCRDDSS,-0.011
200712,iCRDDSS,-0.0024
200801,iCRDDSS,-0.0165
200802,iCRDDSS,0.0027
200803,iCRDDSS,-0.0093
200804,iCRDDSS,0.0117
200805,iCRDDSS,0.0061
200806,iCRDDSS,-0.0121
200807,iCRDDSS,-0.0175
200808,iCRDDSS,-0.0069
200809,iCRDDSS,-0.0558
200810,iCRDDSS,-0.0811
200811,iCRDDSS,-0.0586
200812,iCRDDSS,-0.0227
200901,iCRDDSS,0.0164
200902,iCRDDSS,-0.009
200903,iCRDDSS,-0.0014
200904,iCRDDSS,0.0464
200905,iCRDDSS,0.0611
200906,iCRDDSS,0.0355
200907,iCRDDSS,0.0447
200908,iCRDDSS,0.0385
200909,iCRDDSS,0.0553
200910,iCRDDSS,0.0247
200911,iCRDDSS,0.0227
200912,iCRDDSS,0.0355
201001,iCRDDSS,0.0324
201002,iCRDDSS,0.0069
201003,iCRDDSS,0.0357
201004,iCRDDSS,0.0298
201005,iCRDDSS,-0.0246
201006,iCRDDSS,-0.0049
201007,iCRDDSS,0.0085
201008,iCRDDSS,0.0032
201009,iCRDDSS,0.0182
201010,iCRDDSS,0.0244
201011,iCRDDSS,0.0005
201012,iCRDDSS,0.0247
201101,iCRDDSS,0.0256
201102,iCRDDSS,0.0181
201103,iCRDDSS,0.0048
201104,iCRDDSS,0.0094
201105,iCRDDSS,-0.0005
201106,iCRDDSS,-0.0107
201107,iCRDDSS,0.0025
201108,iCRDDSS,-0.0451
201109,iCRDDSS,-0.0382
201110,iCRDDSS,0.0198
201111,iCRDDSS,-0.0142
201112,iCRDDSS,0.0013
201201,iCRDDSS,0.0277
201202,iCRDDSS,0.0216
201203,iCRDDSS,0.0122
201204,iCRDDSS,0.0072
201205,iCRDDSS,-0.0131
201206,iCRDDSS,0.0039
201207,iCRDDSS,0.0113
201208,iCRDDSS,0.0139
201209,iCRDDSS,0.0166
201210,iCRDDSS,0.0101
201211,iCRDDSS,0.0069
201212,iCRDDSS,0.0227
201301,iCRDDSS,0.0248
201302,iCRDDSS,0.0078
201303,iCRDDSS,0.0165
201304,iCRDDSS,0.0146
201305,iCRDDSS,0.0204
201306,iCRDDSS,-0.0111
201307,iCRDDSS,0.0116
201308,iCRDDSS,0.0018
201309,iCRDDSS,0.0128
201310,iCRDDSS,0.0186
201311,iCRDDSS,0.0126
201312,iCRDDSS,0.013
201401,iCRDDSS,0.0096
201402,iCRDDSS,0.0228
201403,iCRDDSS,0.0085
201404,iCRDDSS,0.0063
201405,iCRDDSS,0.01
201406,iCRDDSS,0.0153
201407,iCRDDSS,-0.0011
201408,iCRDDSS,0.0005
201409,iCRDDSS,-0.0161
201410,iCRDDSS,-0.0184
201411,iCRDDSS,-0.0003
201412,iCRDDSS,-0.0158
201501,iCRDDSS,-0.012
201502,iCRDDSS,0.0141
201503,iCRDDSS,0.0
201504,iCRDDSS,0.0116
201505,iCRDDSS,0.0025
201506,iCRDDSS,-0.0153
201507,iCRDDSS,-0.0065
201508,iCRDDSS,-0.0182
201509,iCRDDSS,-0.0167
201510,iCRDDSS,0.0016
201511,iCRDDSS,-0.0141
201512,iCRDDSS,-0.0223
201601,iCRDDSS,-0.0229
201602,iCRDDSS,-0.0127
201603,iCRDDSS,0.0193
201604,iCRDDSS,0.0311
201605,iCRDDSS,0.019
201606,iCRDDSS,0.0059
201607,iCRDDSS,0.0233
201608,iCRDDSS,0.022
201609,iCRDDSS,0.0112
201610,iCRDDSS,0.0179
201611,iCRDDSS,0.0085
201612,iCRDDSS,0.0216
201701,iCRDDSS,0.02
201702,iCRDDSS,0.0101
201703,iCRDDSS,-0.0112
201704,iCRDDSS,0.007
201705,iCRDDSS,0.0006
201706,iCRDDSS,0.0012
201707,iCRDDSS,0.012
201708,iCRDDSS,0.0015
201709,iCRDDSS,0.0075
201710,iCRDDSS,0.0012
201711,iCRDDSS,0.0008
201712,iCRDDSS,0.0181
201801,iCRDDSS,0.016
201802,iCRDDSS,-0.0002
201803,iCRDDSS,-0.0053
201804,iCRDDSS,0.0055
201805,iCRDDSS,0.009
201806,iCRDDSS,0.0032
201807,iCRDDSS,0.0123
201808,iCRDDSS,-0.0036
201809,iCRDDSS,0.0064
201810,iCRDDSS,-0.0102
201811,iCRDDSS,-0.0232
201812,iCRDDSS,-0.0197
201901,iCRDDSS,0.0214
201902,iCRDDSS,0.0042
201903,iCRDDSS,-0.0013
201904,iCRDDSS,0.0097
201905,iCRDDSS,0.0021
201906,iCRDDSS,0.0071
201907,iCRDDSS,-0.0019
201908,iCRDDSS,-0.0264
201909,iCRDDSS,-0.0017
201910,iCRDDSS,-0.0039
201911,iCRDDSS,-0.006
201912,iCRDDSS,0.0149
202001,iCRDDSS,0.0044
202002,iCRDDSS,-0.0096
202003,iCRDDSS,-0.1192
202004,iCRDDSS,0.0177
202005,iCRDDSS,0.0325
202006,iCRDDSS,0.0275
202007,iCRDDSS,0.0171
202008,iCRDDSS,0.0159
202009,iCRDDSS,-0.003
202010,iCRDDSS,-0.0065
202011,iCRDDSS,0.0492
202012,iCRDDSS,0.0305
202101,iCRDDSS,0.0172
202102,iCRDDSS,0.0259
202103,iCRDDSS,0.0151
202104,iCRDDSS,0.0273
202105,iCRDDSS,0.0181
202106,iCRDDSS,0.0082
202107,iCRDDSS,0.0032
202108,iCRDDSS,0.0111
202109,iCRDDSS,0.0131
202110,iCRDDSS,0.0104
202111,iCRDDSS,-0.0074
202112,iCRDDSS,0.0154
202201,iCRDDSS,-0.0024
202202,iCRDDSS,0.0008
202203,iCRDDSS,0.0199
202204,iCRDDSS,-0.0084
202205,iCRDDSS,-0.0147
202206,iCRDDSS,-0.0293
202207,iCRDDSS,0.0011
202208,iCRDDSS,0.0125
202209,iCRDDSS,-0.0201
202210,iCRDDSS,0.0026
202211,iCRDDSS,0.01
202212,iCRDDSS,0.0015
202301,iCRDDSS,0.0222
202302,iCRDDSS,0.0013
202303,iCRDDSS,-0.0147
202304,iCRDDSS,-0.0005
202305,iCRDDSS,0.0086
202306,iCRDDSS,0.0169
202307,iCRDDSS,0.0125
202308,iCRDDSS,0.0034
202309,iCRDDSS,-0.0028
202310,iCRDDSS,-0.0028
202311,iCRDDSS,0.0132
202312,iCRDDSS,0.0183
202401,iCRDDSS,0.0074
202402,iCRDDSS,0.017
202403,iCRDDSS,0.0161
202404,iCRDDSS,0.0058
202405,iCRDDSS,0.0119
202406,iCRDDSS,0.0029
202407,iCRDDSS,0.0118
202408,iCRDDSS,0.01
202409,iCRDDSS,0.0165
202410,iCRDDSS,0.0102
202411,iCRDDSS,0.014
202412,iCRDDSS,0.01
202501,iCRDDSS,0.0064
202502,iCRDDSS,0.001
202503,iCRDDSS,-0.0136
202504,iCRDDSS,-0.0123
202505,iCRDDSS,0.0156
202506,iCRDDSS,0.0178
202507,iCRDDSS,0.014
202508,iCRDDSS,0.0166
202509,iCRDDSS,0.014
202510,iCRDDSS,0.006
202511,iCRDDSS,0.0033
202512,iCRDDSS,0.0156
202601,iCRDDSS,0.013
202602,iCRDDSS,0.0101
202603,iCRDDSS,-0.0088
202604,iCRDDSS,0.022
200401,iCRDLSC,0.0215
200402,iCRDLSC,0.0075
200403,iCRDLSC,-0.0003
200404,iCRDLSC,0.0212
200405,iCRDLSC,-0.0032
200406,iCRDLSC,0.0185
200407,iCRDLSC,0.0143
200408,iCRDLSC,0.0161
200409,iCRDLSC,0.0179
200410,iCRDLSC,0.0266
200411,iCRDLSC,0.0176
200412,iCRDLSC,0.0161
200501,iCRDLSC,0.0068
200502,iCRDLSC,0.0108
200503,iCRDLSC,0.0
200504,iCRDLSC,-0.0064
200505,iCRDLSC,0.0029
200506,iCRDLSC,0.0142
200507,iCRDLSC,0.0138
200508,iCRDLSC,0.0086
200509,iCRDLSC,0.0021
200510,iCRDLSC,-0.0014
200511,iCRDLSC,0.0054
200512,iCRDLSC,0.007
200601,iCRDLSC,0.0152
200602,iCRDLSC,0.0095
200603,iCRDLSC,0.0145
200604,iCRDLSC,0.016
200605,iCRDLSC,0.0054
200606,iCRDLSC,0.0001
200607,iCRDLSC,0.0085
200608,iCRDLSC,0.0087
200609,iCRDLSC,0.0057
200610,iCRDLSC,0.0118
200611,iCRDLSC,0.0122
200612,iCRDLSC,0.0115
200701,iCRDLSC,0.0155
200702,iCRDLSC,0.0161
200703,iCRDLSC,0.0061
200704,iCRDLSC,0.0107
200705,iCRDLSC,0.0082
200706,iCRDLSC,0.0054
200707,iCRDLSC,-0.0083
200708,iCRDLSC,-0.0037
200709,iCRDLSC,0.0163
200710,iCRDLSC,0.013
200711,iCRDLSC,-0.0108
200712,iCRDLSC,-0.0021
200801,iCRDLSC,-0.0163
200802,iCRDLSC,-0.0065
200803,iCRDLSC,-0.0083
200804,iCRDLSC,0.0247
200805,iCRDLSC,0.0128
200806,iCRDLSC,0.0028
200807,iCRDLSC,-0.0116
200808,iCRDLSC,0.0041
200809,iCRDLSC,-0.0443
200810,iCRDLSC,-0.1095
200811,iCRDLSC,-0.0601
200812,iCRDLSC,-0.0438
200901,iCRDLSC,0.0375
200902,iCRDLSC,0.0049
200903,iCRDLSC,0.0103
200904,iCRDLSC,0.0546
200905,iCRDLSC,0.0537
200906,iCRDLSC,0.0355
200907,iCRDLSC,0.0497
200908,iCRDLSC,0.037
200909,iCRDLSC,0.057
200910,iCRDLSC,0.0292
200911,iCRDLSC,0.0168
200912,iCRDLSC,0.0232
201001,iCRDLSC,0.0301
201002,iCRDLSC,0.0044
201003,iCRDLSC,0.0268
201004,iCRDLSC,0.0236
201005,iCRDLSC,-0.0114
201006,iCRDLSC,0.0034
201007,iCRDLSC,0.0125
201008,iCRDLSC,0.007
201009,iCRDLSC,0.012
201010,iCRDLSC,0.0154
201011,iCRDLSC,0.0003
201012,iCRDLSC,0.0132
201101,iCRDLSC,0.0182
201102,iCRDLSC,0.0091
201103,iCRDLSC,0.0048
201104,iCRDLSC,0.0075
201105,iCRDLSC,0.0027
201106,iCRDLSC,-0.0026
201107,iCRDLSC,0.0067
201108,iCRDLSC,-0.0252
201109,iCRDLSC,-0.0137
201110,iCRDLSC,0.0172
201111,iCRDLSC,-0.0074
201112,iCRDLSC,0.0025
201201,iCRDLSC,0.0192
201202,iCRDLSC,0.0168
201203,iCRDLSC,0.0108
201204,iCRDLSC,0.0073
201205,iCRDLSC,-0.001
201206,iCRDLSC,0.001
201207,iCRDLSC,0.0085
201208,iCRDLSC,0.0075
201209,iCRDLSC,0.0097
201210,iCRDLSC,0.0082
201211,iCRDLSC,0.0096
201212,iCRDLSC,0.0109
201301,iCRDLSC,0.016
201302,iCRDLSC,0.0049
201303,iCRDLSC,0.0096
201304,iCRDLSC,0.0114
201305,iCRDLSC,0.0081
201306,iCRDLSC,-0.0097
201307,iCRDLSC,0.0104
201308,iCRDLSC,0.0027
201309,iCRDLSC,0.0096
201310,iCRDLSC,0.0132
201311,iCRDLSC,0.0066
201312,iCRDLSC,0.0073
201401,iCRDLSC,0.0088
201402,iCRDLSC,0.0106
201403,iCRDLSC,0.0058
201404,iCRDLSC,0.0056
201405,iCRDLSC,0.0072
201406,iCRDLSC,0.0078
201407,iCRDLSC,-0.0013
201408,iCRDLSC,0.0027
201409,iCRDLSC,-0.0074
201410,iCRDLSC,-0.007
201411,iCRDLSC,-0.0028
201412,iCRDLSC,-0.0087
201501,iCRDLSC,0.0006
201502,iCRDLSC,0.0132
201503,iCRDLSC,0.0041
201504,iCRDLSC,0.0066
201505,iCRDLSC,0.0035
201506,iCRDLSC,-0.0046
201507,iCRDLSC,-0.0031
201508,iCRDLSC,-0.0073
201509,iCRDLSC,-0.0086
201510,iCRDLSC,0.0003
201511,iCRDLSC,-0.0063
201512,iCRDLSC,-0.0112
201601,iCRDLSC,-0.0112
201602,iCRDLSC,-0.0105
201603,iCRDLSC,0.0208
201604,iCRDLSC,0.0184
201605,iCRDLSC,0.0131
201606,iCRDLSC,-0.0003
201607,iCRDLSC,0.01
201608,iCRDLSC,0.0112
201609,iCRDLSC,0.0059
201610,iCRDLSC,0.0077
201611,iCRDLSC,-0.0014
201612,iCRDLSC,0.0135
201701,iCRDLSC,0.0111
201702,iCRDLSC,0.0064
201703,iCRDLSC,0.0007
201704,iCRDLSC,0.0071
201705,iCRDLSC,0.0086
201706,iCRDLSC,0.0008
201707,iCRDLSC,0.0092
201708,iCRDLSC,0.0006
201709,iCRDLSC,0.0064
201710,iCRDLSC,0.0037
201711,iCRDLSC,0.0037
201712,iCRDLSC,0.0093
201801,iCRDLSC,0.0109
201802,iCRDLSC,0.0056
201803,iCRDLSC,-0.0018
201804,iCRDLSC,0.0067
201805,iCRDLSC,0.0092
201806,iCRDLSC,0.0021
201807,iCRDLSC,0.0018
201808,iCRDLSC,0.0015
201809,iCRDLSC,0.0045
201810,iCRDLSC,-0.0058
201811,iCRDLSC,-0.0106
201812,iCRDLSC,-0.0127
201901,iCRDLSC,0.017
201902,iCRDLSC,0.0095
201903,iCRDLSC,0.0027
201904,iCRDLSC,0.0108
201905,iCRDLSC,-0.0033
201906,iCRDLSC,0.0019
201907,iCRDLSC,0.0026
201908,iCRDLSC,-0.0029
201909,iCRDLSC,0.0008
201910,iCRDLSC,-0.002
201911,iCRDLSC,0.0024
201912,iCRDLSC,0.0131
202001,iCRDLSC,0.0097
202002,iCRDLSC,-0.0019
202003,iCRDLSC,-0.089
202004,iCRDLSC,0.0208
202005,iCRDLSC,0.0296
202006,iCRDLSC,0.0247
202007,iCRDLSC,0.0168
202008,iCRDLSC,0.0159
202009,iCRDLSC,0.0005
202010,iCRDLSC,0.0051
202011,iCRDLSC,0.0298
202012,iCRDLSC,0.0204
202101,iCRDLSC,0.0104
202102,iCRDLSC,0.0109
202103,iCRDLSC,0.0031
202104,iCRDLSC,0.0071
202105,iCRDLSC,0.004
202106,iCRDLSC,0.0028
202107,iCRDLSC,-0.001
202108,iCRDLSC,0.0046
202109,iCRDLSC,0.0028
202110,iCRDLSC,-0.0022
202111,iCRDLSC,-0.0019
202112,iCRDLSC,0.005
202201,iCRDLSC,-0.0038
202202,iCRDLSC,-0.0048
202203,iCRDLSC,-0.0044
202204,iCRDLSC,-0.0068
202205,iCRDLSC,-0.0065
202206,iCRDLSC,-0.0253
202207,iCRDLSC,0.0117
202208,iCRDLSC,0.0065
202209,iCRDLSC,-0.0142
202210,iCRDLSC,0.0066
202211,iCRDLSC,0.0173
202212,iCRDLSC,0.0036
202301,iCRDLSC,0.0247
202302,iCRDLSC,0.0037
202303,iCRDLSC,-0.0078
202304,iCRDLSC,0.0075
202305,iCRDLSC,0.0042
202306,iCRDLSC,0.009
202307,iCRDLSC,0.0118
202308,iCRDLSC,0.0045
202309,iCRDLSC,0.0043
202310,iCRDLSC,-0.0017
202311,iCRDLSC,0.0191
202312,iCRDLSC,0.0175
202401,iCRDLSC,0.0109
202402,iCRDLSC,0.008
202403,iCRDLSC,0.0091
202404,iCRDLSC,0.002
202405,iCRDLSC,0.0077
202406,iCRDLSC,0.0033
202407,iCRDLSC,0.0087
202408,iCRDLSC,0.0094
202409,iCRDLSC,0.0112
202410,iCRDLSC,0.0054
202411,iCRDLSC,0.0075
202412,iCRDLSC,0.0052
202501,iCRDLSC,0.01
202502,iCRDLSC,0.0089
202503,iCRDLSC,-0.0065
202504,iCRDLSC,-0.0031
202505,iCRDLSC,0.0132
202506,iCRDLSC,0.0076
202507,iCRDLSC,0.0099
202508,iCRDLSC,0.0079
202509,iCRDLSC,0.0107
202510,iCRDLSC,0.0038
202511,iCRDLSC,-0.0016
202512,iCRDLSC,0.003
202601,iCRDLSC,0.0095
202602,iCRDLSC,0.0014
202603,iCRDLSC,-0.0078
202604,iCRDLSC,0.0165
200001,iCRDMBS,-0.0219
200002,iCRDMBS,0.0175
200003,iCRDMBS,-0.0093
200004,iCRDMBS,0.0436
200005,iCRDMBS,0.0295
200006,iCRDMBS,0.0026
200007,iCRDMBS,0.0125
200008,iCRDMBS,0.0079
200009,iCRDMBS,0.0345
200010,iCRDMBS,0.0174
200011,iCRDMBS,0.0278
200012,iCRDMBS,-0.0107
200101,iCRDMBS,0.0541
200102,iCRDMBS,0.0001
200103,iCRDMBS,0.0455
200104,iCRDMBS,0.0075
200105,iCRDMBS,0.0152
200106,iCRDMBS,-0.0019
200107,iCRDMBS,-0.01
200108,iCRDMBS,0.0082
200109,iCRDMBS,0.0145
200110,iCRDMBS,0.0311
200111,iCRDMBS,0.0908
200112,iCRDMBS,0.0281
200201,iCRDMBS,-0.0025
200202,iCRDMBS,0.0086
200203,iCRDMBS,0.0286
200204,iCRDMBS,0.0108
200205,iCRDMBS,0.0181
200206,iCRDMBS,0.0095
200207,iCRDMBS,0.0222
200208,iCRDMBS,0.019
200209,iCRDMBS,0.0679
200210,iCRDMBS,-0.0001
200211,iCRDMBS,0.0126
200212,iCRDMBS,0.0569
200301,iCRDMBS,0.0296
200302,iCRDMBS,0.0266
200303,iCRDMBS,-0.008
200304,iCRDMBS,0.0012
200305,iCRDMBS,0.0014
200306,iCRDMBS,0.0148
200307,iCRDMBS,-0.0057
200308,iCRDMBS,-0.0157
200309,iCRDMBS,-0.022
200310,iCRDMBS,0.0027
200311,iCRDMBS,0.0214
200312,iCRDMBS,0.028
200401,iCRDMBS,0.022
200402,iCRDMBS,0.0177
200403,iCRDMBS,0.0058
200404,iCRDMBS,-0.0076
200405,iCRDMBS,-0.0042
200406,iCRDMBS,0.0091
200407,iCRDMBS,-0.0043
200408,iCRDMBS,0.0165
200409,iCRDMBS,0.0096
200410,iCRDMBS,0.0116
200411,iCRDMBS,0.006
200412,iCRDMBS,0.0086
200501,iCRDMBS,-0.0066
200502,iCRDMBS,0.0127
200503,iCRDMBS,0.004
200504,iCRDMBS,0.0036
200505,iCRDMBS,0.0071
200506,iCRDMBS,0.0003
200507,iCRDMBS,0.016
200508,iCRDMBS,0.0006
200509,iCRDMBS,-0.003
200510,iCRDMBS,0.0233
200511,iCRDMBS,-0.0027
200512,iCRDMBS,0.0016
200601,iCRDMBS,0.0027
200602,iCRDMBS,0.0069
200603,iCRDMBS,0.0152
200604,iCRDMBS,0.0073
200605,iCRDMBS,0.01
200606,iCRDMBS,0.0066
200607,iCRDMBS,-0.0003
200608,iCRDMBS,0.0081
200609,iCRDMBS,0.0064
200610,iCRDMBS,0.0116
200611,iCRDMBS,0.0032
200612,iCRDMBS,0.016
200701,iCRDMBS,0.0078
200702,iCRDMBS,0.013
200703,iCRDMBS,0.0117
200704,iCRDMBS,0.0111
200705,iCRDMBS,0.008
200706,iCRDMBS,0.005
200707,iCRDMBS,-0.0079
200708,iCRDMBS,0.0051
200709,iCRDMBS,0.0174
200710,iCRDMBS,0.0232
200711,iCRDMBS,0.0033
200712,iCRDMBS,0.0345
200801,iCRDMBS,0.0354
200802,iCRDMBS,0.0289
200803,iCRDMBS,-0.0107
200804,iCRDMBS,0.0011
200805,iCRDMBS,0.008
200806,iCRDMBS,0.0059
200807,iCRDMBS,0.019
200808,iCRDMBS,0.0009
200809,iCRDMBS,-0.0882
200810,iCRDMBS,0.0142
200811,iCRDMBS,-0.1337
200812,iCRDMBS,0.0224
200901,iCRDMBS,0.0603
200902,iCRDMBS,0.0284
200903,iCRDMBS,0.0275
200904,iCRDMBS,0.0225
200905,iCRDMBS,0.0547
200906,iCRDMBS,0.0333
200907,iCRDMBS,0.0654
200908,iCRDMBS,0.0535
200909,iCRDMBS,0.0343
200910,iCRDMBS,0.0344
200911,iCRDMBS,0.0226
200912,iCRDMBS,0.0217
201001,iCRDMBS,0.0264
201002,iCRDMBS,0.0026
201003,iCRDMBS,0.0168
201004,iCRDMBS,0.0268
201005,iCRDMBS,0.0121
201006,iCRDMBS,0.0169
201007,iCRDMBS,0.0184
201008,iCRDMBS,0.0363
201009,iCRDMBS,0.0258
201010,iCRDMBS,0.0375
201011,iCRDMBS,0.0307
201012,iCRDMBS,0.0142
201101,iCRDMBS,0.0309
201102,iCRDMBS,0.0179
201103,iCRDMBS,0.0103
201104,iCRDMBS,0.0173
201105,iCRDMBS,0.0153
201106,iCRDMBS,-0.0033
201107,iCRDMBS,0.0095
201108,iCRDMBS,-0.0075
201109,iCRDMBS,-0.0081
201110,iCRDMBS,-0.0054
201111,iCRDMBS,0.0126
201112,iCRDMBS,0.0101
201201,iCRDMBS,0.0219
201202,iCRDMBS,0.0218
201203,iCRDMBS,0.0156
201204,iCRDMBS,0.0119
201205,iCRDMBS,0.0091
201206,iCRDMBS,0.0095
201207,iCRDMBS,0.0217
201208,iCRDMBS,0.0186
201209,iCRDMBS,0.0234
201210,iCRDMBS,0.0185
201211,iCRDMBS,0.0108
201212,iCRDMBS,0.0135
201301,iCRDMBS,0.026
201302,iCRDMBS,0.0075
201303,iCRDMBS,0.0107
201304,iCRDMBS,0.0131
201305,iCRDMBS,0.0067
201306,iCRDMBS,-0.0125
201307,iCRDMBS,0.0082
201308,iCRDMBS,0.008
201309,iCRDMBS,0.0068
201310,iCRDMBS,0.0161
201311,iCRDMBS,0.0119
201312,iCRDMBS,0.0103
201401,iCRDMBS,0.0143
201402,iCRDMBS,0.0125
201403,iCRDMBS,0.0123
201404,iCRDMBS,0.0088
201405,iCRDMBS,0.0092
201406,iCRDMBS,0.0118
201407,iCRDMBS,0.0113
201408,iCRDMBS,0.0035
201409,iCRDMBS,0.0094
201410,iCRDMBS,-0.0014
201411,iCRDMBS,0.004
201412,iCRDMBS,0.0056
201501,iCRDMBS,-0.0001
201502,iCRDMBS,0.0124
201503,iCRDMBS,0.0068
201504,iCRDMBS,0.0087
201505,iCRDMBS,0.0062
201506,iCRDMBS,0.0017
201507,iCRDMBS,0.0018
201508,iCRDMBS,-0.0026
201509,iCRDMBS,-0.0062
201510,iCRDMBS,-0.0054
201511,iCRDMBS,0.002
201512,iCRDMBS,-0.005
201601,iCRDMBS,-0.0175
201602,iCRDMBS,-0.0228
201603,iCRDMBS,0.0119
201604,iCRDMBS,0.0173
201605,iCRDMBS,0.0087
201606,iCRDMBS,0.0016
201607,iCRDMBS,0.0207
201608,iCRDMBS,0.0154
201609,iCRDMBS,0.0103
201610,iCRDMBS,0.0099
201611,iCRDMBS,0.0076
201612,iCRDMBS,0.0069
201701,iCRDMBS,0.0154
201702,iCRDMBS,0.0092
201703,iCRDMBS,0.007
201704,iCRDMBS,0.0059
201705,iCRDMBS,0.0104
201706,iCRDMBS,0.0071
201707,iCRDMBS,0.009
201708,iCRDMBS,0.0068
201709,iCRDMBS,0.0067
201710,iCRDMBS,0.01
201711,iCRDMBS,0.0069
201712,iCRDMBS,0.0056
201801,iCRDMBS,0.012
201802,iCRDMBS,0.0063
201803,iCRDMBS,0.0038
201804,iCRDMBS,0.0065
201805,iCRDMBS,0.0049
201806,iCRDMBS,0.0047
201807,iCRDMBS,0.0055
201808,iCRDMBS,0.0041
201809,iCRDMBS,0.0028
201810,iCRDMBS,0.0071
201811,iCRDMBS,-0.0048
201812,iCRDMBS,-0.0085
201901,iCRDMBS,0.0064
201902,iCRDMBS,0.0056
201903,iCRDMBS,0.0039
201904,iCRDMBS,0.0087
201905,iCRDMBS,0.0076
201906,iCRDMBS,-0.001
201907,iCRDMBS,0.0034
201908,iCRDMBS,-0.0006
201909,iCRDMBS,-0.0005
201910,iCRDMBS,-0.0046
201911,iCRDMBS,0.0003
201912,iCRDMBS,0.0091
202001,iCRDMBS,0.0133
202002,iCRDMBS,-0.003
202003,iCRDMBS,-0.1857
202004,iCRDMBS,0.0175
202005,iCRDMBS,0.0376
202006,iCRDMBS,0.0434
202007,iCRDMBS,0.0141
202008,iCRDMBS,0.016
202009,iCRDMBS,0.0135
202010,iCRDMBS,0.0086
202011,iCRDMBS,0.0278
202012,iCRDMBS,0.0207
202101,iCRDMBS,0.0209
202102,iCRDMBS,0.0144
202103,iCRDMBS,0.0095
202104,iCRDMBS,0.0152
202105,iCRDMBS,0.0086
202106,iCRDMBS,0.0035
202107,iCRDMBS,0.0069
202108,iCRDMBS,0.0062
202109,iCRDMBS,0.0066
202110,iCRDMBS,0.0108
202111,iCRDMBS,-0.002
202112,iCRDMBS,0.0068
202201,iCRDMBS,0.0092
202202,iCRDMBS,-0.0026
202203,iCRDMBS,-0.0032
202204,iCRDMBS,0.0036
202205,iCRDMBS,-0.0092
202206,iCRDMBS,-0.0175
202207,iCRDMBS,0.0093
202208,iCRDMBS,0.0101
202209,iCRDMBS,-0.0192
202210,iCRDMBS,0.0008
202211,iCRDMBS,0.006
202212,iCRDMBS,0.0008
202301,iCRDMBS,0.0186
202302,iCRDMBS,0.004
202303,iCRDMBS,-0.0185
202304,iCRDMBS,0.0085
202305,iCRDMBS,0.0015
202306,iCRDMBS,0.0098
202307,iCRDMBS,0.0175
202308,iCRDMBS,0.0098
202309,iCRDMBS,0.004
202310,iCRDMBS,0.0001
202311,iCRDMBS,0.0136
202312,iCRDMBS,0.0153
202401,iCRDMBS,0.0162
202402,iCRDMBS,0.0075
202403,iCRDMBS,0.0105
202404,iCRDMBS,0.0065
202405,iCRDMBS,0.0106
202406,iCRDMBS,0.007
202407,iCRDMBS,0.0101
202408,iCRDMBS,0.0071
202409,iCRDMBS,0.008
202410,iCRDMBS,0.0093
202411,iCRDMBS,0.0083
202412,iCRDMBS,0.0077
202501,iCRDMBS,0.0123
202502,iCRDMBS,0.0084
202503,iCRDMBS,-0.0005
202504,iCRDMBS,-0.0002
202505,iCRDMBS,0.0114
202506,iCRDMBS,0.0098
202507,iCRDMBS,0.0087
202508,iCRDMBS,0.0072
202509,iCRDMBS,0.0033
202510,iCRDMBS,0.0024
202511,iCRDMBS,0.0037
202512,iCRDMBS,0.0044
202601,iCRDMBS,0.0046
202602,iCRDMBS,-0.0035
202603,iCRDMBS,-0.0047
202604,iCRDMBS,0.0135
199801,iCRDMST,0.0082
199802,iCRDMST,0.017
199803,iCRDMST,0.0227
199804,iCRDMST,0.0126
199805,iCRDMST,0.0048
199806,iCRDMST,0.0035
199807,iCRDMST,0.002
199808,iCRDMST,-0.063
199809,iCRDMST,-0.0099
199810,iCRDMST,-0.0002
199811,iCRDMST,0.028
199812,iCRDMST,0.0121
199901,iCRDMST,0.0239
199902,iCRDMST,0.0058
199903,iCRDMST,0.011
199904,iCRDMST,0.0251
199905,iCRDMST,0.0106
199906,iCRDMST,0.0123
199907,iCRDMST,0.0066
199908,iCRDMST,0.0053
199909,iCRDMST,0.01
199910,iCRDMST,-0.0019
199911,iCRDMST,0.0144
199912,iCRDMST,0.0266
200001,iCRDMST,0.0175
200002,iCRDMST,0.0251
200003,iCRDMST,0.0103
200004,iCRDMST,0.0098
200005,iCRDMST,0.0084
200006,iCRDMST,0.0231
200007,iCRDMST,0.0108
200008,iCRDMST,0.0143
200009,iCRDMST,0.0118
200010,iCRDMST,0.0061
200011,iCRDMST,-0.0038
200012,iCRDMST,-0.0006
200101,iCRDMST,0.032
200102,iCRDMST,0.0107
200103,iCRDMST,0.0036
200104,iCRDMST,0.0105
200105,iCRDMST,0.0208
200106,iCRDMST,0.0062
200107,iCRDMST,0.0114
200108,iCRDMST,0.0127
200109,iCRDMST,-0.0136
200110,iCRDMST,0.0158
200111,iCRDMST,0.0075
200112,iCRDMST,0.0139
200201,iCRDMST,0.0222
200202,iCRDMST,0.0047
200203,iCRDMST,0.0157
200204,iCRDMST,0.0147
200205,iCRDMST,0.0031
200206,iCRDMST,-0.0206
200207,iCRDMST,-0.0304
200208,iCRDMST,0.0108
200209,iCRDMST,0.0011
200210,iCRDMST,-0.0002
200211,iCRDMST,0.0316
200212,iCRDMST,0.0171
200301,iCRDMST,0.0297
200302,iCRDMST,0.0099
200303,iCRDMST,0.0136
200304,iCRDMST,0.0316
200305,iCRDMST,0.0144
200306,iCRDMST,0.0238
200307,iCRDMST,0.0053
200308,iCRDMST,0.0109
200309,iCRDMST,0.0188
200310,iCRDMST,0.018
200311,iCRDMST,0.0094
200312,iCRDMST,0.0174
200401,iCRDMST,0.0205
200402,iCRDMST,0.0059
200403,iCRDMST,0.002
200404,iCRDMST,0.0135
200405,iCRDMST,0.0033
200406,iCRDMST,0.0097
200407,iCRDMST,0.0055
200408,iCRDMST,0.0044
200409,iCRDMST,0.0065
200410,iCRDMST,0.0114
200411,iCRDMST,0.0233
200412,iCRDMST,0.0188
200501,iCRDMST,0.0052
200502,iCRDMST,0.0144
200503,iCRDMST,0.0018
200504,iCRDMST,-0.0053
200505,iCRDMST,0.0034
200506,iCRDMST,0.0125
200507,iCRDMST,0.0191
200508,iCRDMST,0.0123
200509,iCRDMST,0.0128
200510,iCRDMST,-0.0036
200511,iCRDMST,0.0044
200512,iCRDMST,0.0133
200601,iCRDMST,0.0216
200602,iCRDMST,0.0049
200603,iCRDMST,0.0133
200604,iCRDMST,0.012
200605,iCRDMST,0.0088
200606,iCRDMST,-0.0005
200607,iCRDMST,0.0054
200608,iCRDMST,0.007
200609,iCRDMST,0.0069
200610,iCRDMST,0.0162
200611,iCRDMST,0.0194
200612,iCRDMST,0.0189
200701,iCRDMST,0.0152
200702,iCRDMST,0.0214
200703,iCRDMST,0.0129
200704,iCRDMST,0.012
200705,iCRDMST,0.0159
200706,iCRDMST,0.0135
200707,iCRDMST,0.017
200708,iCRDMST,-0.0042
200709,iCRDMST,0.0109
200710,iCRDMST,0.0185
200711,iCRDMST,-0.0016
200712,iCRDMST,-0.0012
200801,iCRDMST,-0.002
200802,iCRDMST,0.0047
200803,iCRDMST,-0.0103
200804,iCRDMST,0.0033
200805,iCRDMST,0.0112
200806,iCRDMST,0.0021
200807,iCRDMST,-0.0208
200808,iCRDMST,-0.0016
200809,iCRDMST,-0.052
200810,iCRDMST,-0.0527
200811,iCRDMST,-0.0378
200812,iCRDMST,-0.0203
200901,iCRDMST,0.0282
200902,iCRDMST,0.0072
200903,iCRDMST,-0.001
200904,iCRDMST,0.0319
200905,iCRDMST,0.0624
200906,iCRDMST,0.0374
200907,iCRDMST,0.0345
200908,iCRDMST,0.0324
200909,iCRDMST,0.0375
200910,iCRDMST,0.0228
200911,iCRDMST,0.0134
200912,iCRDMST,0.021
201001,iCRDMST,0.0253
201002,iCRDMST,0.0052
201003,iCRDMST,0.0239
201004,iCRDMST,0.0205
201005,iCRDMST,-0.0119
201006,iCRDMST,-0.0022
201007,iCRDMST,0.0107
201008,iCRDMST,0.0062
201009,iCRDMST,0.0206
201010,iCRDMST,0.0165
201011,iCRDMST,0.0084
201012,iCRDMST,0.0168
201101,iCRDMST,0.0212
201102,iCRDMST,0.013
201103,iCRDMST,0.0018
201104,iCRDMST,0.0092
201105,iCRDMST,-0.0003
201106,iCRDMST,-0.0076
201107,iCRDMST,0.0015
201108,iCRDMST,-0.0292
201109,iCRDMST,-0.0223
201110,iCRDMST,0.0122
201111,iCRDMST,-0.0017
201112,iCRDMST,0.0036
201201,iCRDMST,0.0219
201202,iCRDMST,0.0164
201203,iCRDMST,0.0111
201204,iCRDMST,0.0066
201205,iCRDMST,-0.0033
201206,iCRDMST,0.0039
201207,iCRDMST,0.0123
201208,iCRDMST,0.014
201209,iCRDMST,0.0177
201210,iCRDMST,0.014
201211,iCRDMST,0.005
201212,iCRDMST,0.015
201301,iCRDMST,0.0245
201302,iCRDMST,0.008
201303,iCRDMST,0.0132
201304,iCRDMST,0.0151
201305,iCRDMST,0.0164
201306,iCRDMST,-0.0097
201307,iCRDMST,0.0111
201308,iCRDMST,0.0032
201309,iCRDMST,0.01
201310,iCRDMST,0.0142
201311,iCRDMST,0.0095
201312,iCRDMST,0.0105
201401,iCRDMST,0.0124
201402,iCRDMST,0.0149
201403,iCRDMST,0.0053
201404,iCRDMST,0.0058
201405,iCRDMST,0.0083
201406,iCRDMST,0.0106
201407,iCRDMST,0.0003
201408,iCRDMST,0.0015
201409,iCRDMST,-0.0059
201410,iCRDMST,-0.008
201411,iCRDMST,0.0017
201412,iCRDMST,-0.0034
201501,iCRDMST,-0.0015
201502,iCRDMST,0.0133
201503,iCRDMST,0.0053
201504,iCRDMST,0.0101
201505,iCRDMST,0.0054
201506,iCRDMST,-0.0096
201507,iCRDMST,-0.0024
201508,iCRDMST,-0.012
201509,iCRDMST,-0.0115
201510,iCRDMST,0.0006
201511,iCRDMST,-0.01
201512,iCRDMST,-0.0128
201601,iCRDMST,-0.0182
201602,iCRDMST,-0.0136
201603,iCRDMST,0.0171
201604,iCRDMST,0.0214
201605,iCRDMST,0.0139
201606,iCRDMST,-0.0004
201607,iCRDMST,0.0151
201608,iCRDMST,0.0134
201609,iCRDMST,0.0087
201610,iCRDMST,0.0125
201611,iCRDMST,0.0087
201612,iCRDMST,0.0137
201701,iCRDMST,0.0181
201702,iCRDMST,0.0083
201703,iCRDMST,0.0002
201704,iCRDMST,0.0053
201705,iCRDMST,0.0024
201706,iCRDMST,0.0028
201707,iCRDMST,0.0096
201708,iCRDMST,0.0027
201709,iCRDMST,0.0069
201710,iCRDMST,0.0045
201711,iCRDMST,0.0032
201712,iCRDMST,0.0093
201801,iCRDMST,0.0122
201802,iCRDMST,-0.0026
201803,iCRDMST,-0.0002
201804,iCRDMST,0.0065
201805,iCRDMST,0.0064
201806,iCRDMST,0.0049
201807,iCRDMST,0.0082
201808,iCRDMST,0.0033
201809,iCRDMST,0.0041
201810,iCRDMST,-0.0079
201811,iCRDMST,-0.0116
201812,iCRDMST,-0.0191
201901,iCRDMST,0.0165
201902,iCRDMST,0.0074
201903,iCRDMST,0.0012
201904,iCRDMST,0.012
201905,iCRDMST,0.0004
201906,iCRDMST,0.0031
201907,iCRDMST,-0.0015
201908,iCRDMST,-0.013
201909,iCRDMST,0.0014
201910,iCRDMST,-0.0047
201911,iCRDMST,-0.0032
201912,iCRDMST,0.0181
202001,iCRDMST,0.0048
202002,iCRDMST,-0.0074
202003,iCRDMST,-0.1184
202004,iCRDMST,0.0202
202005,iCRDMST,0.0291
202006,iCRDMST,0.0292
202007,iCRDMST,0.0134
202008,iCRDMST,0.0179
202009,iCRDMST,0.0081
202010,iCRDMST,0.0003
202011,iCRDMST,0.0376
202012,iCRDMST,0.0266
202101,iCRDMST,0.0246
202102,iCRDMST,0.0242
202103,iCRDMST,0.0113
202104,iCRDMST,0.0143
202105,iCRDMST,0.0122
202106,iCRDMST,0.0107
202107,iCRDMST,-0.0001
202108,iCRDMST,0.0064
202109,iCRDMST,0.0101
202110,iCRDMST,0.0069
202111,iCRDMST,-0.0013
202112,iCRDMST,0.0048
202201,iCRDMST,0.0014
202202,iCRDMST,0.0037
202203,iCRDMST,0.0088
202204,iCRDMST,0.0019
202205,iCRDMST,-0.0111
202206,iCRDMST,-0.0279
202207,iCRDMST,0.0123
202208,iCRDMST,0.0135
202209,iCRDMST,-0.0119
202210,iCRDMST,-0.0034
202211,iCRDMST,0.004
202212,iCRDMST,0.0007
202301,iCRDMST,0.0198
202302,iCRDMST,0.0056
202303,iCRDMST,-0.0049
202304,iCRDMST,0.0032
202305,iCRDMST,0.0001
202306,iCRDMST,0.0113
202307,iCRDMST,0.0091
202308,iCRDMST,0.0055
202309,iCRDMST,0.0083
202310,iCRDMST,-0.0046
202311,iCRDMST,0.0116
202312,iCRDMST,0.0132
202401,iCRDMST,0.0077
202402,iCRDMST,0.0083
202403,iCRDMST,0.0112
202404,iCRDMST,0.0033
202405,iCRDMST,0.0103
202406,iCRDMST,0.0072
202407,iCRDMST,0.0113
202408,iCRDMST,0.0033
202409,iCRDMST,0.0118
202410,iCRDMST,0.0051
202411,iCRDMST,0.0115
202412,iCRDMST,0.0052
202501,iCRDMST,0.0085
202502,iCRDMST,0.0067
202503,iCRDMST,-0.0051
202504,iCRDMST,-0.0006
202505,iCRDMST,0.0216
202506,iCRDMST,0.0137
202507,iCRDMST,0.0031
202508,iCRDMST,0.0066
202509,iCRDMST,0.0087
202510,iCRDMST,0.002
202511,iCRDMST,-0.005
202512,iCRDMST,0.0036
202601,iCRDMST,0.013
202602,iCRDMST,0.0049
202603,iCRDMST,-0.0024
202604,iCRDMST,0.0167
200101,iCRDREL,0.012
200102,iCRDREL,0.0115
200103,iCRDREL,0.0091
200104,iCRDREL,0.0195
200105,iCRDREL,0.0074
200106,iCRDREL,0.001
200107,iCRDREL,0.0105
200108,iCRDREL,0.0058
200109,iCRDREL,0.0017
200110,iCRDREL,0.0164
200111,iCRDREL,-0.005
200112,iCRDREL,-0.0004
200201,iCRDREL,0.0138
200202,iCRDREL,0.0054
200203,iCRDREL,0.001
200204,iCRDREL,0.0092
200205,iCRDREL,0.0071
200206,iCRDREL,0.0104
200207,iCRDREL,0.0141
200208,iCRDREL,0.0135
200209,iCRDREL,0.002
200210,iCRDREL,-0.017
200211,iCRDREL,-0.0051
200212,iCRDREL,0.0008
200301,iCRDREL,0.0098
200302,iCRDREL,0.007
200303,iCRDREL,0.0054
200304,iCRDREL,0.0076
200305,iCRDREL,0.0117
200306,iCRDREL,0.0072
200307,iCRDREL,-0.0064
200308,iCRDREL,0.014
200309,iCRDREL,0.0202
200310,iCRDREL,0.0156
200311,iCRDREL,0.0057
200312,iCRDREL,0.0104
200401,iCRDREL,0.0136
200402,iCRDREL,0.0097
200403,iCRDREL,-0.0002
200404,iCRDREL,0.0152
200405,iCRDREL,0.0094
200406,iCRDREL,0.0107
200407,iCRDREL,0.0099
200408,iCRDREL,0.0151
200409,iCRDREL,0.002
200410,iCRDREL,0.0024
200411,iCRDREL,0.0039
200412,iCRDREL,0.0044
200501,iCRDREL,0.0108
200502,iCRDREL,0.0131
200503,iCRDREL,0.014
200504,iCRDREL,0.0091
200505,iCRDREL,-0.0003
200506,iCRDREL,-0.001
200507,iCRDREL,0.0148
200508,iCRDREL,0.0072
200509,iCRDREL,0.004
200510,iCRDREL,0.0073
200511,iCRDREL,0.0072
200512,iCRDREL,0.0088
200601,iCRDREL,0.0041
200602,iCRDREL,-0.0036
200603,iCRDREL,0.011
200604,iCRDREL,0.0206
200605,iCRDREL,0.0031
200606,iCRDREL,0.0138
200607,iCRDREL,0.0056
200608,iCRDREL,-0.0008
200609,iCRDREL,0.0015
200610,iCRDREL,0.003
200611,iCRDREL,-0.0081
200612,iCRDREL,0.0072
200701,iCRDREL,0.0071
200702,iCRDREL,0.01
200703,iCRDREL,0.0026
200704,iCRDREL,0.0065
200705,iCRDREL,-0.0011
200706,iCRDREL,0.0066
200707,iCRDREL,0.0222
200708,iCRDREL,-0.0102
200709,iCRDREL,0.0048
200710,iCRDREL,0.0155
200711,iCRDREL,-0.0201
200712,iCRDREL,0.0204
200801,iCRDREL,0.0303
200802,iCRDREL,0.0226
200803,iCRDREL,-0.0734
200804,iCRDREL,0.0484
200805,iCRDREL,0.0211
200806,iCRDREL,0.0035
200807,iCRDREL,0.0088
200808,iCRDREL,-0.0011
200809,iCRDREL,-0.0354
200810,iCRDREL,-0.1045
200811,iCRDREL,0.0266
200812,iCRDREL,0.0052
200901,iCRDREL,0.0134
200902,iCRDREL,0.0155
200903,iCRDREL,0.0244
200904,iCRDREL,0.0204
200905,iCRDREL,0.0187
200906,iCRDREL,0.0087
200907,iCRDREL,0.0304
200908,iCRDREL,0.0162
200909,iCRDREL,0.0186
200910,iCRDREL,0.0168
200911,iCRDREL,0.0069
200912,iCRDREL,0.0013
201001,iCRDREL,0.0215
201002,iCRDREL,0.0083
201003,iCRDREL,0.005
201004,iCRDREL,0.0129
201005,iCRDREL,0.0031
201006,iCRDREL,0.0245
201007,iCRDREL,0.0116
201008,iCRDREL,0.0153
201009,iCRDREL,0.0134
201010,iCRDREL,0.0025
201011,iCRDREL,0.0137
201012,iCRDREL,0.0014
201101,iCRDREL,0.0162
201102,iCRDREL,0.0136
201103,iCRDREL,0.006
201104,iCRDREL,0.0063
201105,iCRDREL,0.0052
201106,iCRDREL,-0.0003
201107,iCRDREL,0.0034
201108,iCRDREL,0.0054
201109,iCRDREL,0.0048
201110,iCRDREL,-0.0056
201111,iCRDREL,0.0017
201112,iCRDREL,0.0054
201201,iCRDREL,0.0131
201202,iCRDREL,0.0069
201203,iCRDREL,0.0062
201204,iCRDREL,0.002
201205,iCRDREL,-0.0026
201206,iCRDREL,0.009
201207,iCRDREL,0.0153
201208,iCRDREL,0.0091
201209,iCRDREL,0.0106
201210,iCRDREL,0.0048
201211,iCRDREL,0.0055
201212,iCRDREL,0.0053
201301,iCRDREL,0.0132
201302,iCRDREL,0.0092
201303,iCRDREL,0.0119
201304,iCRDREL,0.0081
201305,iCRDREL,0.0108
201306,iCRDREL,-0.011
201307,iCRDREL,0.0094
201308,iCRDREL,0.0096
201309,iCRDREL,0.0068
201310,iCRDREL,0.0062
201311,iCRDREL,0.0017
201312,iCRDREL,0.005
201401,iCRDREL,0.0192
201402,iCRDREL,0.0
201403,iCRDREL,0.0036
201404,iCRDREL,0.0012
201405,iCRDREL,0.0011
201406,iCRDREL,0.0051
201407,iCRDREL,0.0044
201408,iCRDREL,-0.0057
201409,iCRDREL,0.01
201410,iCRDREL,-0.0005
201411,iCRDREL,0.0056
201412,iCRDREL,0.0
201501,iCRDREL,0.0136
201502,iCRDREL,0.0067
201503,iCRDREL,0.008
201504,iCRDREL,-0.0004
201505,iCRDREL,0.0092
201506,iCRDREL,0.0013
201507,iCRDREL,0.0091
201508,iCRDREL,0.0042
201509,iCRDREL,-0.0041
201510,iCRDREL,0.0027
201511,iCRDREL,0.0095
201512,iCRDREL,0.0044
201601,iCRDREL,0.0008
201602,iCRDREL,-0.0029
201603,iCRDREL,0.0066
201604,iCRDREL,0.0078
201605,iCRDREL,0.0044
201606,iCRDREL,0.0034
201607,iCRDREL,0.0062
201608,iCRDREL,0.0053
201609,iCRDREL,0.0109
201610,iCRDREL,0.0032
201611,iCRDREL,0.0128
201612,iCRDREL,0.0206
201701,iCRDREL,0.0086
201702,iCRDREL,0.0138
201703,iCRDREL,0.0069
201704,iCRDREL,0.003
201705,iCRDREL,0.001
201706,iCRDREL,0.007
201707,iCRDREL,0.0023
201708,iCRDREL,0.0077
201709,iCRDREL,0.0042
201710,iCRDREL,0.0034
201711,iCRDREL,-0.0018
201712,iCRDREL,-0.0021
201801,iCRDREL,0.0128
201802,iCRDREL,0.0062
201803,iCRDREL,0.0038
201804,iCRDREL,0.0023
201805,iCRDREL,-0.0033
201806,iCRDREL,-0.0019
201807,iCRDREL,0.0032
201808,iCRDREL,0.002
201809,iCRDREL,0.0015
201810,iCRDREL,0.0069
201811,iCRDREL,0.0019
201812,iCRDREL,-0.0015
201901,iCRDREL,0.0131
201902,iCRDREL,0.0083
201903,iCRDREL,0.0025
201904,iCRDREL,0.0063
201905,iCRDREL,0.0092
201906,iCRDREL,0.0038
201907,iCRDREL,0.007
201908,iCRDREL,0.0007
201909,iCRDREL,-0.003
201910,iCRDREL,0.0066
201911,iCRDREL,0.0056
201912,iCRDREL,0.0187
202001,iCRDREL,0.0124
202002,iCRDREL,0.0105
202003,iCRDREL,-0.0313
202004,iCRDREL,0.0101
202005,iCRDREL,0.0202
202006,iCRDREL,0.0139
202007,iCRDREL,0.0052
202008,iCRDREL,0.006
202009,iCRDREL,0.0061
202010,iCRDREL,0.0002
202011,iCRDREL,0.0026
202012,iCRDREL,0.0028
202101,iCRDREL,0.0096
202102,iCRDREL,-0.0028
202103,iCRDREL,0.0102
202104,iCRDREL,0.0043
202105,iCRDREL,0.0027
202106,iCRDREL,-0.0047
202107,iCRDREL,-0.0028
202108,iCRDREL,0.0052
202109,iCRDREL,0.0069
202110,iCRDREL,-0.0161
202111,iCRDREL,-0.0007
202112,iCRDREL,0.0117
202201,iCRDREL,0.009
202202,iCRDREL,0.0163
202203,iCRDREL,0.0192
202204,iCRDREL,0.0137
202205,iCRDREL,0.0036
202206,iCRDREL,-0.0023
202207,iCRDREL,0.0099
202208,iCRDREL,0.013
202209,iCRDREL,-0.0029
202210,iCRDREL,0.0186
202211,iCRDREL,0.0117
202212,iCRDREL,0.0107
202301,iCRDREL,0.0146
202302,iCRDREL,0.006
202303,iCRDREL,0.0007
202304,iCRDREL,0.0088
202305,iCRDREL,0.0049
202306,iCRDREL,0.0082
202307,iCRDREL,0.0031
202308,iCRDREL,0.009
202309,iCRDREL,0.0069
202310,iCRDREL,0.0106
202311,iCRDREL,0.0066
202312,iCRDREL,0.0081
202401,iCRDREL,0.012
202402,iCRDREL,0.002
202403,iCRDREL,0.0118
202404,iCRDREL,0.0009
202405,iCRDREL,0.0105
202406,iCRDREL,0.0021
202407,iCRDREL,0.0092
202408,iCRDREL,0.0057
202409,iCRDREL,0.01
202410,iCRDREL,0.0026
202411,iCRDREL,0.0123
202412,iCRDREL,0.0052
202501,iCRDREL,0.0122
202502,iCRDREL,0.0063
202503,iCRDREL,0.0028
202504,iCRDREL,0.0044
202505,iCRDREL,0.0083
202506,iCRDREL,0.0077
202507,iCRDREL,0.0097
202508,iCRDREL,0.0084
202509,iCRDREL,0.0044
202510,iCRDREL,0.0085
202511,iCRDREL,0.0071
202512,iCRDREL,0.0071
202601,iCRDREL,0.0104
202602,iCRDREL,0.0022
202603,iCRDREL,-0.0066
202604,iCRDREL,0.0153
200101,iEMN,0.0595
200102,iEMN,0.0497
200103,iEMN,-0.0112
200104,iEMN,0.0012
200105,iEMN,0.0443
200106,iEMN,0.0426
200107,iEMN,-0.0204
200108,iEMN,0.017
200109,iEMN,-0.0238
200110,iEMN,0.0675
200111,iEMN,0.0587
200112,iEMN,0.0281
200201,iEMN,0.0162
200202,iEMN,0.0025
200203,iEMN,0.0238
200204,iEMN,0.0113
200205,iEMN,0.0147
200206,iEMN,-0.0125
200207,iEMN,-0.0095
200208,iEMN,0.0054
200209,iEMN,-0.0026
200210,iEMN,0.0029
200211,iEMN,0.0186
200212,iEMN,0.0243
200301,iEMN,0.0039
200302,iEMN,-0.0049
200303,iEMN,-0.0032
200304,iEMN,0.0214
200305,iEMN,0.0223
200306,iEMN,0.0133
200307,iEMN,0.0066
200308,iEMN,0.0075
200309,iEMN,0.0013
200310,iEMN,0.024
200311,iEMN,0.0072
200312,iEMN,0.0181
200401,iEMN,0.0238
200402,iEMN,0.0196
200403,iEMN,0.0108
200404,iEMN,0.0089
200405,iEMN,-0.0066
200406,iEMN,0.0072
200407,iEMN,-0.0078
200408,iEMN,-0.0022
200409,iEMN,0.003
200410,iEMN,0.009
200411,iEMN,0.0128
200412,iEMN,0.0216
200501,iEMN,0.0204
200502,iEMN,0.0116
200503,iEMN,-0.0085
200504,iEMN,-0.0026
200505,iEMN,0.0054
200506,iEMN,0.0222
200507,iEMN,0.0266
200508,iEMN,0.018
200509,iEMN,0.0169
200510,iEMN,-0.013
200511,iEMN,0.0182
200512,iEMN,0.0329
200601,iEMN,0.0224
200602,iEMN,0.013
200603,iEMN,0.0052
200604,iEMN,0.0135
200605,iEMN,-0.0063
200606,iEMN,-0.0021
200607,iEMN,0.0139
200608,iEMN,0.0086
200609,iEMN,0.004
200610,iEMN,0.0189
200611,iEMN,0.028
200612,iEMN,0.0181
200701,iEMN,0.0159
200702,iEMN,0.0253
200703,iEMN,0.0231
200704,iEMN,0.0322
200705,iEMN,0.0265
200706,iEMN,0.012
200707,iEMN,0.0005
200708,iEMN,-0.0172
200709,iEMN,0.0049
200710,iEMN,0.0194
200711,iEMN,-0.0161
200712,iEMN,0.0086
200801,iEMN,-0.0012
200802,iEMN,0.0079
200803,iEMN,-0.0223
200804,iEMN,0.0195
200805,iEMN,0.0242
200806,iEMN,0.0096
200807,iEMN,-0.0165
200808,iEMN,0.0017
200809,iEMN,-0.0329
200810,iEMN,0.0002
200811,iEMN,0.0072
200812,iEMN,0.0106
200901,iEMN,0.0235
200902,iEMN,-0.0006
200903,iEMN,0.0106
200904,iEMN,0.0146
200905,iEMN,0.0278
200906,iEMN,0.001
200907,iEMN,0.0098
200908,iEMN,0.0106
200909,iEMN,0.0079
200910,iEMN,0.0042
200911,iEMN,0.0076
200912,iEMN,0.0051
201001,iEMN,0.0082
201002,iEMN,0.0043
201003,iEMN,0.0157
201004,iEMN,0.0051
201005,iEMN,-0.0064
201006,iEMN,-0.0068
201007,iEMN,0.0053
201008,iEMN,0.0042
201009,iEMN,0.015
201010,iEMN,0.0156
201011,iEMN,0.0027
201012,iEMN,0.0112
201101,iEMN,0.0035
201102,iEMN,0.0089
201103,iEMN,0.0055
201104,iEMN,0.0142
201105,iEMN,0.0041
201106,iEMN,0.0029
201107,iEMN,0.0069
201108,iEMN,-0.0089
201109,iEMN,-0.0041
201110,iEMN,0.0096
201111,iEMN,0.0073
201112,iEMN,-0.0025
201201,iEMN,0.0072
201202,iEMN,0.0125
201203,iEMN,0.0068
201204,iEMN,0.0029
201205,iEMN,-0.0075
201206,iEMN,-0.001
201207,iEMN,0.008
201208,iEMN,0.0084
201209,iEMN,0.006
201210,iEMN,-0.0007
201211,iEMN,0.0119
201212,iEMN,0.004
201301,iEMN,0.0141
201302,iEMN,0.0087
201303,iEMN,0.0106
201304,iEMN,0.0097
201305,iEMN,0.0119
201306,iEMN,0.0037
201307,iEMN,0.0158
201308,iEMN,0.0007
201309,iEMN,0.012
201310,iEMN,0.0146
201311,iEMN,0.0095
201312,iEMN,0.0112
201401,iEMN,0.0034
201402,iEMN,0.012
201403,iEMN,0.0015
201404,iEMN,0.0005
201405,iEMN,0.0105
201406,iEMN,0.004
201407,iEMN,0.0013
201408,iEMN,0.0096
201409,iEMN,0.0026
201410,iEMN,0.0047
201411,iEMN,0.0077
201412,iEMN,0.0062
201501,iEMN,0.0111
201502,iEMN,0.0072
201503,iEMN,0.0078
201504,iEMN,0.0028
201505,iEMN,0.0069
201506,iEMN,0.0017
201507,iEMN,0.0089
201508,iEMN,0.0077
201509,iEMN,0.0053
201510,iEMN,0.0026
201511,iEMN,0.0112
201512,iEMN,0.0079
201601,iEMN,-0.0072
201602,iEMN,-0.0145
201603,iEMN,0.0062
201604,iEMN,-0.0011
201605,iEMN,0.0086
201606,iEMN,-0.0118
201607,iEMN,0.0105
201608,iEMN,0.0061
201609,iEMN,0.0066
201610,iEMN,0.0041
201611,iEMN,0.0013
201612,iEMN,0.0046
201701,iEMN,0.0077
201702,iEMN,0.0019
201703,iEMN,0.0057
201704,iEMN,0.0023
201705,iEMN,0.0001
201706,iEMN,0.0015
201707,iEMN,0.0087
201708,iEMN,0.0045
201709,iEMN,0.0074
201710,iEMN,0.0091
201711,iEMN,-0.0026
201712,iEMN,0.003
201801,iEMN,0.0117
201802,iEMN,-0.0022
201803,iEMN,0.0068
201804,iEMN,0.006
201805,iEMN,0.0122
201806,iEMN,-0.0076
201807,iEMN,-0.0034
201808,iEMN,-0.006
201809,iEMN,0.0003
201810,iEMN,-0.0115
201811,iEMN,-0.0087
201812,iEMN,-0.0023
201901,iEMN,0.0102
201902,iEMN,-0.001
201903,iEMN,0.001
201904,iEMN,-0.0031
201905,iEMN,-0.0052
201906,iEMN,0.0038
201907,iEMN,0.0034
201908,iEMN,-0.0012
201909,iEMN,-0.0005
201910,iEMN,-0.0031
201911,iEMN,0.0077
201912,iEMN,0.0074
202001,iEMN,-0.0014
202002,iEMN,-0.006
202003,iEMN,-0.0289
202004,iEMN,0.0154
202005,iEMN,0.007
202006,iEMN,0.0099
202007,iEMN,0.0145
202008,iEMN,0.0049
202009,iEMN,-0.0015
202010,iEMN,0.0014
202011,iEMN,0.0195
202012,iEMN,0.0272
202101,iEMN,-0.0084
202102,iEMN,0.0234
202103,iEMN,0.0028
202104,iEMN,0.0108
202105,iEMN,-0.0028
202106,iEMN,-0.0044
202107,iEMN,0.0072
202108,iEMN,0.011
202109,iEMN,-0.0013
202110,iEMN,0.0126
202111,iEMN,-0.0039
202112,iEMN,0.005
202201,iEMN,-0.0166
202202,iEMN,0.0046
202203,iEMN,0.0041
202204,iEMN,0.0045
202205,iEMN,-0.0023
202206,iEMN,0.0009
202207,iEMN,0.0019
202208,iEMN,0.009
202209,iEMN,0.0
202210,iEMN,0.0021
202211,iEMN,0.0023
202212,iEMN,0.0096
202301,iEMN,0.009
202302,iEMN,-0.0004
202303,iEMN,0.0084
202304,iEMN,0.0047
202305,iEMN,0.0063
202306,iEMN,0.0029
202307,iEMN,-0.0029
202308,iEMN,0.0107
202309,iEMN,0.0011
202310,iEMN,0.0045
202311,iEMN,0.0103
202312,iEMN,0.006
202401,iEMN,0.0111
202402,iEMN,0.0099
202403,iEMN,0.0171
202404,iEMN,0.0006
202405,iEMN,0.0107
202406,iEMN,0.0025
202407,iEMN,-0.0019
202408,iEMN,0.007
202409,iEMN,0.0111
202410,iEMN,0.0062
202411,iEMN,0.0149
202412,iEMN,0.009
202501,iEMN,0.0088
202502,iEMN,-0.0053
202503,iEMN,-0.0064
202504,iEMN,0.0056
202505,iEMN,0.0151
202506,iEMN,0.0114
202507,iEMN,0.0094
202508,iEMN,0.0112
202509,iEMN,0.0158
202510,iEMN,0.0092
202511,iEMN,0.0056
202512,iEMN,0.0138
202601,iEMN,0.0072
202602,iEMN,0.0126
202603,iEMN,-0.0134
202604,iEMN,0.0281
199801,iEQD,-0.0113
199802,iEQD,0.0256
199803,iEQD,0.0601
199804,iEQD,0.0171
199805,iEQD,0.0133
199806,iEQD,0.0128
199807,iEQD,0.001
199808,iEQD,-0.0192
199809,iEQD,0.0352
199810,iEQD,-0.0056
199811,iEQD,0.0157
199812,iEQD,0.0474
199901,iEQD,0.0109
199902,iEQD,0.005
199903,iEQD,0.0453
199904,iEQD,0.0661
199905,iEQD,0.0268
199906,iEQD,0.0359
199907,iEQD,0.024
199908,iEQD,-0.0098
199909,iEQD,0.0208
199910,iEQD,0.0202
199911,iEQD,0.032
199912,iEQD,0.0896
200001,iEQD,-0.0128
200002,iEQD,0.0473
200003,iEQD,0.0136
200004,iEQD,-0.0076
200005,iEQD,-0.0068
200006,iEQD,0.0178
200007,iEQD,0.0049
200008,iEQD,0.043
200009,iEQD,-0.0012
200010,iEQD,0.0004
200011,iEQD,-0.0034
200012,iEQD,0.0353
200101,iEQD,0.0139
200102,iEQD,0.0108
200103,iEQD,-0.0062
200104,iEQD,0.0188
200105,iEQD,0.0176
200106,iEQD,0.0085
200107,iEQD,-0.006
200108,iEQD,0.0063
200109,iEQD,-0.0212
200110,iEQD,0.0142
200111,iEQD,0.035
200112,iEQD,0.0305
200201,iEQD,0.0108
200202,iEQD,-0.0013
200203,iEQD,0.016
200204,iEQD,0.0019
200205,iEQD,0.0084
200206,iEQD,-0.0216
200207,iEQD,-0.0324
200208,iEQD,0.0156
200209,iEQD,-0.0155
200210,iEQD,0.0092
200211,iEQD,0.0259
200212,iEQD,-0.0062
200301,iEQD,0.0057
200302,iEQD,-0.007
200303,iEQD,-0.0035
200304,iEQD,0.0323
200305,iEQD,0.0492
200306,iEQD,0.0205
200307,iEQD,0.0178
200308,iEQD,0.0265
200309,iEQD,0.0106
200310,iEQD,0.032
200311,iEQD,0.0162
200312,iEQD,0.0309
200401,iEQD,0.0204
200402,iEQD,0.0217
200403,iEQD,0.006
200404,iEQD,-0.0172
200405,iEQD,-0.0064
200406,iEQD,0.0099
200407,iEQD,-0.0137
200408,iEQD,0.0006
200409,iEQD,0.0294
200410,iEQD,0.016
200411,iEQD,0.0362
200412,iEQD,0.024
200501,iEQD,0.0049
200502,iEQD,0.0265
200503,iEQD,-0.0094
200504,iEQD,-0.0179
200505,iEQD,0.0175
200506,iEQD,0.0232
200507,iEQD,0.0365
200508,iEQD,0.0116
200509,iEQD,0.0241
200510,iEQD,-0.0139
200511,iEQD,0.028
200512,iEQD,0.0271
200601,iEQD,0.0427
200602,iEQD,0.006
200603,iEQD,0.0225
200604,iEQD,0.0228
200605,iEQD,-0.0263
200606,iEQD,-0.0097
200607,iEQD,-0.0012
200608,iEQD,0.0189
200609,iEQD,0.0086
200610,iEQD,0.0227
200611,iEQD,0.023
200612,iEQD,0.0194
200701,iEQD,0.0178
200702,iEQD,0.0089
200703,iEQD,0.018
200704,iEQD,0.0251
200705,iEQD,0.0345
200706,iEQD,0.011
200707,iEQD,0.0133
200708,iEQD,-0.0096
200709,iEQD,0.0294
200710,iEQD,0.0391
200711,iEQD,-0.0108
200712,iEQD,0.0076
200801,iEQD,-0.0386
200802,iEQD,0.0153
200803,iEQD,-0.0182
200804,iEQD,0.0255
200805,iEQD,0.0272
200806,iEQD,-0.0203
200807,iEQD,-0.0217
200808,iEQD,-0.0007
200809,iEQD,-0.0683
200810,iEQD,-0.0607
200811,iEQD,-0.0277
200812,iEQD,0.0164
200901,iEQD,0.0055
200902,iEQD,-0.0146
200903,iEQD,0.0258
200904,iEQD,0.0531
200905,iEQD,0.062
200906,iEQD,0.0106
200907,iEQD,0.0378
200908,iEQD,0.0251
200909,iEQD,0.028
200910,iEQD,-0.0092
200911,iEQD,0.0173
200912,iEQD,0.0265
201001,iEQD,-0.0077
201002,iEQD,0.0156
201003,iEQD,0.0293
201004,iEQD,0.0127
201005,iEQD,-0.0322
201006,iEQD,-0.0185
201007,iEQD,0.0201
201008,iEQD,-0.0102
201009,iEQD,0.0428
201010,iEQD,0.0251
201011,iEQD,0.0078
201012,iEQD,0.0307
201101,iEQD,0.0035
201102,iEQD,0.015
201103,iEQD,0.0068
201104,iEQD,0.0185
201105,iEQD,-0.0017
201106,iEQD,-0.0048
201107,iEQD,-0.0025
201108,iEQD,-0.0347
201109,iEQD,-0.0348
201110,iEQD,0.0418
201111,iEQD,-0.0067
201112,iEQD,-0.0008
201201,iEQD,0.0274
201202,iEQD,0.0283
201203,iEQD,0.0147
201204,iEQD,0.0009
201205,iEQD,-0.0262
201206,iEQD,0.0055
201207,iEQD,0.0079
201208,iEQD,0.0169
201209,iEQD,0.0126
201210,iEQD,0.0029
201211,iEQD,0.0144
201212,iEQD,0.0139
201301,iEQD,0.035
201302,iEQD,0.0113
201303,iEQD,0.0205
201304,iEQD,0.0076
201305,iEQD,0.0171
201306,iEQD,-0.0056
201307,iEQD,0.0244
201308,iEQD,-0.0089
201309,iEQD,0.0251
201310,iEQD,0.0212
201311,iEQD,0.0186
201312,iEQD,0.0194
201401,iEQD,-0.0031
201402,iEQD,0.0253
201403,iEQD,-0.0051
201404,iEQD,-0.009
201405,iEQD,0.016
201406,iEQD,0.0089
201407,iEQD,-0.0102
201408,iEQD,0.0128
201409,iEQD,-0.0052
201410,iEQD,0.0046
201411,iEQD,0.0175
201412,iEQD,0.005
201501,iEQD,0.0027
201502,iEQD,0.0276
201503,iEQD,0.01
201504,iEQD,0.003
201505,iEQD,0.016
201506,iEQD,-0.0067
201507,iEQD,0.0079
201508,iEQD,-0.0189
201509,iEQD,-0.0176
201510,iEQD,0.0218
201511,iEQD,0.0034
201512,iEQD,-0.0055
201601,iEQD,-0.0333
201602,iEQD,-0.0105
201603,iEQD,0.0194
201604,iEQD,0.003
201605,iEQD,0.0137
201606,iEQD,-0.0146
201607,iEQD,0.0222
201608,iEQD,0.006
201609,iEQD,0.0056
201610,iEQD,-0.0052
201611,iEQD,0.0068
201612,iEQD,0.0103
201701,iEQD,0.0127
201702,iEQD,0.0088
201703,iEQD,0.0112
201704,iEQD,0.0111
201705,iEQD,0.009
201706,iEQD,0.0025
201707,iEQD,0.0134
201708,iEQD,0.0117
201709,iEQD,0.0084
201710,iEQD,0.0136
201711,iEQD,0.0002
201712,iEQD,0.007
201801,iEQD,0.0249
201802,iEQD,-0.0126
201803,iEQD,-0.0045
201804,iEQD,0.0052
201805,iEQD,0.0115
201806,iEQD,-0.0061
201807,iEQD,0.0056
201808,iEQD,0.0027
201809,iEQD,-0.0035
201810,iEQD,-0.037
201811,iEQD,-0.0061
201812,iEQD,-0.0278
201901,iEQD,0.0409
201902,iEQD,0.0155
201903,iEQD,0.0053
201904,iEQD,0.0141
201905,iEQD,-0.0169
201906,iEQD,0.0167
201907,iEQD,0.0068
201908,iEQD,-0.0068
201909,iEQD,-0.0019
201910,iEQD,0.0123
201911,iEQD,0.0165
201912,iEQD,0.0179
202001,iEQD,-0.0057
202002,iEQD,-0.03
202003,iEQD,-0.0839
202004,iEQD,0.0549
202005,iEQD,0.027
202006,iEQD,0.0212
202007,iEQD,0.0287
202008,iEQD,0.0276
202009,iEQD,-0.0085
202010,iEQD,-0.0018
202011,iEQD,0.0632
202012,iEQD,0.0433
202101,iEQD,-0.0099
202102,iEQD,0.0417
202103,iEQD,0.0108
202104,iEQD,0.0301
202105,iEQD,0.0077
202106,iEQD,0.0033
202107,iEQD,-0.0013
202108,iEQD,0.007
202109,iEQD,-0.009
202110,iEQD,0.0144
202111,iEQD,-0.0249
202112,iEQD,0.0215
202201,iEQD,-0.0309
202202,iEQD,-0.0079
202203,iEQD,0.0035
202204,iEQD,-0.0202
202205,iEQD,-0.0052
202206,iEQD,-0.0349
202207,iEQD,0.024
202208,iEQD,-0.007
202209,iEQD,-0.0365
202210,iEQD,0.0209
202211,iEQD,0.0293
202212,iEQD,-0.005
202301,iEQD,0.0351
202302,iEQD,-0.0051
202303,iEQD,0.001
202304,iEQD,0.0036
202305,iEQD,-0.0009
202306,iEQD,0.0202
202307,iEQD,0.0164
202308,iEQD,-0.0032
202309,iEQD,-0.0108
202310,iEQD,-0.0141
202311,iEQD,0.0381
202312,iEQD,0.0264
202401,iEQD,0.0083
202402,iEQD,0.0276
202403,iEQD,0.0261
202404,iEQD,-0.0092
202405,iEQD,0.0187
202406,iEQD,-0.0004
202407,iEQD,0.0116
202408,iEQD,0.0091
202409,iEQD,0.0128
202410,iEQD,-0.0036
202411,iEQD,0.0257
202412,iEQD,-0.0062
202501,iEQD,0.0243
202502,iEQD,-0.0076
202503,iEQD,-0.0203
202504,iEQD,0.0084
202505,iEQD,0.0412
202506,iEQD,0.0307
202507,iEQD,0.0087
202508,iEQD,0.0216
202509,iEQD,0.0178
202510,iEQD,0.0038
202511,iEQD,0.0061
202512,iEQD,0.0147
202601,iEQD,0.022
202602,iEQD,0.0126
202603,iEQD,-0.0456
202604,iEQD,0.0653
200301,iEQDALS,0.0006
200302,iEQDALS,-0.006
200303,iEQDALS,-0.0111
200304,iEQDALS,0.027
200305,iEQDALS,0.027
200306,iEQDALS,0.0401
200307,iEQDALS,0.0345
200308,iEQDALS,0.0484
200309,iEQDALS,0.019
200310,iEQDALS,0.0406
200311,iEQDALS,-0.0176
200312,iEQDALS,0.0315
200401,iEQDALS,0.0195
200402,iEQDALS,0.0164
200403,iEQDALS,0.025
200404,iEQDALS,-0.0096
200405,iEQDALS,-0.0194
200406,iEQDALS,0.0108
200407,iEQDALS,-0.008
200408,iEQDALS,0.0027
200409,iEQDALS,0.0105
200410,iEQDALS,0.0065
200411,iEQDALS,0.0283
200412,iEQDALS,0.0109
200501,iEQDALS,0.0146
200502,iEQDALS,0.0249
200503,iEQDALS,-0.0056
200504,iEQDALS,-0.0123
200505,iEQDALS,0.001
200506,iEQDALS,0.0164
200507,iEQDALS,0.0231
200508,iEQDALS,0.0073
200509,iEQDALS,0.0319
200510,iEQDALS,-0.0081
200511,iEQDALS,0.0267
200512,iEQDALS,0.054
200601,iEQDALS,0.0519
200602,iEQDALS,-0.0017
200603,iEQDALS,0.0405
200604,iEQDALS,0.0199
200605,iEQDALS,-0.0243
200606,iEQDALS,0.0034
200607,iEQDALS,-0.0099
200608,iEQDALS,0.0176
200609,iEQDALS,0.0208
200610,iEQDALS,0.0215
200611,iEQDALS,0.0369
200612,iEQDALS,0.0504
200701,iEQDALS,0.0243
200702,iEQDALS,0.0203
200703,iEQDALS,0.0128
200704,iEQDALS,0.0275
200705,iEQDALS,0.0563
200706,iEQDALS,0.0266
200707,iEQDALS,0.0295
200708,iEQDALS,-0.0156
200709,iEQDALS,0.0542
200710,iEQDALS,0.0329
200711,iEQDALS,-0.0335
200712,iEQDALS,0.0012
200801,iEQDALS,-0.0589
200802,iEQDALS,0.0225
200803,iEQDALS,-0.0458
200804,iEQDALS,0.0209
200805,iEQDALS,0.014
200806,iEQDALS,-0.0401
200807,iEQDALS,-0.0234
200808,iEQDALS,-0.0381
200809,iEQDALS,-0.0712
200810,iEQDALS,-0.0802
200811,iEQDALS,-0.0046
200812,iEQDALS,0.0387
200901,iEQDALS,-0.0095
200902,iEQDALS,-0.0058
200903,iEQDALS,0.0334
200904,iEQDALS,0.0483
200905,iEQDALS,0.105
200906,iEQDALS,0.044
200907,iEQDALS,0.0447
200908,iEQDALS,-0.0016
200909,iEQDALS,0.0285
200910,iEQDALS,0.012
200911,iEQDALS,0.0065
200912,iEQDALS,0.0346
201001,iEQDALS,-0.0151
201002,iEQDALS,0.0047
201003,iEQDALS,0.0387
201004,iEQDALS,0.0332
201005,iEQDALS,-0.0519
201006,iEQDALS,-0.0021
201007,iEQDALS,0.0161
201008,iEQDALS,0.0091
201009,iEQDALS,0.0495
201010,iEQDALS,0.013
201011,iEQDALS,0.0244
201012,iEQDALS,0.0219
201101,iEQDALS,0.003
201102,iEQDALS,0.0048
201103,iEQDALS,0.0049
201104,iEQDALS,0.0199
201105,iEQDALS,-0.0048
201106,iEQDALS,-0.0049
201107,iEQDALS,0.0146
201108,iEQDALS,-0.0263
201109,iEQDALS,-0.0558
201110,iEQDALS,0.0246
201111,iEQDALS,-0.0273
201112,iEQDALS,-0.002
201201,iEQDALS,0.0244
201202,iEQDALS,0.0401
201203,iEQDALS,0.0045
201204,iEQDALS,0.0025
201205,iEQDALS,-0.0358
201206,iEQDALS,0.0069
201207,iEQDALS,-0.003
201208,iEQDALS,0.0087
201209,iEQDALS,0.0216
201210,iEQDALS,0.0081
201211,iEQDALS,0.0205
201212,iEQDALS,0.0315
201301,iEQDALS,0.0528
201302,iEQDALS,0.0109
201303,iEQDALS,0.0316
201304,iEQDALS,0.0343
201305,iEQDALS,0.0083
201306,iEQDALS,-0.0198
201307,iEQDALS,0.0139
201308,iEQDALS,0.002
201309,iEQDALS,0.0303
201310,iEQDALS,0.0186
201311,iEQDALS,0.021
201312,iEQDALS,0.0203
201401,iEQDALS,-0.0052
201402,iEQDALS,0.011
201403,iEQDALS,-0.0126
201404,iEQDALS,-0.0114
201405,iEQDALS,0.0169
201406,iEQDALS,0.0235
201407,iEQDALS,0.0093
201408,iEQDALS,0.0082
201409,iEQDALS,0.009
201410,iEQDALS,0.0052
201411,iEQDALS,0.0156
201412,iEQDALS,0.0126
201501,iEQDALS,0.0035
201502,iEQDALS,0.0122
201503,iEQDALS,0.0222
201504,iEQDALS,0.056
201505,iEQDALS,0.0217
201506,iEQDALS,-0.0105
201507,iEQDALS,-0.017
201508,iEQDALS,-0.0329
201509,iEQDALS,-0.0065
201510,iEQDALS,0.0318
201511,iEQDALS,0.0101
201512,iEQDALS,0.0038
201601,iEQDALS,-0.0452
201602,iEQDALS,-0.0295
201603,iEQDALS,0.0243
201604,iEQDALS,-0.0034
201605,iEQDALS,0.0075
201606,iEQDALS,-0.0136
201607,iEQDALS,0.0227
201608,iEQDALS,0.0099
201609,iEQDALS,0.008
201610,iEQDALS,0.004
201611,iEQDALS,-0.0045
201612,iEQDALS,-0.0058
201701,iEQDALS,0.0153
201702,iEQDALS,0.0147
201703,iEQDALS,0.0185
201704,iEQDALS,0.0117
201705,iEQDALS,0.0169
201706,iEQDALS,0.0168
201707,iEQDALS,0.023
201708,iEQDALS,0.0168
201709,iEQDALS,0.0155
201710,iEQDALS,0.0201
201711,iEQDALS,0.0056
201712,iEQDALS,0.0136
201801,iEQDALS,0.0323
201802,iEQDALS,-0.0129
201803,iEQDALS,-0.0074
201804,iEQDALS,-0.0052
201805,iEQDALS,0.0194
201806,iEQDALS,-0.0189
201807,iEQDALS,-0.0082
201808,iEQDALS,-0.0205
201809,iEQDALS,-0.0069
201810,iEQDALS,-0.0372
201811,iEQDALS,-0.0005
201812,iEQDALS,-0.0222
201901,iEQDALS,0.0266
201902,iEQDALS,0.0245
201903,iEQDALS,0.0163
201904,iEQDALS,0.0013
201905,iEQDALS,-0.0308
201906,iEQDALS,0.0138
201907,iEQDALS,0.0027
201908,iEQDALS,-0.0073
201909,iEQDALS,0.003
201910,iEQDALS,0.0226
201911,iEQDALS,0.0052
201912,iEQDALS,0.0258
202001,iEQDALS,-0.0082
202002,iEQDALS,-0.0024
202003,iEQDALS,-0.0436
202004,iEQDALS,0.0396
202005,iEQDALS,0.0235
202006,iEQDALS,0.0499
202007,iEQDALS,0.0487
202008,iEQDALS,0.0281
202009,iEQDALS,-0.0042
202010,iEQDALS,0.0056
202011,iEQDALS,0.0328
202012,iEQDALS,0.0462
202101,iEQDALS,0.0296
202102,iEQDALS,0.018
202103,iEQDALS,-0.0085
202104,iEQDALS,0.0235
202105,iEQDALS,0.0077
202106,iEQDALS,0.0045
202107,iEQDALS,-0.0273
202108,iEQDALS,0.0088
202109,iEQDALS,-0.0058
202110,iEQDALS,0.0062
202111,iEQDALS,-0.0076
202112,iEQDALS,-0.0051
202201,iEQDALS,-0.0424
202202,iEQDALS,-0.0075
202203,iEQDALS,-0.0236
202204,iEQDALS,-0.0159
202205,iEQDALS,0.0014
202206,iEQDALS,0.0106
202207,iEQDALS,-0.0184
202208,iEQDALS,0.0086
202209,iEQDALS,-0.0355
202210,iEQDALS,-0.0275
202211,iEQDALS,0.0632
202212,iEQDALS,0.0087
202301,iEQDALS,0.054
202302,iEQDALS,-0.0279
202303,iEQDALS,-0.0012
202304,iEQDALS,-0.0116
202305,iEQDALS,-0.0166
202306,iEQDALS,0.0218
202307,iEQDALS,0.0222
202308,iEQDALS,-0.01
202309,iEQDALS,-0.0088
202310,iEQDALS,-0.0129
202311,iEQDALS,0.0233
202312,iEQDALS,-0.0029
202401,iEQDALS,-0.0097
202402,iEQDALS,0.0381
202403,iEQDALS,0.0222
202404,iEQDALS,0.0098
202405,iEQDALS,0.0204
202406,iEQDALS,0.0055
202407,iEQDALS,-0.0089
202408,iEQDALS,-0.0093
202409,iEQDALS,0.0586
202410,iEQDALS,-0.0109
202411,iEQDALS,0.0028
202412,iEQDALS,0.0158
202501,iEQDALS,0.0068
202502,iEQDALS,0.0135
202503,iEQDALS,0.0073
202504,iEQDALS,-0.0011
202505,iEQDALS,0.0271
202506,iEQDALS,0.0305
202507,iEQDALS,0.0242
202508,iEQDALS,0.0414
202509,iEQDALS,0.027
202510,iEQDALS,0.0051
202511,iEQDALS,-0.0071
202512,iEQDALS,0.0143
202601,iEQDALS,0.0431
202602,iEQDALS,0.027
202603,iEQDALS,-0.0597
202604,iEQDALS,0.084
200301,iEQDALSFUN,0.0006
200302,iEQDALSFUN,-0.006
200303,iEQDALSFUN,-0.0111
200304,iEQDALSFUN,0.027
200305,iEQDALSFUN,0.027
200306,iEQDALSFUN,0.0401
200307,iEQDALSFUN,0.0345
200308,iEQDALSFUN,0.0484
200309,iEQDALSFUN,0.019
200310,iEQDALSFUN,0.0406
200311,iEQDALSFUN,-0.0176
200312,iEQDALSFUN,0.0315
200401,iEQDALSFUN,0.0195
200402,iEQDALSFUN,0.0164
200403,iEQDALSFUN,0.025
200404,iEQDALSFUN,-0.0096
200405,iEQDALSFUN,-0.0194
200406,iEQDALSFUN,0.0108
200407,iEQDALSFUN,-0.008
200408,iEQDALSFUN,0.0027
200409,iEQDALSFUN,0.0105
200410,iEQDALSFUN,0.0065
200411,iEQDALSFUN,0.0283
200412,iEQDALSFUN,0.0109
200501,iEQDALSFUN,0.0146
200502,iEQDALSFUN,0.0249
200503,iEQDALSFUN,-0.0056
200504,iEQDALSFUN,-0.0123
200505,iEQDALSFUN,0.001
200506,iEQDALSFUN,0.0164
200507,iEQDALSFUN,0.0231
200508,iEQDALSFUN,0.0073
200509,iEQDALSFUN,0.0319
200510,iEQDALSFUN,-0.0081
200511,iEQDALSFUN,0.0267
200512,iEQDALSFUN,0.054
200601,iEQDALSFUN,0.0522
200602,iEQDALSFUN,0.0026
200603,iEQDALSFUN,0.0409
200604,iEQDALSFUN,0.0233
200605,iEQDALSFUN,-0.0186
200606,iEQDALSFUN,0.0039
200607,iEQDALSFUN,-0.0068
200608,iEQDALSFUN,0.0171
200609,iEQDALSFUN,0.0238
200610,iEQDALSFUN,0.0213
200611,iEQDALSFUN,0.041
200612,iEQDALSFUN,0.0508
200701,iEQDALSFUN,0.025
200702,iEQDALSFUN,0.0186
200703,iEQDALSFUN,0.014
200704,iEQDALSFUN,0.0294
200705,iEQDALSFUN,0.0591
200706,iEQDALSFUN,0.0273
200707,iEQDALSFUN,0.0327
200708,iEQDALSFUN,-0.0167
200709,iEQDALSFUN,0.0574
200710,iEQDALSFUN,0.0336
200711,iEQDALSFUN,-0.0336
200712,iEQDALSFUN,0.0006
200801,iEQDALSFUN,-0.0593
200802,iEQDALSFUN,0.025
200803,iEQDALSFUN,-0.0485
200804,iEQDALSFUN,0.0213
200805,iEQDALSFUN,0.0133
200806,iEQDALSFUN,-0.0415
200807,iEQDALSFUN,-0.0256
200808,iEQDALSFUN,-0.0395
200809,iEQDALSFUN,-0.0719
200810,iEQDALSFUN,-0.0858
200811,iEQDALSFUN,-0.0038
200812,iEQDALSFUN,0.0394
200901,iEQDALSFUN,-0.0043
200902,iEQDALSFUN,-0.0012
200903,iEQDALSFUN,0.034
200904,iEQDALSFUN,0.0592
200905,iEQDALSFUN,0.1114
200906,iEQDALSFUN,0.0416
200907,iEQDALSFUN,0.0516
200908,iEQDALSFUN,-0.0029
200909,iEQDALSFUN,0.0373
200910,iEQDALSFUN,0.0157
200911,iEQDALSFUN,0.0175
200912,iEQDALSFUN,0.0336
201001,iEQDALSFUN,-0.0184
201002,iEQDALSFUN,0.0071
201003,iEQDALSFUN,0.0359
201004,iEQDALSFUN,0.0285
201005,iEQDALSFUN,-0.0511
201006,iEQDALSFUN,0.0022
201007,iEQDALSFUN,0.0196
201008,iEQDALSFUN,0.0132
201009,iEQDALSFUN,0.0542
201010,iEQDALSFUN,0.0194
201011,iEQDALSFUN,0.0164
201012,iEQDALSFUN,0.0135
201101,iEQDALSFUN,0.001
201102,iEQDALSFUN,0.0009
201103,iEQDALSFUN,0.0067
201104,iEQDALSFUN,0.0245
201105,iEQDALSFUN,-0.0037
201106,iEQDALSFUN,-0.0065
201107,iEQDALSFUN,0.0158
201108,iEQDALSFUN,-0.0285
201109,iEQDALSFUN,-0.0621
201110,iEQDALSFUN,0.0289
201111,iEQDALSFUN,-0.0285
201112,iEQDALSFUN,-0.0093
201201,iEQDALSFUN,0.0246
201202,iEQDALSFUN,0.0412
201203,iEQDALSFUN,0.0027
201204,iEQDALSFUN,0.0022
201205,iEQDALSFUN,-0.0374
201206,iEQDALSFUN,0.0031
201207,iEQDALSFUN,-0.0036
201208,iEQDALSFUN,0.0084
201209,iEQDALSFUN,0.0231
201210,iEQDALSFUN,0.0071
201211,iEQDALSFUN,0.0197
201212,iEQDALSFUN,0.0303
201301,iEQDALSFUN,0.0495
201302,iEQDALSFUN,0.0089
201303,iEQDALSFUN,0.0125
201304,iEQDALSFUN,0.0273
201305,iEQDALSFUN,0.0161
201306,iEQDALSFUN,-0.0198
201307,iEQDALSFUN,0.0172
201308,iEQDALSFUN,0.0032
201309,iEQDALSFUN,0.0305
201310,iEQDALSFUN,0.0195
201311,iEQDALSFUN,0.0191
201312,iEQDALSFUN,0.0201
201401,iEQDALSFUN,-0.0047
201402,iEQDALSFUN,0.0136
201403,iEQDALSFUN,-0.0162
201404,iEQDALSFUN,-0.012
201405,iEQDALSFUN,0.0157
201406,iEQDALSFUN,0.0216
201407,iEQDALSFUN,0.0111
201408,iEQDALSFUN,0.0083
201409,iEQDALSFUN,0.0063
201410,iEQDALSFUN,0.0051
201411,iEQDALSFUN,0.014
201412,iEQDALSFUN,0.0125
201501,iEQDALSFUN,0.0041
201502,iEQDALSFUN,0.0107
201503,iEQDALSFUN,0.0218
201504,iEQDALSFUN,0.065
201505,iEQDALSFUN,0.0225
201506,iEQDALSFUN,-0.0152
201507,iEQDALSFUN,-0.0216
201508,iEQDALSFUN,-0.0347
201509,iEQDALSFUN,-0.0041
201510,iEQDALSFUN,0.0347
201511,iEQDALSFUN,0.0105
201512,iEQDALSFUN,0.0048
201601,iEQDALSFUN,-0.0481
201602,iEQDALSFUN,-0.026
201603,iEQDALSFUN,0.0271
201604,iEQDALSFUN,-0.0009
201605,iEQDALSFUN,0.0067
201606,iEQDALSFUN,-0.0104
201607,iEQDALSFUN,0.022
201608,iEQDALSFUN,0.0127
201609,iEQDALSFUN,0.0074
201610,iEQDALSFUN,-0.0015
201611,iEQDALSFUN,-0.0074
201612,iEQDALSFUN,-0.0102
201701,iEQDALSFUN,0.0184
201702,iEQDALSFUN,0.0154
201703,iEQDALSFUN,0.0209
201704,iEQDALSFUN,0.0119
201705,iEQDALSFUN,0.0167
201706,iEQDALSFUN,0.0178
201707,iEQDALSFUN,0.0246
201708,iEQDALSFUN,0.0177
201709,iEQDALSFUN,0.0173
201710,iEQDALSFUN,0.021
201711,iEQDALSFUN,0.0075
201712,iEQDALSFUN,0.0142
201801,iEQDALSFUN,0.0348
201802,iEQDALSFUN,-0.0129
201803,iEQDALSFUN,-0.0064
201804,iEQDALSFUN,-0.0088
201805,iEQDALSFUN,0.0215
201806,iEQDALSFUN,-0.0222
201807,iEQDALSFUN,-0.0109
201808,iEQDALSFUN,-0.0228
201809,iEQDALSFUN,-0.01
201810,iEQDALSFUN,-0.0374
201811,iEQDALSFUN,-0.0013
201812,iEQDALSFUN,-0.0192
201901,iEQDALSFUN,0.0265
201902,iEQDALSFUN,0.0243
201903,iEQDALSFUN,0.0175
201904,iEQDALSFUN,0.0
201905,iEQDALSFUN,-0.0313
201906,iEQDALSFUN,0.0152
201907,iEQDALSFUN,0.0028
201908,iEQDALSFUN,-0.0054
201909,iEQDALSFUN,-0.0012
201910,iEQDALSFUN,0.0229
201911,iEQDALSFUN,0.0029
201912,iEQDALSFUN,0.0273
202001,iEQDALSFUN,-0.0067
202002,iEQDALSFUN,0.006
202003,iEQDALSFUN,-0.0465
202004,iEQDALSFUN,0.0407
202005,iEQDALSFUN,0.0218
202006,iEQDALSFUN,0.0554
202007,iEQDALSFUN,0.0542
202008,iEQDALSFUN,0.0251
202009,iEQDALSFUN,-0.0094
202010,iEQDALSFUN,0.0091
202011,iEQDALSFUN,0.0308
202012,iEQDALSFUN,0.0503
202101,iEQDALSFUN,0.0308
202102,iEQDALSFUN,0.021
202103,iEQDALSFUN,-0.0143
202104,iEQDALSFUN,0.0263
202105,iEQDALSFUN,0.0082
202106,iEQDALSFUN,0.0032
202107,iEQDALSFUN,-0.0286
202108,iEQDALSFUN,0.0051
202109,iEQDALSFUN,-0.0082
202110,iEQDALSFUN,0.0089
202111,iEQDALSFUN,-0.0062
202112,iEQDALSFUN,-0.008
202201,iEQDALSFUN,-0.0391
202202,iEQDALSFUN,-0.01
202203,iEQDALSFUN,-0.0274
202204,iEQDALSFUN,-0.0165
202205,iEQDALSFUN,0.0012
202206,iEQDALSFUN,0.0137
202207,iEQDALSFUN,-0.0229
202208,iEQDALSFUN,0.0099
202209,iEQDALSFUN,-0.0362
202210,iEQDALSFUN,-0.032
202211,iEQDALSFUN,0.0666
202212,iEQDALSFUN,0.0118
202301,iEQDALSFUN,0.0557
202302,iEQDALSFUN,-0.0295
202303,iEQDALSFUN,-0.0028
202304,iEQDALSFUN,-0.015
202305,iEQDALSFUN,-0.0184
202306,iEQDALSFUN,0.0208
202307,iEQDALSFUN,0.0237
202308,iEQDALSFUN,-0.0121
202309,iEQDALSFUN,-0.0107
202310,iEQDALSFUN,-0.0136
202311,iEQDALSFUN,0.023
202312,iEQDALSFUN,-0.004
202401,iEQDALSFUN,-0.0116
202402,iEQDALSFUN,0.042
202403,iEQDALSFUN,0.0202
202404,iEQDALSFUN,0.0133
202405,iEQDALSFUN,0.0184
202406,iEQDALSFUN,0.0025
202407,iEQDALSFUN,-0.0146
202408,iEQDALSFUN,-0.0101
202409,iEQDALSFUN,0.0607
202410,iEQDALSFUN,-0.0087
202411,iEQDALSFUN,0.003
202412,iEQDALSFUN,0.0155
202501,iEQDALSFUN,0.0078
202502,iEQDALSFUN,0.0149
202503,iEQDALSFUN,0.0074
202504,iEQDALSFUN,-0.0038
202505,iEQDALSFUN,0.0275
202506,iEQDALSFUN,0.0335
202507,iEQDALSFUN,0.0212
202508,iEQDALSFUN,0.0431
202509,iEQDALSFUN,0.0268
202510,iEQDALSFUN,0.0052
202511,iEQDALSFUN,-0.0102
202512,iEQDALSFUN,0.0113
202601,iEQDALSFUN,0.0442
202602,iEQDALSFUN,0.0282
202603,iEQDALSFUN,-0.0618
202604,iEQDALSFUN,0.0829
200001,iEQDELS,0.0267
200002,iEQDELS,0.1739
200003,iEQDELS,-0.0352
200004,iEQDELS,-0.0211
200005,iEQDELS,-0.0341
200006,iEQDELS,0.0062
200007,iEQDELS,0.023
200008,iEQDELS,0.0211
200009,iEQDELS,-0.0206
200010,iEQDELS,-0.0068
200011,iEQDELS,0.0095
200012,iEQDELS,0.0167
200101,iEQDELS,-0.0012
200102,iEQDELS,0.0008
200103,iEQDELS,-0.0228
200104,iEQDELS,0.0086
200105,iEQDELS,0.0127
200106,iEQDELS,-0.0018
200107,iEQDELS,-0.0023
200108,iEQDELS,0.0117
200109,iEQDELS,0.0072
200110,iEQDELS,-0.0095
200111,iEQDELS,0.0094
200112,iEQDELS,0.0078
200201,iEQDELS,0.0059
200202,iEQDELS,0.0105
200203,iEQDELS,0.0113
200204,iEQDELS,0.0081
200205,iEQDELS,0.0029
200206,iEQDELS,-0.0205
200207,iEQDELS,-0.0153
200208,iEQDELS,0.0032
200209,iEQDELS,-0.0206
200210,iEQDELS,-0.0258
200211,iEQDELS,-0.0058
200212,iEQDELS,0.0043
200301,iEQDELS,0.0001
200302,iEQDELS,-0.0015
200303,iEQDELS,0.01
200304,iEQDELS,-0.0017
200305,iEQDELS,0.0052
200306,iEQDELS,0.0037
200307,iEQDELS,0.0088
200308,iEQDELS,0.0162
200309,iEQDELS,-0.0147
200310,iEQDELS,0.0227
200311,iEQDELS,-0.0036
200312,iEQDELS,0.0141
200401,iEQDELS,0.0461
200402,iEQDELS,0.0211
200403,iEQDELS,-0.0182
200404,iEQDELS,0.0078
200405,iEQDELS,-0.0045
200406,iEQDELS,0.0087
200407,iEQDELS,0.0006
200408,iEQDELS,-0.0073
200409,iEQDELS,0.0141
200410,iEQDELS,0.0072
200411,iEQDELS,0.0189
200412,iEQDELS,0.0264
200501,iEQDELS,0.0238
200502,iEQDELS,0.0316
200503,iEQDELS,-0.0039
200504,iEQDELS,-0.0128
200505,iEQDELS,0.0013
200506,iEQDELS,0.0273
200507,iEQDELS,0.0326
200508,iEQDELS,0.0178
200509,iEQDELS,0.0255
200510,iEQDELS,-0.0344
200511,iEQDELS,0.0212
200512,iEQDELS,0.036
200601,iEQDELS,0.0502
200602,iEQDELS,0.0253
200603,iEQDELS,0.0269
200604,iEQDELS,0.0215
200605,iEQDELS,-0.0319
200606,iEQDELS,-0.0078
200607,iEQDELS,0.0005
200608,iEQDELS,0.01
200609,iEQDELS,0.0075
200610,iEQDELS,0.025
200611,iEQDELS,0.0123
200612,iEQDELS,0.0336
200701,iEQDELS,0.0271
200702,iEQDELS,0.0024
200703,iEQDELS,0.0283
200704,iEQDELS,0.0292
200705,iEQDELS,0.0219
200706,iEQDELS,-0.0027
200707,iEQDELS,-0.0128
200708,iEQDELS,-0.0203
200709,iEQDELS,0.0133
200710,iEQDELS,0.0215
200711,iEQDELS,-0.0365
200712,iEQDELS,0.0035
200801,iEQDELS,-0.0503
200802,iEQDELS,0.0119
200803,iEQDELS,-0.017
200804,iEQDELS,0.0285
200805,iEQDELS,0.0145
200806,iEQDELS,-0.0262
200807,iEQDELS,-0.021
200808,iEQDELS,0.0085
200809,iEQDELS,-0.0666
200810,iEQDELS,-0.0488
200811,iEQDELS,-0.0127
200812,iEQDELS,0.007
200901,iEQDELS,0.0077
200902,iEQDELS,-0.0091
200903,iEQDELS,0.0148
200904,iEQDELS,0.0806
200905,iEQDELS,0.0448
200906,iEQDELS,-0.006
200907,iEQDELS,0.0395
200908,iEQDELS,0.0542
200909,iEQDELS,0.0423
200910,iEQDELS,-0.019
200911,iEQDELS,0.0034
200912,iEQDELS,0.0302
201001,iEQDELS,-0.0015
201002,iEQDELS,0.0008
201003,iEQDELS,0.0329
201004,iEQDELS,0.0099
201005,iEQDELS,-0.0345
201006,iEQDELS,-0.0126
201007,iEQDELS,0.0197
201008,iEQDELS,-0.009
201009,iEQDELS,0.0361
201010,iEQDELS,0.0305
201011,iEQDELS,0.0061
201012,iEQDELS,0.0402
201101,iEQDELS,-0.0027
201102,iEQDELS,0.0092
201103,iEQDELS,0.0006
201104,iEQDELS,0.0193
201105,iEQDELS,-0.0053
201106,iEQDELS,-0.0018
201107,iEQDELS,-0.0174
201108,iEQDELS,-0.0458
201109,iEQDELS,-0.0267
201110,iEQDELS,0.025
201111,iEQDELS,-0.019
201112,iEQDELS,0.0009
201201,iEQDELS,0.0321
201202,iEQDELS,0.0376
201203,iEQDELS,0.013
201204,iEQDELS,-0.0002
201205,iEQDELS,-0.035
201206,iEQDELS,0.0038
201207,iEQDELS,0.0174
201208,iEQDELS,0.0166
201209,iEQDELS,0.0114
201210,iEQDELS,0.0097
201211,iEQDELS,0.022
201212,iEQDELS,0.0133
201301,iEQDELS,0.0325
201302,iEQDELS,0.0159
201303,iEQDELS,0.0081
201304,iEQDELS,0.0071
201305,iEQDELS,0.0242
201306,iEQDELS,-0.0159
201307,iEQDELS,0.032
201308,iEQDELS,-0.0064
201309,iEQDELS,0.0249
201310,iEQDELS,0.0355
201311,iEQDELS,0.0135
201312,iEQDELS,0.0138
201401,iEQDELS,0.0066
201402,iEQDELS,0.0341
201403,iEQDELS,-0.004
201404,iEQDELS,-0.0151
201405,iEQDELS,0.0071
201406,iEQDELS,-0.0075
201407,iEQDELS,-0.018
201408,iEQDELS,0.0079
201409,iEQDELS,-0.0013
201410,iEQDELS,-0.0076
201411,iEQDELS,0.0209
201412,iEQDELS,0.0032
201501,iEQDELS,0.0165
201502,iEQDELS,0.0441
201503,iEQDELS,0.0137
201504,iEQDELS,0.0018
201505,iEQDELS,0.0206
201506,iEQDELS,-0.0171
201507,iEQDELS,0.0204
201508,iEQDELS,-0.0207
201509,iEQDELS,-0.0137
201510,iEQDELS,0.0214
201511,iEQDELS,0.0119
201512,iEQDELS,-0.0008
201601,iEQDELS,-0.0481
201602,iEQDELS,-0.0086
201603,iEQDELS,0.0169
201604,iEQDELS,-0.0033
201605,iEQDELS,0.0178
201606,iEQDELS,-0.0482
201607,iEQDELS,0.0297
201608,iEQDELS,0.0103
201609,iEQDELS,0.0089
201610,iEQDELS,-0.0071
201611,iEQDELS,0.0014
201612,iEQDELS,0.0472
201701,iEQDELS,0.006
201702,iEQDELS,0.0106
201703,iEQDELS,0.024
201704,iEQDELS,0.0213
201705,iEQDELS,0.0121
201706,iEQDELS,-0.0003
201707,iEQDELS,0.0095
201708,iEQDELS,0.002
201709,iEQDELS,0.0178
201710,iEQDELS,0.0121
201711,iEQDELS,-0.0061
201712,iEQDELS,0.0116
201801,iEQDELS,0.0166
201802,iEQDELS,-0.0096
201803,iEQDELS,-0.0107
201804,iEQDELS,0.0213
201805,iEQDELS,0.0056
201806,iEQDELS,-0.0047
201807,iEQDELS,0.0088
201808,iEQDELS,-0.0043
201809,iEQDELS,-0.0033
201810,iEQDELS,-0.0481
201811,iEQDELS,-0.0164
201812,iEQDELS,-0.0276
201901,iEQDELS,0.0297
201902,iEQDELS,0.0144
201903,iEQDELS,0.0019
201904,iEQDELS,0.0226
201905,iEQDELS,-0.0185
201906,iEQDELS,0.0174
201907,iEQDELS,0.005
201908,iEQDELS,-0.0051
201909,iEQDELS,0.0062
201910,iEQDELS,0.0127
201911,iEQDELS,0.0161
201912,iEQDELS,0.0205
202001,iEQDELS,0.0001
202002,iEQDELS,-0.0445
202003,iEQDELS,-0.1131
202004,iEQDELS,0.0562
202005,iEQDELS,0.0211
202006,iEQDELS,0.0132
202007,iEQDELS,0.0034
202008,iEQDELS,0.0323
202009,iEQDELS,-0.0018
202010,iEQDELS,-0.0131
202011,iEQDELS,0.0787
202012,iEQDELS,0.0327
202101,iEQDELS,-0.0076
202102,iEQDELS,0.0296
202103,iEQDELS,0.0264
202104,iEQDELS,0.0243
202105,iEQDELS,0.0061
202106,iEQDELS,-0.0031
202107,iEQDELS,0.0105
202108,iEQDELS,0.0095
202109,iEQDELS,-0.0107
202110,iEQDELS,0.013
202111,iEQDELS,-0.0207
202112,iEQDELS,0.0213
202201,iEQDELS,-0.0269
202202,iEQDELS,-0.0176
202203,iEQDELS,0.0029
202204,iEQDELS,-0.0012
202205,iEQDELS,-0.0069
202206,iEQDELS,-0.0393
202207,iEQDELS,0.0226
202208,iEQDELS,-0.0174
202209,iEQDELS,-0.0269
202210,iEQDELS,0.0291
202211,iEQDELS,0.0354
202212,iEQDELS,-0.014
202301,iEQDELS,0.0469
202302,iEQDELS,0.0111
202303,iEQDELS,-0.0113
202304,iEQDELS,0.008
202305,iEQDELS,-0.007
202306,iEQDELS,0.0072
202307,iEQDELS,0.0129
202308,iEQDELS,-0.0053
202309,iEQDELS,-0.0089
202310,iEQDELS,-0.0185
202311,iEQDELS,0.0398
202312,iEQDELS,0.032
202401,iEQDELS,0.0086
202402,iEQDELS,0.0145
202403,iEQDELS,0.0317
202404,iEQDELS,-0.0018
202405,iEQDELS,0.0192
202406,iEQDELS,-0.0164
202407,iEQDELS,0.0174
202408,iEQDELS,0.0044
202409,iEQDELS,-0.0126
202410,iEQDELS,-0.0106
202411,iEQDELS,0.0101
202412,iEQDELS,0.0047
202501,iEQDELS,0.0276
202502,iEQDELS,0.0021
202503,iEQDELS,-0.0201
202504,iEQDELS,0.0144
202505,iEQDELS,0.0453
202506,iEQDELS,0.0204
202507,iEQDELS,0.0003
202508,iEQDELS,0.0009
202509,iEQDELS,0.0119
202510,iEQDELS,0.0055
202511,iEQDELS,-0.0025
202512,iEQDELS,0.0113
202601,iEQDELS,0.0172
202602,iEQDELS,0.0057
202603,iEQDELS,-0.0456
202604,iEQDELS,0.0491
200701,iEQDELSACT,0.0258
200702,iEQDELSACT,-0.0043
200703,iEQDELSACT,0.0432
200704,iEQDELSACT,0.0257
200705,iEQDELSACT,0.0495
200706,iEQDELSACT,-0.0359
200707,iEQDELSACT,-0.0124
200708,iEQDELSACT,-0.0144
200709,iEQDELSACT,0.0606
200710,iEQDELSACT,0.0717
200711,iEQDELSACT,-0.0496
200712,iEQDELSACT,0.0154
200801,iEQDELSACT,-0.1258
200802,iEQDELSACT,0.0145
200803,iEQDELSACT,-0.0243
200804,iEQDELSACT,0.037
200805,iEQDELSACT,0.0059
200806,iEQDELSACT,-0.1048
200807,iEQDELSACT,-0.0124
200808,iEQDELSACT,0.0062
200809,iEQDELSACT,-0.1427
200810,iEQDELSACT,-0.073
200811,iEQDELSACT,-0.0529
200812,iEQDELSACT,0.1144
200901,iEQDELSACT,0.0475
200902,iEQDELSACT,-0.0279
200903,iEQDELSACT,0.0443
200904,iEQDELSACT,0.2521
200905,iEQDELSACT,0.0641
200906,iEQDELSACT,-0.0037
200907,iEQDELSACT,0.0779
200908,iEQDELSACT,0.099
200909,iEQDELSACT,0.046
200910,iEQDELSACT,0.0166
200911,iEQDELSACT,-0.0179
200912,iEQDELSACT,0.02
201001,iEQDELSACT,0.0023
201002,iEQDELSACT,-0.0027
201003,iEQDELSACT,0.0371
201004,iEQDELSACT,0.0743
201005,iEQDELSACT,-0.0626
201006,iEQDELSACT,-0.0379
201007,iEQDELSACT,0.01
201008,iEQDELSACT,-0.0124
201009,iEQDELSACT,0.083
201010,iEQDELSACT,0.0302
201011,iEQDELSACT,-0.0189
201012,iEQDELSACT,0.0782
201101,iEQDELSACT,-0.013
201102,iEQDELSACT,0.0155
201103,iEQDELSACT,0.0082
201104,iEQDELSACT,0.0304
201105,iEQDELSACT,-0.0444
201106,iEQDELSACT,0.0138
201107,iEQDELSACT,-0.0192
201108,iEQDELSACT,-0.0626
201109,iEQDELSACT,-0.0938
201110,iEQDELSACT,0.0258
201111,iEQDELSACT,-0.0596
201112,iEQDELSACT,-0.0043
201201,iEQDELSACT,0.0424
201202,iEQDELSACT,0.0586
201203,iEQDELSACT,0.0599
201204,iEQDELSACT,0.0023
201205,iEQDELSACT,-0.0798
201206,iEQDELSACT,0.0119
201207,iEQDELSACT,0.0211
201208,iEQDELSACT,0.0733
201209,iEQDELSACT,0.0174
201210,iEQDELSACT,-0.0023
201211,iEQDELSACT,0.0327
201212,iEQDELSACT,0.0375
201301,iEQDELSACT,0.0355
201302,iEQDELSACT,0.0034
201303,iEQDELSACT,-0.001
201304,iEQDELSACT,0.0346
201305,iEQDELSACT,0.0305
201306,iEQDELSACT,-0.0651
201307,iEQDELSACT,0.0503
201308,iEQDELSACT,0.0189
201309,iEQDELSACT,0.0468
201310,iEQDELSACT,0.0573
201311,iEQDELSACT,0.031
201312,iEQDELSACT,0.0124
201401,iEQDELSACT,0.0144
201402,iEQDELSACT,0.0448
201403,iEQDELSACT,-0.0003
201404,iEQDELSACT,-0.012
201405,iEQDELSACT,-0.0144
201406,iEQDELSACT,-0.0318
201407,iEQDELSACT,-0.0216
201408,iEQDELSACT,0.0139
201409,iEQDELSACT,-0.021
201410,iEQDELSACT,-0.0056
201411,iEQDELSACT,0.0331
201412,iEQDELSACT,-0.0066
201501,iEQDELSACT,0.0142
201502,iEQDELSACT,0.0815
201503,iEQDELSACT,-0.0021
201504,iEQDELSACT,0.0179
201505,iEQDELSACT,0.0263
201506,iEQDELSACT,-0.0325
201507,iEQDELSACT,0.021
201508,iEQDELSACT,-0.0419
201509,iEQDELSACT,-0.0237
201510,iEQDELSACT,0.0552
201511,iEQDELSACT,0.0004
201512,iEQDELSACT,-0.0127
201601,iEQDELSACT,-0.0603
201602,iEQDELSACT,0.0223
201603,iEQDELSACT,0.0475
201604,iEQDELSACT,0.0026
201605,iEQDELSACT,0.0203
201606,iEQDELSACT,-0.0429
201607,iEQDELSACT,0.0374
201608,iEQDELSACT,0.0269
201609,iEQDELSACT,0.0202
201610,iEQDELSACT,-0.0235
201611,iEQDELSACT,0.0139
201612,iEQDELSACT,0.0387
201701,iEQDELSACT,0.0087
201702,iEQDELSACT,0.0175
201703,iEQDELSACT,0.0317
201704,iEQDELSACT,0.0212
201705,iEQDELSACT,0.0087
201706,iEQDELSACT,0.0098
201707,iEQDELSACT,0.0011
201708,iEQDELSACT,-0.0074
201709,iEQDELSACT,0.0151
201710,iEQDELSACT,0.0007
201711,iEQDELSACT,-0.0121
201712,iEQDELSACT,0.0302
201801,iEQDELSACT,0.0033
201802,iEQDELSACT,-0.0072
201803,iEQDELSACT,-0.0148
201804,iEQDELSACT,0.0443
201805,iEQDELSACT,-0.0019
201806,iEQDELSACT,-0.0045
201807,iEQDELSACT,0.0218
201808,iEQDELSACT,-0.0079
201809,iEQDELSACT,-0.0032
201810,iEQDELSACT,-0.0581
201811,iEQDELSACT,-0.0108
201812,iEQDELSACT,-0.0544
201901,iEQDELSACT,0.0593
201902,iEQDELSACT,0.0067
201903,iEQDELSACT,0.0115
201904,iEQDELSACT,0.0466
201905,iEQDELSACT,-0.0251
201906,iEQDELSACT,0.0131
201907,iEQDELSACT,-0.0038
201908,iEQDELSACT,-0.0277
201909,iEQDELSACT,0.0183
201910,iEQDELSACT,0.0289
201911,iEQDELSACT,0.0154
201912,iEQDELSACT,0.0303
202001,iEQDELSACT,-0.0047
202002,iEQDELSACT,-0.11
202003,iEQDELSACT,-0.2983
202004,iEQDELSACT,0.1012
202005,iEQDELSACT,0.0264
202006,iEQDELSACT,-0.005
202007,iEQDELSACT,-0.054
202008,iEQDELSACT,0.1213
202009,iEQDELSACT,-0.0068
202010,iEQDELSACT,-0.0139
202011,iEQDELSACT,0.1748
202012,iEQDELSACT,0.0715
202101,iEQDELSACT,0.0317
202102,iEQDELSACT,0.0674
202103,iEQDELSACT,0.0661
202104,iEQDELSACT,0.0445
202105,iEQDELSACT,-0.0026
202106,iEQDELSACT,-0.0305
202107,iEQDELSACT,0.0303
202108,iEQDELSACT,0.0143
202109,iEQDELSACT,-0.0221
202110,iEQDELSACT,0.009
202111,iEQDELSACT,-0.0369
202112,iEQDELSACT,0.0331
202201,iEQDELSACT,-0.0306
202202,iEQDELSACT,-0.0462
202203,iEQDELSACT,-0.0078
202204,iEQDELSACT,0.0088
202205,iEQDELSACT,-0.0171
202206,iEQDELSACT,-0.0989
202207,iEQDELSACT,0.0557
202208,iEQDELSACT,-0.0309
202209,iEQDELSACT,-0.0735
202210,iEQDELSACT,0.0428
202211,iEQDELSACT,0.0715
202212,iEQDELSACT,-0.0505
202301,iEQDELSACT,0.0894
202302,iEQDELSACT,0.0115
202303,iEQDELSACT,-0.0543
202304,iEQDELSACT,0.0364
202305,iEQDELSACT,-0.0277
202306,iEQDELSACT,-0.0036
202307,iEQDELSACT,0.0378
202308,iEQDELSACT,-0.012
202309,iEQDELSACT,-0.0273
202310,iEQDELSACT,-0.0501
202311,iEQDELSACT,0.0587
202312,iEQDELSACT,0.0897
202401,iEQDELSACT,-0.003
202402,iEQDELSACT,-0.0066
202403,iEQDELSACT,0.0419
202404,iEQDELSACT,-0.0087
202405,iEQDELSACT,0.0426
202406,iEQDELSACT,-0.0313
202407,iEQDELSACT,0.0354
202408,iEQDELSACT,0.0011
202409,iEQDELSACT,-0.0511
202410,iEQDELSACT,-0.0191
202411,iEQDELSACT,0.0121
202412,iEQDELSACT,-0.0065
202501,iEQDELSACT,0.0131
202502,iEQDELSACT,-0.0246
202503,iEQDELSACT,-0.0421
202504,iEQDELSACT,0.0151
202505,iEQDELSACT,0.0453
202506,iEQDELSACT,0.0118
202507,iEQDELSACT,0.0057
202508,iEQDELSACT,0.002
202509,iEQDELSACT,-0.0285
202510,iEQDELSACT,-0.0008
202511,iEQDELSACT,-0.0019
202512,iEQDELSACT,0.0194
202601,iEQDELSACT,0.0236
202602,iEQDELSACT,0.0125
202603,iEQDELSACT,-0.0568
202604,iEQDELSACT,0.0275
200001,iEQDELSFUN,0.0267
200002,iEQDELSFUN,0.1739
200003,iEQDELSFUN,-0.0352
200004,iEQDELSFUN,-0.0211
200005,iEQDELSFUN,-0.0341
200006,iEQDELSFUN,0.0062
200007,iEQDELSFUN,0.023
200008,iEQDELSFUN,0.0211
200009,iEQDELSFUN,-0.0206
200010,iEQDELSFUN,-0.0068
200011,iEQDELSFUN,0.0095
200012,iEQDELSFUN,0.0167
200101,iEQDELSFUN,-0.0012
200102,iEQDELSFUN,0.0008
200103,iEQDELSFUN,-0.0228
200104,iEQDELSFUN,0.0086
200105,iEQDELSFUN,0.0127
200106,iEQDELSFUN,-0.0018
200107,iEQDELSFUN,-0.0023
200108,iEQDELSFUN,0.0117
200109,iEQDELSFUN,0.0072
200110,iEQDELSFUN,-0.0095
200111,iEQDELSFUN,0.0094
200112,iEQDELSFUN,0.0078
200201,iEQDELSFUN,0.0059
200202,iEQDELSFUN,0.0105
200203,iEQDELSFUN,0.0113
200204,iEQDELSFUN,0.0081
200205,iEQDELSFUN,0.0029
200206,iEQDELSFUN,-0.0205
200207,iEQDELSFUN,-0.0153
200208,iEQDELSFUN,0.0032
200209,iEQDELSFUN,-0.0206
200210,iEQDELSFUN,-0.0258
200211,iEQDELSFUN,-0.0058
200212,iEQDELSFUN,0.0043
200301,iEQDELSFUN,0.0001
200302,iEQDELSFUN,-0.0015
200303,iEQDELSFUN,0.01
200304,iEQDELSFUN,-0.0017
200305,iEQDELSFUN,0.0052
200306,iEQDELSFUN,0.0037
200307,iEQDELSFUN,0.0088
200308,iEQDELSFUN,0.0162
200309,iEQDELSFUN,-0.0147
200310,iEQDELSFUN,0.0227
200311,iEQDELSFUN,-0.0036
200312,iEQDELSFUN,0.0141
200401,iEQDELSFUN,0.0461
200402,iEQDELSFUN,0.0211
200403,iEQDELSFUN,-0.0182
200404,iEQDELSFUN,0.0078
200405,iEQDELSFUN,-0.0045
200406,iEQDELSFUN,0.0087
200407,iEQDELSFUN,0.0006
200408,iEQDELSFUN,-0.0073
200409,iEQDELSFUN,0.0141
200410,iEQDELSFUN,0.0072
200411,iEQDELSFUN,0.0189
200412,iEQDELSFUN,0.0264
200501,iEQDELSFUN,0.0238
200502,iEQDELSFUN,0.0316
200503,iEQDELSFUN,-0.0039
200504,iEQDELSFUN,-0.0128
200505,iEQDELSFUN,0.0013
200506,iEQDELSFUN,0.0273
200507,iEQDELSFUN,0.0326
200508,iEQDELSFUN,0.0178
200509,iEQDELSFUN,0.0255
200510,iEQDELSFUN,-0.0344
200511,iEQDELSFUN,0.0212
200512,iEQDELSFUN,0.036
200601,iEQDELSFUN,0.0502
200602,iEQDELSFUN,0.0253
200603,iEQDELSFUN,0.0269
200604,iEQDELSFUN,0.0215
200605,iEQDELSFUN,-0.0319
200606,iEQDELSFUN,-0.0078
200607,iEQDELSFUN,0.0005
200608,iEQDELSFUN,0.01
200609,iEQDELSFUN,0.0075
200610,iEQDELSFUN,0.025
200611,iEQDELSFUN,0.0123
200612,iEQDELSFUN,0.0336
200701,iEQDELSFUN,0.0272
200702,iEQDELSFUN,0.0029
200703,iEQDELSFUN,0.0273
200704,iEQDELSFUN,0.0294
200705,iEQDELSFUN,0.02
200706,iEQDELSFUN,-0.0005
200707,iEQDELSFUN,-0.0128
200708,iEQDELSFUN,-0.0207
200709,iEQDELSFUN,0.0101
200710,iEQDELSFUN,0.0181
200711,iEQDELSFUN,-0.0357
200712,iEQDELSFUN,0.0027
200801,iEQDELSFUN,-0.0419
200802,iEQDELSFUN,0.0116
200803,iEQDELSFUN,-0.0162
200804,iEQDELSFUN,0.0276
200805,iEQDELSFUN,0.0155
200806,iEQDELSFUN,-0.0175
200807,iEQDELSFUN,-0.0219
200808,iEQDELSFUN,0.0088
200809,iEQDELSFUN,-0.0582
200810,iEQDELSFUN,-0.0461
200811,iEQDELSFUN,-0.0082
200812,iEQDELSFUN,-0.0049
200901,iEQDELSFUN,0.0018
200902,iEQDELSFUN,-0.0063
200903,iEQDELSFUN,0.0104
200904,iEQDELSFUN,0.0549
200905,iEQDELSFUN,0.042
200906,iEQDELSFUN,-0.0064
200907,iEQDELSFUN,0.0337
200908,iEQDELSFUN,0.0475
200909,iEQDELSFUN,0.0417
200910,iEQDELSFUN,-0.0243
200911,iEQDELSFUN,0.0066
200912,iEQDELSFUN,0.0317
201001,iEQDELSFUN,-0.0019
201002,iEQDELSFUN,0.0011
201003,iEQDELSFUN,0.0324
201004,iEQDELSFUN,0.0032
201005,iEQDELSFUN,-0.0316
201006,iEQDELSFUN,-0.01
201007,iEQDELSFUN,0.0207
201008,iEQDELSFUN,-0.0086
201009,iEQDELSFUN,0.0313
201010,iEQDELSFUN,0.0306
201011,iEQDELSFUN,0.0087
201012,iEQDELSFUN,0.0362
201101,iEQDELSFUN,-0.0014
201102,iEQDELSFUN,0.0084
201103,iEQDELSFUN,-0.0004
201104,iEQDELSFUN,0.0179
201105,iEQDELSFUN,-0.0003
201106,iEQDELSFUN,-0.0038
201107,iEQDELSFUN,-0.0172
201108,iEQDELSFUN,-0.0436
201109,iEQDELSFUN,-0.018
201110,iEQDELSFUN,0.0249
201111,iEQDELSFUN,-0.0137
201112,iEQDELSFUN,0.0016
201201,iEQDELSFUN,0.0309
201202,iEQDELSFUN,0.035
201203,iEQDELSFUN,0.0073
201204,iEQDELSFUN,-0.0005
201205,iEQDELSFUN,-0.0296
201206,iEQDELSFUN,0.0028
201207,iEQDELSFUN,0.017
201208,iEQDELSFUN,0.0097
201209,iEQDELSFUN,0.0106
201210,iEQDELSFUN,0.0112
201211,iEQDELSFUN,0.0207
201212,iEQDELSFUN,0.0103
201301,iEQDELSFUN,0.0322
201302,iEQDELSFUN,0.0173
201303,iEQDELSFUN,0.0091
201304,iEQDELSFUN,0.004
201305,iEQDELSFUN,0.0235
201306,iEQDELSFUN,-0.0104
201307,iEQDELSFUN,0.0299
201308,iEQDELSFUN,-0.0093
201309,iEQDELSFUN,0.0225
201310,iEQDELSFUN,0.033
201311,iEQDELSFUN,0.0115
201312,iEQDELSFUN,0.014
201401,iEQDELSFUN,0.0059
201402,iEQDELSFUN,0.0332
201403,iEQDELSFUN,-0.0043
201404,iEQDELSFUN,-0.0154
201405,iEQDELSFUN,0.009
201406,iEQDELSFUN,-0.0053
201407,iEQDELSFUN,-0.0176
201408,iEQDELSFUN,0.0073
201409,iEQDELSFUN,0.0005
201410,iEQDELSFUN,-0.0078
201411,iEQDELSFUN,0.0198
201412,iEQDELSFUN,0.0041
201501,iEQDELSFUN,0.0167
201502,iEQDELSFUN,0.0407
201503,iEQDELSFUN,0.0151
201504,iEQDELSFUN,0.0004
201505,iEQDELSFUN,0.0201
201506,iEQDELSFUN,-0.0157
201507,iEQDELSFUN,0.0204
201508,iEQDELSFUN,-0.0188
201509,iEQDELSFUN,-0.0129
201510,iEQDELSFUN,0.0183
201511,iEQDELSFUN,0.013
201512,iEQDELSFUN,0.0003
201601,iEQDELSFUN,-0.0463
201602,iEQDELSFUN,-0.0133
201603,iEQDELSFUN,0.0122
201604,iEQDELSFUN,-0.0042
201605,iEQDELSFUN,0.0175
201606,iEQDELSFUN,-0.049
201607,iEQDELSFUN,0.0285
201608,iEQDELSFUN,0.0077
201609,iEQDELSFUN,0.0072
201610,iEQDELSFUN,-0.0045
201611,iEQDELSFUN,-0.0005
201612,iEQDELSFUN,0.0485
201701,iEQDELSFUN,0.0056
201702,iEQDELSFUN,0.0095
201703,iEQDELSFUN,0.0227
201704,iEQDELSFUN,0.0213
201705,iEQDELSFUN,0.0127
201706,iEQDELSFUN,-0.0021
201707,iEQDELSFUN,0.0109
201708,iEQDELSFUN,0.0036
201709,iEQDELSFUN,0.0182
201710,iEQDELSFUN,0.0141
201711,iEQDELSFUN,-0.0051
201712,iEQDELSFUN,0.0082
201801,iEQDELSFUN,0.0188
201802,iEQDELSFUN,-0.01
201803,iEQDELSFUN,-0.01
201804,iEQDELSFUN,0.0175
201805,iEQDELSFUN,0.0068
201806,iEQDELSFUN,-0.0048
201807,iEQDELSFUN,0.007
201808,iEQDELSFUN,-0.0038
201809,iEQDELSFUN,-0.0033
201810,iEQDELSFUN,-0.0467
201811,iEQDELSFUN,-0.0172
201812,iEQDELSFUN,-0.0235
201901,iEQDELSFUN,0.0254
201902,iEQDELSFUN,0.0155
201903,iEQDELSFUN,0.0005
201904,iEQDELSFUN,0.0192
201905,iEQDELSFUN,-0.0175
201906,iEQDELSFUN,0.0181
201907,iEQDELSFUN,0.0063
201908,iEQDELSFUN,-0.0018
201909,iEQDELSFUN,0.0044
201910,iEQDELSFUN,0.0106
201911,iEQDELSFUN,0.0162
201912,iEQDELSFUN,0.0192
202001,iEQDELSFUN,0.0007
202002,iEQDELSFUN,-0.0351
202003,iEQDELSFUN,-0.0861
202004,iEQDELSFUN,0.0497
202005,iEQDELSFUN,0.0203
202006,iEQDELSFUN,0.0161
202007,iEQDELSFUN,0.0124
202008,iEQDELSFUN,0.0181
202009,iEQDELSFUN,-0.0009
202010,iEQDELSFUN,-0.013
202011,iEQDELSFUN,0.0631
202012,iEQDELSFUN,0.0262
202101,iEQDELSFUN,-0.0135
202102,iEQDELSFUN,0.0239
202103,iEQDELSFUN,0.0203
202104,iEQDELSFUN,0.0212
202105,iEQDELSFUN,0.0075
202106,iEQDELSFUN,0.0012
202107,iEQDELSFUN,0.0073
202108,iEQDELSFUN,0.0087
202109,iEQDELSFUN,-0.0091
202110,iEQDELSFUN,0.0135
202111,iEQDELSFUN,-0.0184
202112,iEQDELSFUN,0.0196
202201,iEQDELSFUN,-0.0264
202202,iEQDELSFUN,-0.0142
202203,iEQDELSFUN,0.0042
202204,iEQDELSFUN,-0.0025
202205,iEQDELSFUN,-0.0056
202206,iEQDELSFUN,-0.0321
202207,iEQDELSFUN,0.0186
202208,iEQDELSFUN,-0.0158
202209,iEQDELSFUN,-0.0212
202210,iEQDELSFUN,0.0275
202211,iEQDELSFUN,0.0309
202212,iEQDELSFUN,-0.0093
202301,iEQDELSFUN,0.0403
202302,iEQDELSFUN,0.0109
202303,iEQDELSFUN,-0.0041
202304,iEQDELSFUN,0.0036
202305,iEQDELSFUN,-0.0034
202306,iEQDELSFUN,0.0085
202307,iEQDELSFUN,0.0089
202308,iEQDELSFUN,-0.0047
202309,iEQDELSFUN,-0.0066
202310,iEQDELSFUN,-0.0138
202311,iEQDELSFUN,0.0374
202312,iEQDELSFUN,0.0226
202401,iEQDELSFUN,0.0099
202402,iEQDELSFUN,0.0183
202403,iEQDELSFUN,0.0302
202404,iEQDELSFUN,-0.0011
202405,iEQDELSFUN,0.0156
202406,iEQDELSFUN,-0.0139
202407,iEQDELSFUN,0.0142
202408,iEQDELSFUN,0.0051
202409,iEQDELSFUN,-0.0061
202410,iEQDELSFUN,-0.0101
202411,iEQDELSFUN,0.0097
202412,iEQDELSFUN,0.0059
202501,iEQDELSFUN,0.0301
202502,iEQDELSFUN,0.0049
202503,iEQDELSFUN,-0.0178
202504,iEQDELSFUN,0.014
202505,iEQDELSFUN,0.046
202506,iEQDELSFUN,0.022
202507,iEQDELSFUN,-0.001
202508,iEQDELSFUN,0.0007
202509,iEQDELSFUN,0.0184
202510,iEQDELSFUN,0.0067
202511,iEQDELSFUN,-0.003
202512,iEQDELSFUN,0.0098
202601,iEQDELSFUN,0.0172
202602,iEQDELSFUN,0.0043
202603,iEQDELSFUN,-0.0464
202604,iEQDELSFUN,0.0563
199801,iEQDGLS,-0.0068
199802,iEQDGLS,0.0196
199803,iEQDGLS,0.0715
199804,iEQDGLS,0.0096
199805,iEQDGLS,0.0107
199806,iEQDGLS,-0.0003
199807,iEQDGLS,0.0073
199808,iEQDGLS,0.03
199809,iEQDGLS,0.0156
199810,iEQDGLS,-0.0326
199811,iEQDGLS,0.0008
199812,iEQDGLS,0.0582
199901,iEQDGLS,-0.0224
199902,iEQDGLS,0.01
199903,iEQDGLS,0.0459
199904,iEQDGLS,0.0641
199905,iEQDGLS,0.029
199906,iEQDGLS,0.0376
199907,iEQDGLS,0.0379
199908,iEQDGLS,0.003
199909,iEQDGLS,0.0314
199910,iEQDGLS,-0.0007
199911,iEQDGLS,-0.0021
199912,iEQDGLS,0.0578
200001,iEQDGLS,-0.0278
200002,iEQDGLS,0.0324
200003,iEQDGLS,0.0023
200004,iEQDGLS,0.0006
200005,iEQDGLS,0.0042
200006,iEQDGLS,-0.0027
200007,iEQDGLS,0.0031
200008,iEQDGLS,0.0437
200009,iEQDGLS,0.0058
200010,iEQDGLS,-0.0007
200011,iEQDGLS,0.0079
200012,iEQDGLS,0.0386
200101,iEQDGLS,0.0027
200102,iEQDGLS,0.0229
200103,iEQDGLS,-0.0001
200104,iEQDGLS,0.013
200105,iEQDGLS,0.0192
200106,iEQDGLS,0.0114
200107,iEQDGLS,-0.0025
200108,iEQDGLS,0.0136
200109,iEQDGLS,-0.0093
200110,iEQDGLS,0.0156
200111,iEQDGLS,0.041
200112,iEQDGLS,0.0448
200201,iEQDGLS,0.0155
200202,iEQDGLS,0.0113
200203,iEQDGLS,0.0212
200204,iEQDGLS,0.0107
200205,iEQDGLS,0.0148
200206,iEQDGLS,-0.0147
200207,iEQDGLS,-0.0318
200208,iEQDGLS,0.016
200209,iEQDGLS,-0.0135
200210,iEQDGLS,-0.0075
200211,iEQDGLS,0.0224
200212,iEQDGLS,0.0005
200301,iEQDGLS,0.0004
200302,iEQDGLS,-0.0034
200303,iEQDGLS,-0.0195
200304,iEQDGLS,0.0198
200305,iEQDGLS,0.0562
200306,iEQDGLS,0.0216
200307,iEQDGLS,0.0151
200308,iEQDGLS,0.0377
200309,iEQDGLS,0.0189
200310,iEQDGLS,0.0358
200311,iEQDGLS,0.0185
200312,iEQDGLS,0.0429
200401,iEQDGLS,0.0149
200402,iEQDGLS,0.0263
200403,iEQDGLS,0.0146
200404,iEQDGLS,-0.0264
200405,iEQDGLS,-0.0154
200406,iEQDGLS,0.0079
200407,iEQDGLS,-0.0075
200408,iEQDGLS,0.0023
200409,iEQDGLS,0.0361
200410,iEQDGLS,0.0143
200411,iEQDGLS,0.0466
200412,iEQDGLS,0.0201
200501,iEQDGLS,0.009
200502,iEQDGLS,0.0375
200503,iEQDGLS,-0.0155
200504,iEQDGLS,-0.0237
200505,iEQDGLS,0.0169
200506,iEQDGLS,0.0262
200507,iEQDGLS,0.0346
200508,iEQDGLS,0.019
200509,iEQDGLS,0.0421
200510,iEQDGLS,-0.0212
200511,iEQDGLS,0.0279
200512,iEQDGLS,0.0351
200601,iEQDGLS,0.0538
200602,iEQDGLS,0.0079
200603,iEQDGLS,0.0231
200604,iEQDGLS,0.0307
200605,iEQDGLS,-0.0379
200606,iEQDGLS,-0.0141
200607,iEQDGLS,0.0039
200608,iEQDGLS,0.0093
200609,iEQDGLS,-0.0013
200610,iEQDGLS,0.022
200611,iEQDGLS,0.0246
200612,iEQDGLS,0.0214
200701,iEQDGLS,0.0061
200702,iEQDGLS,0.0092
200703,iEQDGLS,0.0204
200704,iEQDGLS,0.0259
200705,iEQDGLS,0.0376
200706,iEQDGLS,0.018
200707,iEQDGLS,0.0316
200708,iEQDGLS,-0.0163
200709,iEQDGLS,0.0436
200710,iEQDGLS,0.0479
200711,iEQDGLS,-0.0011
200712,iEQDGLS,0.0162
200801,iEQDGLS,-0.0398
200802,iEQDGLS,0.0313
200803,iEQDGLS,-0.0205
200804,iEQDGLS,0.0231
200805,iEQDGLS,0.0283
200806,iEQDGLS,-0.0015
200807,iEQDGLS,-0.0283
200808,iEQDGLS,-0.0213
200809,iEQDGLS,-0.0709
200810,iEQDGLS,-0.0678
200811,iEQDGLS,-0.0154
200812,iEQDGLS,0.0221
200901,iEQDGLS,-0.0003
200902,iEQDGLS,-0.0139
200903,iEQDGLS,0.0156
200904,iEQDGLS,0.038
200905,iEQDGLS,0.082
200906,iEQDGLS,0.0005
200907,iEQDGLS,0.03
200908,iEQDGLS,0.012
200909,iEQDGLS,0.0286
200910,iEQDGLS,-0.003
200911,iEQDGLS,0.0154
200912,iEQDGLS,0.0142
201001,iEQDGLS,-0.0076
201002,iEQDGLS,0.014
201003,iEQDGLS,0.0268
201004,iEQDGLS,0.0065
201005,iEQDGLS,-0.0311
201006,iEQDGLS,-0.0143
201007,iEQDGLS,0.0174
201008,iEQDGLS,-0.003
201009,iEQDGLS,0.0432
201010,iEQDGLS,0.0264
201011,iEQDGLS,0.0031
201012,iEQDGLS,0.0236
201101,iEQDGLS,-0.0063
201102,iEQDGLS,0.0107
201103,iEQDGLS,0.0076
201104,iEQDGLS,0.0239
201105,iEQDGLS,-0.0047
201106,iEQDGLS,-0.0045
201107,iEQDGLS,0.0073
201108,iEQDGLS,-0.0269
201109,iEQDGLS,-0.0292
201110,iEQDGLS,0.0386
201111,iEQDGLS,-0.0078
201112,iEQDGLS,-0.0053
201201,iEQDGLS,0.0232
201202,iEQDGLS,0.0276
201203,iEQDGLS,0.0154
201204,iEQDGLS,0.0021
201205,iEQDGLS,-0.0231
201206,iEQDGLS,0.0014
201207,iEQDGLS,0.0137
201208,iEQDGLS,0.0184
201209,iEQDGLS,0.0131
201210,iEQDGLS,-0.0018
201211,iEQDGLS,0.0113
201212,iEQDGLS,0.0091
201301,iEQDGLS,0.0344
201302,iEQDGLS,0.0121
201303,iEQDGLS,0.017
201304,iEQDGLS,0.0082
201305,iEQDGLS,0.0111
201306,iEQDGLS,-0.0054
201307,iEQDGLS,0.0212
201308,iEQDGLS,-0.0135
201309,iEQDGLS,0.0222
201310,iEQDGLS,0.0199
201311,iEQDGLS,0.0173
201312,iEQDGLS,0.019
201401,iEQDGLS,-0.0036
201402,iEQDGLS,0.0227
201403,iEQDGLS,-0.0082
201404,iEQDGLS,-0.0107
201405,iEQDGLS,0.0194
201406,iEQDGLS,0.0082
201407,iEQDGLS,-0.0113
201408,iEQDGLS,0.0119
201409,iEQDGLS,-0.0048
201410,iEQDGLS,0.0006
201411,iEQDGLS,0.0156
201412,iEQDGLS,0.0027
201501,iEQDGLS,0.0077
201502,iEQDGLS,0.0195
201503,iEQDGLS,0.0064
201504,iEQDGLS,-0.0022
201505,iEQDGLS,0.0146
201506,iEQDGLS,-0.0029
201507,iEQDGLS,0.0133
201508,iEQDGLS,-0.0194
201509,iEQDGLS,-0.0082
201510,iEQDGLS,0.014
201511,iEQDGLS,-0.0026
201512,iEQDGLS,-0.0006
201601,iEQDGLS,-0.0203
201602,iEQDGLS,-0.013
201603,iEQDGLS,0.0135
201604,iEQDGLS,0.0042
201605,iEQDGLS,0.0158
201606,iEQDGLS,-0.0028
201607,iEQDGLS,0.0175
201608,iEQDGLS,-0.002
201609,iEQDGLS,0.0038
201610,iEQDGLS,-0.0044
201611,iEQDGLS,-0.0082
201612,iEQDGLS,0.0014
201701,iEQDGLS,0.017
201702,iEQDGLS,0.0102
201703,iEQDGLS,0.0096
201704,iEQDGLS,0.0115
201705,iEQDGLS,0.0093
201706,iEQDGLS,-0.0006
201707,iEQDGLS,0.0134
201708,iEQDGLS,0.0143
201709,iEQDGLS,0.0038
201710,iEQDGLS,0.015
201711,iEQDGLS,-0.0012
201712,iEQDGLS,0.0056
201801,iEQDGLS,0.0308
201802,iEQDGLS,-0.0135
201803,iEQDGLS,-0.0013
201804,iEQDGLS,0.0005
201805,iEQDGLS,0.005
201806,iEQDGLS,-0.0097
201807,iEQDGLS,0.0015
201808,iEQDGLS,-0.0016
201809,iEQDGLS,-0.0044
201810,iEQDGLS,-0.0258
201811,iEQDGLS,-0.0089
201812,iEQDGLS,-0.0131
201901,iEQDGLS,0.0302
201902,iEQDGLS,0.0066
201903,iEQDGLS,0.0056
201904,iEQDGLS,0.0045
201905,iEQDGLS,-0.0077
201906,iEQDGLS,0.0123
201907,iEQDGLS,0.0054
201908,iEQDGLS,-0.0039
201909,iEQDGLS,-0.008
201910,iEQDGLS,0.0097
201911,iEQDGLS,0.0134
201912,iEQDGLS,0.0169
202001,iEQDGLS,-0.0042
202002,iEQDGLS,-0.0306
202003,iEQDGLS,-0.0754
202004,iEQDGLS,0.052
202005,iEQDGLS,0.0244
202006,iEQDGLS,0.0201
202007,iEQDGLS,0.0292
202008,iEQDGLS,0.0243
202009,iEQDGLS,-0.0128
202010,iEQDGLS,-0.0047
202011,iEQDGLS,0.0547
202012,iEQDGLS,0.0434
202101,iEQDGLS,-0.0154
202102,iEQDGLS,0.0369
202103,iEQDGLS,0.0055
202104,iEQDGLS,0.0298
202105,iEQDGLS,0.0087
202106,iEQDGLS,0.0039
202107,iEQDGLS,-0.0006
202108,iEQDGLS,0.0053
202109,iEQDGLS,-0.0109
202110,iEQDGLS,0.0096
202111,iEQDGLS,-0.0305
202112,iEQDGLS,0.0256
202201,iEQDGLS,-0.0191
202202,iEQDGLS,-0.014
202203,iEQDGLS,0.0091
202204,iEQDGLS,-0.0191
202205,iEQDGLS,-0.0008
202206,iEQDGLS,-0.0372
202207,iEQDGLS,0.022
202208,iEQDGLS,-0.0015
202209,iEQDGLS,-0.0386
202210,iEQDGLS,0.0166
202211,iEQDGLS,0.0232
202212,iEQDGLS,-0.0013
202301,iEQDGLS,0.0221
202302,iEQDGLS,-0.0105
202303,iEQDGLS,0.0087
202304,iEQDGLS,0.0047
202305,iEQDGLS,0.003
202306,iEQDGLS,0.0219
202307,iEQDGLS,0.0206
202308,iEQDGLS,0.0005
202309,iEQDGLS,-0.0091
202310,iEQDGLS,-0.0075
202311,iEQDGLS,0.0329
202312,iEQDGLS,0.0215
202401,iEQDGLS,0.0136
202402,iEQDGLS,0.0287
202403,iEQDGLS,0.0267
202404,iEQDGLS,-0.0059
202405,iEQDGLS,0.0161
202406,iEQDGLS,0.0089
202407,iEQDGLS,0.0095
202408,iEQDGLS,0.0134
202409,iEQDGLS,0.0179
202410,iEQDGLS,-0.0041
202411,iEQDGLS,0.02
202412,iEQDGLS,-0.0089
202501,iEQDGLS,0.0261
202502,iEQDGLS,-0.0085
202503,iEQDGLS,-0.017
202504,iEQDGLS,0.0164
202505,iEQDGLS,0.0409
202506,iEQDGLS,0.0318
202507,iEQDGLS,0.0055
202508,iEQDGLS,0.0217
202509,iEQDGLS,0.0278
202510,iEQDGLS,0.0074
202511,iEQDGLS,0.0067
202512,iEQDGLS,0.0172
202601,iEQDGLS,0.0242
202602,iEQDGLS,0.0149
202603,iEQDGLS,-0.048
202604,iEQDGLS,0.0661
199801,iEQDGLSFUN,-0.0068
199802,iEQDGLSFUN,0.0196
199803,iEQDGLSFUN,0.0715
199804,iEQDGLSFUN,0.0096
199805,iEQDGLSFUN,0.0107
199806,iEQDGLSFUN,-0.0003
199807,iEQDGLSFUN,0.0073
199808,iEQDGLSFUN,0.03
199809,iEQDGLSFUN,0.0156
199810,iEQDGLSFUN,-0.0326
199811,iEQDGLSFUN,0.0008
199812,iEQDGLSFUN,0.0582
199901,iEQDGLSFUN,-0.0224
199902,iEQDGLSFUN,0.01
199903,iEQDGLSFUN,0.0459
199904,iEQDGLSFUN,0.0641
199905,iEQDGLSFUN,0.029
199906,iEQDGLSFUN,0.0376
199907,iEQDGLSFUN,0.0379
199908,iEQDGLSFUN,0.003
199909,iEQDGLSFUN,0.0314
199910,iEQDGLSFUN,-0.0007
199911,iEQDGLSFUN,-0.0021
199912,iEQDGLSFUN,0.0578
200001,iEQDGLSFUN,-0.0278
200002,iEQDGLSFUN,0.0324
200003,iEQDGLSFUN,0.0023
200004,iEQDGLSFUN,0.0006
200005,iEQDGLSFUN,0.0042
200006,iEQDGLSFUN,-0.0027
200007,iEQDGLSFUN,0.0031
200008,iEQDGLSFUN,0.0437
200009,iEQDGLSFUN,0.0058
200010,iEQDGLSFUN,-0.0007
200011,iEQDGLSFUN,0.0079
200012,iEQDGLSFUN,0.0386
200101,iEQDGLSFUN,0.0027
200102,iEQDGLSFUN,0.0229
200103,iEQDGLSFUN,-0.0001
200104,iEQDGLSFUN,0.013
200105,iEQDGLSFUN,0.0192
200106,iEQDGLSFUN,0.0114
200107,iEQDGLSFUN,-0.0025
200108,iEQDGLSFUN,0.0136
200109,iEQDGLSFUN,-0.0093
200110,iEQDGLSFUN,0.0156
200111,iEQDGLSFUN,0.041
200112,iEQDGLSFUN,0.0448
200201,iEQDGLSFUN,0.0155
200202,iEQDGLSFUN,0.0113
200203,iEQDGLSFUN,0.0212
200204,iEQDGLSFUN,0.0107
200205,iEQDGLSFUN,0.0148
200206,iEQDGLSFUN,-0.0147
200207,iEQDGLSFUN,-0.0318
200208,iEQDGLSFUN,0.016
200209,iEQDGLSFUN,-0.0135
200210,iEQDGLSFUN,-0.0075
200211,iEQDGLSFUN,0.0224
200212,iEQDGLSFUN,0.0005
200301,iEQDGLSFUN,-0.0006
200302,iEQDGLSFUN,-0.004
200303,iEQDGLSFUN,-0.021
200304,iEQDGLSFUN,0.0215
200305,iEQDGLSFUN,0.0596
200306,iEQDGLSFUN,0.0228
200307,iEQDGLSFUN,0.0167
200308,iEQDGLSFUN,0.04
200309,iEQDGLSFUN,0.0193
200310,iEQDGLSFUN,0.0373
200311,iEQDGLSFUN,0.0191
200312,iEQDGLSFUN,0.0449
200401,iEQDGLSFUN,0.0149
200402,iEQDGLSFUN,0.0276
200403,iEQDGLSFUN,0.0146
200404,iEQDGLSFUN,-0.0278
200405,iEQDGLSFUN,-0.0162
200406,iEQDGLSFUN,0.0079
200407,iEQDGLSFUN,-0.0085
200408,iEQDGLSFUN,0.0023
200409,iEQDGLSFUN,0.0378
200410,iEQDGLSFUN,0.0149
200411,iEQDGLSFUN,0.0488
200412,iEQDGLSFUN,0.0212
200501,iEQDGLSFUN,0.0087
200502,iEQDGLSFUN,0.0393
200503,iEQDGLSFUN,-0.0171
200504,iEQDGLSFUN,-0.0256
200505,iEQDGLSFUN,0.0178
200506,iEQDGLSFUN,0.0279
200507,iEQDGLSFUN,0.0366
200508,iEQDGLSFUN,0.0199
200509,iEQDGLSFUN,0.0445
200510,iEQDGLSFUN,-0.0237
200511,iEQDGLSFUN,0.0297
200512,iEQDGLSFUN,0.0383
200601,iEQDGLSFUN,0.0574
200602,iEQDGLSFUN,0.0086
200603,iEQDGLSFUN,0.0256
200604,iEQDGLSFUN,0.0323
200605,iEQDGLSFUN,-0.0418
200606,iEQDGLSFUN,-0.0168
200607,iEQDGLSFUN,0.0028
200608,iEQDGLSFUN,0.0118
200609,iEQDGLSFUN,-0.0016
200610,iEQDGLSFUN,0.024
200611,iEQDGLSFUN,0.0275
200612,iEQDGLSFUN,0.0217
200701,iEQDGLSFUN,0.0057
200702,iEQDGLSFUN,0.0107
200703,iEQDGLSFUN,0.0204
200704,iEQDGLSFUN,0.0281
200705,iEQDGLSFUN,0.0414
200706,iEQDGLSFUN,0.0192
200707,iEQDGLSFUN,0.037
200708,iEQDGLSFUN,-0.0129
200709,iEQDGLSFUN,0.0495
200710,iEQDGLSFUN,0.0532
200711,iEQDGLSFUN,0.0004
200712,iEQDGLSFUN,0.0182
200801,iEQDGLSFUN,-0.0425
200802,iEQDGLSFUN,0.0299
200803,iEQDGLSFUN,-0.023
200804,iEQDGLSFUN,0.0254
200805,iEQDGLSFUN,0.0277
200806,iEQDGLSFUN,-0.0097
200807,iEQDGLSFUN,-0.03
200808,iEQDGLSFUN,-0.0193
200809,iEQDGLSFUN,-0.0715
200810,iEQDGLSFUN,-0.0798
200811,iEQDGLSFUN,-0.0199
200812,iEQDGLSFUN,0.0236
200901,iEQDGLSFUN,-0.0025
200902,iEQDGLSFUN,-0.0132
200903,iEQDGLSFUN,0.0217
200904,iEQDGLSFUN,0.0507
200905,iEQDGLSFUN,0.0936
200906,iEQDGLSFUN,0.0004
200907,iEQDGLSFUN,0.0332
200908,iEQDGLSFUN,0.0124
200909,iEQDGLSFUN,0.0345
200910,iEQDGLSFUN,-0.0061
200911,iEQDGLSFUN,0.0163
200912,iEQDGLSFUN,0.0181
201001,iEQDGLSFUN,-0.0105
201002,iEQDGLSFUN,0.01
201003,iEQDGLSFUN,0.0317
201004,iEQDGLSFUN,0.0058
201005,iEQDGLSFUN,-0.0419
201006,iEQDGLSFUN,-0.0154
201007,iEQDGLSFUN,0.0215
201008,iEQDGLSFUN,-0.006
201009,iEQDGLSFUN,0.0518
201010,iEQDGLSFUN,0.0267
201011,iEQDGLSFUN,-0.0004
201012,iEQDGLSFUN,0.0269
201101,iEQDGLSFUN,-0.0092
201102,iEQDGLSFUN,0.0099
201103,iEQDGLSFUN,0.0053
201104,iEQDGLSFUN,0.0262
201105,iEQDGLSFUN,-0.0096
201106,iEQDGLSFUN,-0.0106
201107,iEQDGLSFUN,0.0043
201108,iEQDGLSFUN,-0.0397
201109,iEQDGLSFUN,-0.0358
201110,iEQDGLSFUN,0.0441
201111,iEQDGLSFUN,-0.015
201112,iEQDGLSFUN,-0.008
201201,iEQDGLSFUN,0.027
201202,iEQDGLSFUN,0.0315
201203,iEQDGLSFUN,0.0182
201204,iEQDGLSFUN,0.0021
201205,iEQDGLSFUN,-0.0285
201206,iEQDGLSFUN,0.0017
201207,iEQDGLSFUN,0.0144
201208,iEQDGLSFUN,0.0188
201209,iEQDGLSFUN,0.0159
201210,iEQDGLSFUN,-0.0027
201211,iEQDGLSFUN,0.01
201212,iEQDGLSFUN,0.0122
201301,iEQDGLSFUN,0.0352
201302,iEQDGLSFUN,0.0085
201303,iEQDGLSFUN,0.0174
201304,iEQDGLSFUN,0.0061
201305,iEQDGLSFUN,0.0139
201306,iEQDGLSFUN,-0.0096
201307,iEQDGLSFUN,0.0227
201308,iEQDGLSFUN,-0.0146
201309,iEQDGLSFUN,0.0268
201310,iEQDGLSFUN,0.0181
201311,iEQDGLSFUN,0.016
201312,iEQDGLSFUN,0.0217
201401,iEQDGLSFUN,-0.0036
201402,iEQDGLSFUN,0.0259
201403,iEQDGLSFUN,-0.0102
201404,iEQDGLSFUN,-0.0121
201405,iEQDGLSFUN,0.0227
201406,iEQDGLSFUN,0.0103
201407,iEQDGLSFUN,-0.0143
201408,iEQDGLSFUN,0.0132
201409,iEQDGLSFUN,-0.0077
201410,iEQDGLSFUN,-0.0016
201411,iEQDGLSFUN,0.0129
201412,iEQDGLSFUN,0.0008
201501,iEQDGLSFUN,0.0034
201502,iEQDGLSFUN,0.0233
201503,iEQDGLSFUN,0.0049
201504,iEQDGLSFUN,0.0012
201505,iEQDGLSFUN,0.0157
201506,iEQDGLSFUN,-0.0049
201507,iEQDGLSFUN,0.0121
201508,iEQDGLSFUN,-0.0239
201509,iEQDGLSFUN,-0.0152
201510,iEQDGLSFUN,0.0188
201511,iEQDGLSFUN,-0.0044
201512,iEQDGLSFUN,-0.003
201601,iEQDGLSFUN,-0.0283
201602,iEQDGLSFUN,-0.0129
201603,iEQDGLSFUN,0.0137
201604,iEQDGLSFUN,0.0093
201605,iEQDGLSFUN,0.0174
201606,iEQDGLSFUN,-0.0009
201607,iEQDGLSFUN,0.0193
201608,iEQDGLSFUN,0.0012
201609,iEQDGLSFUN,0.0027
201610,iEQDGLSFUN,-0.0079
201611,iEQDGLSFUN,-0.0102
201612,iEQDGLSFUN,0.0036
201701,iEQDGLSFUN,0.0189
201702,iEQDGLSFUN,0.0111
201703,iEQDGLSFUN,0.0102
201704,iEQDGLSFUN,0.013
201705,iEQDGLSFUN,0.0148
201706,iEQDGLSFUN,-0.0002
201707,iEQDGLSFUN,0.0156
201708,iEQDGLSFUN,0.011
201709,iEQDGLSFUN,0.0039
201710,iEQDGLSFUN,0.015
201711,iEQDGLSFUN,-0.0012
201712,iEQDGLSFUN,0.0085
201801,iEQDGLSFUN,0.0359
201802,iEQDGLSFUN,-0.0129
201803,iEQDGLSFUN,-0.0047
201804,iEQDGLSFUN,0.0023
201805,iEQDGLSFUN,0.0069
201806,iEQDGLSFUN,-0.0081
201807,iEQDGLSFUN,0.0031
201808,iEQDGLSFUN,-0.0025
201809,iEQDGLSFUN,-0.0033
201810,iEQDGLSFUN,-0.032
201811,iEQDGLSFUN,-0.0046
201812,iEQDGLSFUN,-0.0218
201901,iEQDGLSFUN,0.038
201902,iEQDGLSFUN,0.0116
201903,iEQDGLSFUN,0.007
201904,iEQDGLSFUN,0.0128
201905,iEQDGLSFUN,-0.0115
201906,iEQDGLSFUN,0.0146
201907,iEQDGLSFUN,0.0073
201908,iEQDGLSFUN,-0.003
201909,iEQDGLSFUN,-0.012
201910,iEQDGLSFUN,0.0142
201911,iEQDGLSFUN,0.0187
201912,iEQDGLSFUN,0.0254
202001,iEQDGLSFUN,-0.0066
202002,iEQDGLSFUN,-0.0318
202003,iEQDGLSFUN,-0.0891
202004,iEQDGLSFUN,0.0628
202005,iEQDGLSFUN,0.0325
202006,iEQDGLSFUN,0.0236
202007,iEQDGLSFUN,0.0357
202008,iEQDGLSFUN,0.0311
202009,iEQDGLSFUN,-0.0161
202010,iEQDGLSFUN,-0.0043
202011,iEQDGLSFUN,0.0717
202012,iEQDGLSFUN,0.0496
202101,iEQDGLSFUN,-0.017
202102,iEQDGLSFUN,0.0448
202103,iEQDGLSFUN,-0.0014
202104,iEQDGLSFUN,0.0297
202105,iEQDGLSFUN,0.0106
202106,iEQDGLSFUN,0.0025
202107,iEQDGLSFUN,-0.0042
202108,iEQDGLSFUN,0.0058
202109,iEQDGLSFUN,-0.0125
202110,iEQDGLSFUN,0.0092
202111,iEQDGLSFUN,-0.0411
202112,iEQDGLSFUN,0.0234
202201,iEQDGLSFUN,-0.0235
202202,iEQDGLSFUN,-0.0161
202203,iEQDGLSFUN,0.0063
202204,iEQDGLSFUN,-0.0242
202205,iEQDGLSFUN,-0.0008
202206,iEQDGLSFUN,-0.0445
202207,iEQDGLSFUN,0.0242
202208,iEQDGLSFUN,-0.0012
202209,iEQDGLSFUN,-0.0453
202210,iEQDGLSFUN,0.0199
202211,iEQDGLSFUN,0.0248
202212,iEQDGLSFUN,-0.0027
202301,iEQDGLSFUN,0.0253
202302,iEQDGLSFUN,-0.0146
202303,iEQDGLSFUN,0.0083
202304,iEQDGLSFUN,0.0062
202305,iEQDGLSFUN,0.0044
202306,iEQDGLSFUN,0.0223
202307,iEQDGLSFUN,0.0246
202308,iEQDGLSFUN,-0.0014
202309,iEQDGLSFUN,-0.0151
202310,iEQDGLSFUN,-0.0104
202311,iEQDGLSFUN,0.035
202312,iEQDGLSFUN,0.0263
202401,iEQDGLSFUN,0.0086
202402,iEQDGLSFUN,0.0332
202403,iEQDGLSFUN,0.0274
202404,iEQDGLSFUN,-0.0057
202405,iEQDGLSFUN,0.0178
202406,iEQDGLSFUN,0.0063
202407,iEQDGLSFUN,0.0072
202408,iEQDGLSFUN,0.0122
202409,iEQDGLSFUN,0.0197
202410,iEQDGLSFUN,-0.0023
202411,iEQDGLSFUN,0.0195
202412,iEQDGLSFUN,-0.0111
202501,iEQDGLSFUN,0.0283
202502,iEQDGLSFUN,-0.0114
202503,iEQDGLSFUN,-0.0222
202504,iEQDGLSFUN,0.0172
202505,iEQDGLSFUN,0.0442
202506,iEQDGLSFUN,0.037
202507,iEQDGLSFUN,0.0101
202508,iEQDGLSFUN,0.0234
202509,iEQDGLSFUN,0.0296
202510,iEQDGLSFUN,0.0079
202511,iEQDGLSFUN,0.0072
202512,iEQDGLSFUN,0.0164
202601,iEQDGLSFUN,0.0293
202602,iEQDGLSFUN,0.0164
202603,iEQDGLSFUN,-0.0561
202604,iEQDGLSFUN,0.0729
200301,iEQDGLSQNT,0.0198
200302,iEQDGLSQNT,0.0075
200303,iEQDGLSQNT,0.0088
200304,iEQDGLSQNT,-0.0112
200305,iEQDGLSQNT,-0.0059
200306,iEQDGLSQNT,0.0001
200307,iEQDGLSQNT,-0.0136
200308,iEQDGLSQNT,-0.003
200309,iEQDGLSQNT,0.0123
200310,iEQDGLSQNT,0.0094
200311,iEQDGLSQNT,0.0071
200312,iEQDGLSQNT,0.006
200401,iEQDGLSQNT,0.0134
200402,iEQDGLSQNT,-0.0021
200403,iEQDGLSQNT,0.0142
200404,iEQDGLSQNT,0.0027
200405,iEQDGLSQNT,0.0001
200406,iEQDGLSQNT,0.0091
200407,iEQDGLSQNT,0.0136
200408,iEQDGLSQNT,0.0025
200409,iEQDGLSQNT,-0.0008
200410,iEQDGLSQNT,0.0021
200411,iEQDGLSQNT,0.0007
200412,iEQDGLSQNT,-0.0023
200501,iEQDGLSQNT,0.0126
200502,iEQDGLSQNT,0.0164
200503,iEQDGLSQNT,0.0042
200504,iEQDGLSQNT,-0.0012
200505,iEQDGLSQNT,0.0056
200506,iEQDGLSQNT,0.0063
200507,iEQDGLSQNT,0.0108
200508,iEQDGLSQNT,0.0075
200509,iEQDGLSQNT,0.0134
200510,iEQDGLSQNT,0.0088
200511,iEQDGLSQNT,0.0062
200512,iEQDGLSQNT,-0.0035
200601,iEQDGLSQNT,0.0204
200602,iEQDGLSQNT,0.0016
200603,iEQDGLSQNT,0.0005
200604,iEQDGLSQNT,0.0151
200605,iEQDGLSQNT,-0.0023
200606,iEQDGLSQNT,0.0103
200607,iEQDGLSQNT,0.0148
200608,iEQDGLSQNT,-0.0143
200609,iEQDGLSQNT,0.0018
200610,iEQDGLSQNT,0.0027
200611,iEQDGLSQNT,-0.0027
200612,iEQDGLSQNT,0.0185
200701,iEQDGLSQNT,0.0088
200702,iEQDGLSQNT,-0.002
200703,iEQDGLSQNT,0.0199
200704,iEQDGLSQNT,0.01
200705,iEQDGLSQNT,0.0101
200706,iEQDGLSQNT,0.0094
200707,iEQDGLSQNT,-0.0072
200708,iEQDGLSQNT,-0.041
200709,iEQDGLSQNT,0.0008
200710,iEQDGLSQNT,0.0098
200711,iEQDGLSQNT,-0.0122
200712,iEQDGLSQNT,0.0019
200801,iEQDGLSQNT,-0.0225
200802,iEQDGLSQNT,0.0401
200803,iEQDGLSQNT,-0.0041
200804,iEQDGLSQNT,0.0085
200805,iEQDGLSQNT,0.0319
200806,iEQDGLSQNT,0.0509
200807,iEQDGLSQNT,-0.0173
200808,iEQDGLSQNT,-0.0343
200809,iEQDGLSQNT,-0.0666
200810,iEQDGLSQNT,0.0096
200811,iEQDGLSQNT,0.0137
200812,iEQDGLSQNT,0.0121
200901,iEQDGLSQNT,0.011
200902,iEQDGLSQNT,-0.0176
200903,iEQDGLSQNT,-0.0173
200904,iEQDGLSQNT,-0.0302
200905,iEQDGLSQNT,0.0199
200906,iEQDGLSQNT,0.0007
200907,iEQDGLSQNT,0.0126
200908,iEQDGLSQNT,0.0096
200909,iEQDGLSQNT,-0.003
200910,iEQDGLSQNT,0.013
200911,iEQDGLSQNT,0.0104
200912,iEQDGLSQNT,-0.0068
201001,iEQDGLSQNT,0.0041
201002,iEQDGLSQNT,0.0304
201003,iEQDGLSQNT,0.0066
201004,iEQDGLSQNT,0.0092
201005,iEQDGLSQNT,0.0134
201006,iEQDGLSQNT,-0.0098
201007,iEQDGLSQNT,0.0004
201008,iEQDGLSQNT,0.0091
201009,iEQDGLSQNT,0.0078
201010,iEQDGLSQNT,0.0255
201011,iEQDGLSQNT,0.0179
201012,iEQDGLSQNT,0.0099
201101,iEQDGLSQNT,0.0038
201102,iEQDGLSQNT,0.0135
201103,iEQDGLSQNT,0.0156
201104,iEQDGLSQNT,0.0155
201105,iEQDGLSQNT,0.0123
201106,iEQDGLSQNT,0.0171
201107,iEQDGLSQNT,0.0178
201108,iEQDGLSQNT,0.0183
201109,iEQDGLSQNT,-0.0059
201110,iEQDGLSQNT,0.0189
201111,iEQDGLSQNT,0.0177
201112,iEQDGLSQNT,0.0044
201201,iEQDGLSQNT,0.0091
201202,iEQDGLSQNT,0.0129
201203,iEQDGLSQNT,0.0052
201204,iEQDGLSQNT,0.0023
201205,iEQDGLSQNT,-0.003
201206,iEQDGLSQNT,0.0004
201207,iEQDGLSQNT,0.0112
201208,iEQDGLSQNT,0.0169
201209,iEQDGLSQNT,0.0026
201210,iEQDGLSQNT,0.0015
201211,iEQDGLSQNT,0.0163
201212,iEQDGLSQNT,-0.0023
201301,iEQDGLSQNT,0.0312
201302,iEQDGLSQNT,0.0261
201303,iEQDGLSQNT,0.0154
201304,iEQDGLSQNT,0.0163
201305,iEQDGLSQNT,0.0004
201306,iEQDGLSQNT,0.011
201307,iEQDGLSQNT,0.0151
201308,iEQDGLSQNT,-0.0093
201309,iEQDGLSQNT,0.0043
201310,iEQDGLSQNT,0.0269
201311,iEQDGLSQNT,0.0221
201312,iEQDGLSQNT,0.0086
201401,iEQDGLSQNT,-0.0034
201402,iEQDGLSQNT,0.009
201403,iEQDGLSQNT,0.0003
201404,iEQDGLSQNT,-0.0047
201405,iEQDGLSQNT,0.0048
201406,iEQDGLSQNT,-0.0008
201407,iEQDGLSQNT,0.0013
201408,iEQDGLSQNT,0.0061
201409,iEQDGLSQNT,0.0075
201410,iEQDGLSQNT,0.01
201411,iEQDGLSQNT,0.0275
201412,iEQDGLSQNT,0.011
201501,iEQDGLSQNT,0.0256
201502,iEQDGLSQNT,0.0037
201503,iEQDGLSQNT,0.0127
201504,iEQDGLSQNT,-0.0162
201505,iEQDGLSQNT,0.0105
201506,iEQDGLSQNT,0.0052
201507,iEQDGLSQNT,0.0184
201508,iEQDGLSQNT,-0.0008
201509,iEQDGLSQNT,0.0206
201510,iEQDGLSQNT,-0.0053
201511,iEQDGLSQNT,0.0049
201512,iEQDGLSQNT,0.009
201601,iEQDGLSQNT,0.0102
201602,iEQDGLSQNT,-0.0135
201603,iEQDGLSQNT,0.0125
201604,iEQDGLSQNT,-0.0152
201605,iEQDGLSQNT,0.0096
201606,iEQDGLSQNT,-0.0102
201607,iEQDGLSQNT,0.011
201608,iEQDGLSQNT,-0.0137
201609,iEQDGLSQNT,0.008
201610,iEQDGLSQNT,0.0088
201611,iEQDGLSQNT,-0.0008
201612,iEQDGLSQNT,-0.0068
201701,iEQDGLSQNT,0.01
201702,iEQDGLSQNT,0.0068
201703,iEQDGLSQNT,0.0075
201704,iEQDGLSQNT,0.0063
201705,iEQDGLSQNT,-0.0095
201706,iEQDGLSQNT,-0.0021
201707,iEQDGLSQNT,0.0058
201708,iEQDGLSQNT,0.0253
201709,iEQDGLSQNT,0.0034
201710,iEQDGLSQNT,0.015
201711,iEQDGLSQNT,-0.0015
201712,iEQDGLSQNT,-0.0042
201801,iEQDGLSQNT,0.0146
201802,iEQDGLSQNT,-0.0151
201803,iEQDGLSQNT,0.0093
201804,iEQDGLSQNT,-0.005
201805,iEQDGLSQNT,-0.0007
201806,iEQDGLSQNT,-0.0146
201807,iEQDGLSQNT,-0.0031
201808,iEQDGLSQNT,0.0009
201809,iEQDGLSQNT,-0.0078
201810,iEQDGLSQNT,-0.0076
201811,iEQDGLSQNT,-0.0212
201812,iEQDGLSQNT,0.0125
201901,iEQDGLSQNT,0.0095
201902,iEQDGLSQNT,-0.0065
201903,iEQDGLSQNT,0.0021
201904,iEQDGLSQNT,-0.0178
201905,iEQDGLSQNT,0.0032
201906,iEQDGLSQNT,0.0059
201907,iEQDGLSQNT,0.0
201908,iEQDGLSQNT,-0.0065
201909,iEQDGLSQNT,0.0038
201910,iEQDGLSQNT,-0.0032
201911,iEQDGLSQNT,-0.0023
201912,iEQDGLSQNT,-0.009
202001,iEQDGLSQNT,0.0055
202002,iEQDGLSQNT,-0.0259
202003,iEQDGLSQNT,-0.0284
202004,iEQDGLSQNT,0.0131
202005,iEQDGLSQNT,-0.0052
202006,iEQDGLSQNT,0.0076
202007,iEQDGLSQNT,0.0045
202008,iEQDGLSQNT,-0.0025
202009,iEQDGLSQNT,0.0001
202010,iEQDGLSQNT,-0.0077
202011,iEQDGLSQNT,-0.0169
202012,iEQDGLSQNT,0.0153
202101,iEQDGLSQNT,-0.0072
202102,iEQDGLSQNT,-0.004
202103,iEQDGLSQNT,0.0411
202104,iEQDGLSQNT,0.0303
202105,iEQDGLSQNT,-0.0023
202106,iEQDGLSQNT,0.0118
202107,iEQDGLSQNT,0.0225
202108,iEQDGLSQNT,0.002
202109,iEQDGLSQNT,-0.0016
202110,iEQDGLSQNT,0.0116
202111,iEQDGLSQNT,0.0223
202112,iEQDGLSQNT,0.0363
202201,iEQDGLSQNT,0.0054
202202,iEQDGLSQNT,-0.0027
202203,iEQDGLSQNT,0.0238
202204,iEQDGLSQNT,0.0082
202205,iEQDGLSQNT,-0.0003
202206,iEQDGLSQNT,0.0027
202207,iEQDGLSQNT,0.0092
202208,iEQDGLSQNT,-0.0028
202209,iEQDGLSQNT,-0.0012
202210,iEQDGLSQNT,-0.0012
202211,iEQDGLSQNT,0.0145
202212,iEQDGLSQNT,0.0066
202301,iEQDGLSQNT,0.0067
202302,iEQDGLSQNT,0.0088
202303,iEQDGLSQNT,0.0103
202304,iEQDGLSQNT,-0.0022
202305,iEQDGLSQNT,-0.0032
202306,iEQDGLSQNT,0.0198
202307,iEQDGLSQNT,0.0023
202308,iEQDGLSQNT,0.0101
202309,iEQDGLSQNT,0.0201
202310,iEQDGLSQNT,0.007
202311,iEQDGLSQNT,0.0239
202312,iEQDGLSQNT,0.0015
202401,iEQDGLSQNT,0.0362
202402,iEQDGLSQNT,0.0084
202403,iEQDGLSQNT,0.0237
202404,iEQDGLSQNT,-0.0067
202405,iEQDGLSQNT,0.0087
202406,iEQDGLSQNT,0.0203
202407,iEQDGLSQNT,0.0205
202408,iEQDGLSQNT,0.0188
202409,iEQDGLSQNT,0.0101
202410,iEQDGLSQNT,-0.0115
202411,iEQDGLSQNT,0.0224
202412,iEQDGLSQNT,0.0002
202501,iEQDGLSQNT,0.0165
202502,iEQDGLSQNT,0.0024
202503,iEQDGLSQNT,0.0029
202504,iEQDGLSQNT,0.0104
202505,iEQDGLSQNT,0.0217
202506,iEQDGLSQNT,0.0042
202507,iEQDGLSQNT,-0.0164
202508,iEQDGLSQNT,0.0139
202509,iEQDGLSQNT,0.019
202510,iEQDGLSQNT,0.0036
202511,iEQDGLSQNT,0.0049
202512,iEQDGLSQNT,0.0213
202601,iEQDGLSQNT,-0.0042
202602,iEQDGLSQNT,0.0053
202603,iEQDGLSQNT,0.0038
202604,iEQDGLSQNT,0.0166
199801,iEQDULS,-0.0141
199802,iEQDULS,0.0294
199803,iEQDULS,0.0531
199804,iEQDULS,0.0217
199805,iEQDULS,0.0149
199806,iEQDULS,0.021
199807,iEQDULS,-0.003
199808,iEQDULS,-0.0496
199809,iEQDULS,0.0474
199810,iEQDULS,0.0112
199811,iEQDULS,0.0249
199812,iEQDULS,0.0407
199901,iEQDULS,0.0296
199902,iEQDULS,0.0021
199903,iEQDULS,0.0449
199904,iEQDULS,0.0673
199905,iEQDULS,0.0256
199906,iEQDULS,0.035
199907,iEQDULS,0.0161
199908,iEQDULS,-0.0171
199909,iEQDULS,0.0147
199910,iEQDULS,0.032
199911,iEQDULS,0.0512
199912,iEQDULS,0.1076
200001,iEQDULS,-0.0011
200002,iEQDULS,0.0538
200003,iEQDULS,0.027
200004,iEQDULS,-0.0143
200005,iEQDULS,-0.0155
200006,iEQDULS,0.0376
200007,iEQDULS,0.0055
200008,iEQDULS,0.0437
200009,iEQDULS,-0.0066
200010,iEQDULS,0.0019
200011,iEQDULS,-0.0146
200012,iEQDULS,0.0333
200101,iEQDULS,0.0252
200102,iEQDULS,0.0004
200103,iEQDULS,-0.0106
200104,iEQDULS,0.0248
200105,iEQDULS,0.0165
200106,iEQDULS,0.0065
200107,iEQDULS,-0.0095
200108,iEQDULS,-0.0007
200109,iEQDULS,-0.0341
200110,iEQDULS,0.0146
200111,iEQDULS,0.0314
200112,iEQDULS,0.0191
200201,iEQDULS,0.007
200202,iEQDULS,-0.0132
200203,iEQDULS,0.0119
200204,iEQDULS,-0.0062
200205,iEQDULS,0.0033
200206,iEQDULS,-0.0277
200207,iEQDULS,-0.0342
200208,iEQDULS,0.0162
200209,iEQDULS,-0.0169
200210,iEQDULS,0.0266
200211,iEQDULS,0.0314
200212,iEQDULS,-0.0128
200301,iEQDULS,0.0108
200302,iEQDULS,-0.0103
200303,iEQDULS,0.0085
200304,iEQDULS,0.0454
200305,iEQDULS,0.0497
200306,iEQDULS,0.0193
200307,iEQDULS,0.0191
200308,iEQDULS,0.0166
200309,iEQDULS,0.0056
200310,iEQDULS,0.029
200311,iEQDULS,0.0193
200312,iEQDULS,0.0231
200401,iEQDULS,0.0229
200402,iEQDULS,0.0184
200403,iEQDULS,-0.0009
200404,iEQDULS,-0.0123
200405,iEQDULS,0.0022
200406,iEQDULS,0.0115
200407,iEQDULS,-0.0206
200408,iEQDULS,-0.0003
200409,iEQDULS,0.0269
200410,iEQDULS,0.0192
200411,iEQDULS,0.0298
200412,iEQDULS,0.0283
200501,iEQDULS,-0.0009
200502,iEQDULS,0.0177
200503,iEQDULS,-0.0054
200504,iEQDULS,-0.0144
200505,iEQDULS,0.0211
200506,iEQDULS,0.0212
200507,iEQDULS,0.0398
200508,iEQDULS,0.0059
200509,iEQDULS,0.0091
200510,iEQDULS,-0.0072
200511,iEQDULS,0.0287
200512,iEQDULS,0.0173
200601,iEQDULS,0.0322
200602,iEQDULS,0.0039
200603,iEQDULS,0.0191
200604,iEQDULS,0.0171
200605,iEQDULS,-0.017
200606,iEQDULS,-0.0083
200607,iEQDULS,-0.0042
200608,iEQDULS,0.0274
200609,iEQDULS,0.0148
200610,iEQDULS,0.0232
200611,iEQDULS,0.0206
200612,iEQDULS,0.0124
200701,iEQDULS,0.0233
200702,iEQDULS,0.0082
200703,iEQDULS,0.0145
200704,iEQDULS,0.023
200705,iEQDULS,0.0315
200706,iEQDULS,0.0065
200707,iEQDULS,0.0031
200708,iEQDULS,-0.001
200709,iEQDULS,0.0183
200710,iEQDULS,0.0377
200711,iEQDULS,-0.0082
200712,iEQDULS,0.0031
200801,iEQDULS,-0.032
200802,iEQDULS,0.0071
200803,iEQDULS,-0.014
200804,iEQDULS,0.0263
200805,iEQDULS,0.0322
200806,iEQDULS,-0.0259
200807,iEQDULS,-0.0183
200808,iEQDULS,0.0118
200809,iEQDULS,-0.067
200810,iEQDULS,-0.0583
200811,iEQDULS,-0.0416
200812,iEQDULS,0.0136
200901,iEQDULS,0.0101
200902,iEQDULS,-0.018
200903,iEQDULS,0.0325
200904,iEQDULS,0.0532
200905,iEQDULS,0.0503
200906,iEQDULS,0.0146
200907,iEQDULS,0.0398
200908,iEQDULS,0.0275
200909,iEQDULS,0.0236
200910,iEQDULS,-0.0128
200911,iEQDULS,0.0241
200912,iEQDULS,0.0298
201001,iEQDULS,-0.0085
201002,iEQDULS,0.0225
201003,iEQDULS,0.0279
201004,iEQDULS,0.013
201005,iEQDULS,-0.029
201006,iEQDULS,-0.0247
201007,iEQDULS,0.022
201008,iEQDULS,-0.0167
201009,iEQDULS,0.0436
201010,iEQDULS,0.0248
201011,iEQDULS,0.0078
201012,iEQDULS,0.0322
201101,iEQDULS,0.0109
201102,iEQDULS,0.0207
201103,iEQDULS,0.0086
201104,iEQDULS,0.0152
201105,iEQDULS,0.0016
201106,iEQDULS,-0.006
201107,iEQDULS,-0.0059
201108,iEQDULS,-0.0367
201109,iEQDULS,-0.037
201110,iEQDULS,0.0515
201111,iEQDULS,0.001
201112,iEQDULS,0.0013
201201,iEQDULS,0.0289
201202,iEQDULS,0.0235
201203,iEQDULS,0.0167
201204,iEQDULS,0.0002
201205,iEQDULS,-0.0234
201206,iEQDULS,0.0081
201207,iEQDULS,0.0037
201208,iEQDULS,0.0177
201209,iEQDULS,0.0109
201210,iEQDULS,0.0024
201211,iEQDULS,0.0127
201212,iEQDULS,0.0133
201301,iEQDULS,0.0327
201302,iEQDULS,0.0094
201303,iEQDULS,0.0243
201304,iEQDULS,0.0024
201305,iEQDULS,0.02
201306,iEQDULS,0.0002
201307,iEQDULS,0.026
201308,iEQDULS,-0.0092
201309,iEQDULS,0.0259
201310,iEQDULS,0.018
201311,iEQDULS,0.0205
201312,iEQDULS,0.0211
201401,iEQDULS,-0.0061
201402,iEQDULS,0.0263
201403,iEQDULS,-0.0022
201404,iEQDULS,-0.0052
201405,iEQDULS,0.0171
201406,iEQDULS,0.0127
201407,iEQDULS,-0.0104
201408,iEQDULS,0.0162
201409,iEQDULS,-0.0097
201410,iEQDULS,0.0115
201411,iEQDULS,0.0178
201412,iEQDULS,0.0056
201501,iEQDULS,-0.0055
201502,iEQDULS,0.0295
201503,iEQDULS,0.0083
201504,iEQDULS,-0.0043
201505,iEQDULS,0.0139
201506,iEQDULS,-0.0044
201507,iEQDULS,0.0053
201508,iEQDULS,-0.0152
201509,iEQDULS,-0.027
201510,iEQDULS,0.0244
201511,iEQDULS,0.0024
201512,iEQDULS,-0.0121
201601,iEQDULS,-0.0334
201602,iEQDULS,-0.0057
201603,iEQDULS,0.0228
201604,iEQDULS,0.0059
201605,iEQDULS,0.0122
201606,iEQDULS,-0.0098
201607,iEQDULS,0.0222
201608,iEQDULS,0.0086
201609,iEQDULS,0.0051
201610,iEQDULS,-0.007
201611,iEQDULS,0.0203
201612,iEQDULS,0.0057
201701,iEQDULS,0.012
201702,iEQDULS,0.006
201703,iEQDULS,0.0059
201704,iEQDULS,0.007
201705,iEQDULS,0.0059
201706,iEQDULS,0.0022
201707,iEQDULS,0.0126
201708,iEQDULS,0.0125
201709,iEQDULS,0.0063
201710,iEQDULS,0.0118
201711,iEQDULS,0.002
201712,iEQDULS,0.0046
201801,iEQDULS,0.0222
201802,iEQDULS,-0.0131
201803,iEQDULS,-0.0036
201804,iEQDULS,0.0048
201805,iEQDULS,0.0161
201806,iEQDULS,-0.0009
201807,iEQDULS,0.0106
201808,iEQDULS,0.0141
201809,iEQDULS,-0.002
201810,iEQDULS,-0.0401
201811,iEQDULS,-0.0018
201812,iEQDULS,-0.039
201901,iEQDULS,0.0564
201902,iEQDULS,0.0192
201903,iEQDULS,0.0034
201904,iEQDULS,0.0206
201905,iEQDULS,-0.0183
201906,iEQDULS,0.0201
201907,iEQDULS,0.0096
201908,iEQDULS,-0.0092
201909,iEQDULS,-0.0027
201910,iEQDULS,0.0108
201911,iEQDULS,0.0219
201912,iEQDULS,0.0152
202001,iEQDULS,-0.0084
202002,iEQDULS,-0.0324
202003,iEQDULS,-0.0919
202004,iEQDULS,0.0611
202005,iEQDULS,0.0323
202006,iEQDULS,0.0166
202007,iEQDULS,0.0317
202008,iEQDULS,0.0285
202009,iEQDULS,-0.0088
202010,iEQDULS,0.0025
202011,iEQDULS,0.0731
202012,iEQDULS,0.0462
202101,iEQDULS,-0.0177
202102,iEQDULS,0.0578
202103,iEQDULS,0.0154
202104,iEQDULS,0.0346
202105,iEQDULS,0.0075
202106,iEQDULS,0.0049
202107,iEQDULS,0.0012
202108,iEQDULS,0.0071
202109,iEQDULS,-0.0075
202110,iEQDULS,0.0217
202111,iEQDULS,-0.0265
202112,iEQDULS,0.026
202201,iEQDULS,-0.0381
202202,iEQDULS,0.0006
202203,iEQDULS,0.0073
202204,iEQDULS,-0.0297
202205,iEQDULS,-0.0098
202206,iEQDULS,-0.0446
202207,iEQDULS,0.0384
202208,iEQDULS,-0.0116
202209,iEQDULS,-0.0391
202210,iEQDULS,0.0351
202211,iEQDULS,0.0218
202212,iEQDULS,-0.0083
202301,iEQDULS,0.0322
202302,iEQDULS,-0.0049
202303,iEQDULS,0.0036
202304,iEQDULS,0.0042
202305,iEQDULS,0.0042
202306,iEQDULS,0.0266
202307,iEQDULS,0.0139
202308,iEQDULS,-0.0027
202309,iEQDULS,-0.0137
202310,iEQDULS,-0.0165
202311,iEQDULS,0.0449
202312,iEQDULS,0.0345
202401,iEQDULS,0.0087
202402,iEQDULS,0.0309
202403,iEQDULS,0.0235
202404,iEQDULS,-0.0212
202405,iEQDULS,0.0202
202406,iEQDULS,-0.0008
202407,iEQDULS,0.0157
202408,iEQDULS,0.013
202409,iEQDULS,0.0102
202410,iEQDULS,0.0026
202411,iEQDULS,0.0451
202412,iEQDULS,-0.016
202501,iEQDULS,0.0269
202502,iEQDULS,-0.017
202503,iEQDULS,-0.0346
202504,iEQDULS,-0.0008
202505,iEQDULS,0.0452
202506,iEQDULS,0.0328
202507,iEQDULS,0.0101
202508,iEQDULS,0.0215
202509,iEQDULS,0.0035
202510,iEQDULS,-0.002
202511,iEQDULS,0.0128
202512,iEQDULS,0.0127
202601,iEQDULS,0.0122
202602,iEQDULS,0.0061
202603,iEQDULS,-0.0362
202604,iEQDULS,0.0633
200501,iEQDULSACT,0.0198
200502,iEQDULSACT,0.0109
200503,iEQDULSACT,-0.0084
200504,iEQDULSACT,-0.0365
200505,iEQDULSACT,0.0342
200506,iEQDULSACT,0.0429
200507,iEQDULSACT,0.0424
200508,iEQDULSACT,-0.0026
200509,iEQDULSACT,-0.0062
200510,iEQDULSACT,0.0373
200511,iEQDULSACT,0.0534
200512,iEQDULSACT,0.0115
200601,iEQDULSACT,0.06
200602,iEQDULSACT,0.0159
200603,iEQDULSACT,0.0491
200604,iEQDULSACT,0.007
200605,iEQDULSACT,-0.0001
200606,iEQDULSACT,-0.0327
200607,iEQDULSACT,-0.0054
200608,iEQDULSACT,0.0389
200609,iEQDULSACT,0.0215
200610,iEQDULSACT,0.0273
200611,iEQDULSACT,0.023
200612,iEQDULSACT,0.0111
200701,iEQDULSACT,0.0193
200702,iEQDULSACT,0.0201
200703,iEQDULSACT,0.0188
200704,iEQDULSACT,0.0018
200705,iEQDULSACT,0.055
200706,iEQDULSACT,-0.0102
200707,iEQDULSACT,-0.0192
200708,iEQDULSACT,-0.0103
200709,iEQDULSACT,-0.0157
200710,iEQDULSACT,0.0474
200711,iEQDULSACT,-0.0324
200712,iEQDULSACT,-0.0109
200801,iEQDULSACT,-0.0141
200802,iEQDULSACT,-0.0001
200803,iEQDULSACT,0.0151
200804,iEQDULSACT,0.0004
200805,iEQDULSACT,0.0133
200806,iEQDULSACT,-0.0357
200807,iEQDULSACT,-0.0166
200808,iEQDULSACT,0.0441
200809,iEQDULSACT,-0.042
200810,iEQDULSACT,-0.0967
200811,iEQDULSACT,-0.0658
200812,iEQDULSACT,0.0229
200901,iEQDULSACT,-0.0138
200902,iEQDULSACT,-0.0317
200903,iEQDULSACT,0.0345
200904,iEQDULSACT,0.0373
200905,iEQDULSACT,0.0037
200906,iEQDULSACT,-0.0019
200907,iEQDULSACT,0.057
200908,iEQDULSACT,0.0287
200909,iEQDULSACT,0.0304
200910,iEQDULSACT,-0.0315
200911,iEQDULSACT,0.0434
200912,iEQDULSACT,0.0479
201001,iEQDULSACT,-0.018
201002,iEQDULSACT,0.0403
201003,iEQDULSACT,0.0514
201004,iEQDULSACT,0.0203
201005,iEQDULSACT,-0.0224
201006,iEQDULSACT,-0.0412
201007,iEQDULSACT,0.0319
201008,iEQDULSACT,-0.0369
201009,iEQDULSACT,0.0729
201010,iEQDULSACT,0.0448
201011,iEQDULSACT,0.0313
201012,iEQDULSACT,0.042
201101,iEQDULSACT,-0.0113
201102,iEQDULSACT,0.038
201103,iEQDULSACT,0.0134
201104,iEQDULSACT,0.0247
201105,iEQDULSACT,0.0042
201106,iEQDULSACT,-0.0137
201107,iEQDULSACT,-0.0239
201108,iEQDULSACT,-0.051
201109,iEQDULSACT,-0.0485
201110,iEQDULSACT,0.092
201111,iEQDULSACT,0.0006
201112,iEQDULSACT,0.006
201201,iEQDULSACT,0.0313
201202,iEQDULSACT,0.0286
201203,iEQDULSACT,0.0263
201204,iEQDULSACT,0.0016
201205,iEQDULSACT,-0.0367
201206,iEQDULSACT,0.0148
201207,iEQDULSACT,-0.01
201208,iEQDULSACT,0.0204
201209,iEQDULSACT,0.0112
201210,iEQDULSACT,-0.0064
201211,iEQDULSACT,0.0158
201212,iEQDULSACT,0.0156
201301,iEQDULSACT,0.0355
201302,iEQDULSACT,0.0051
201303,iEQDULSACT,0.0341
201304,iEQDULSACT,0.0098
201305,iEQDULSACT,0.0224
201306,iEQDULSACT,-0.0072
201307,iEQDULSACT,0.0375
201308,iEQDULSACT,-0.0082
201309,iEQDULSACT,0.031
201310,iEQDULSACT,0.0267
201311,iEQDULSACT,0.0204
201312,iEQDULSACT,0.0243
201401,iEQDULSACT,-0.0054
201402,iEQDULSACT,0.0305
201403,iEQDULSACT,0.0052
201404,iEQDULSACT,-0.0071
201405,iEQDULSACT,0.0179
201406,iEQDULSACT,0.0246
201407,iEQDULSACT,-0.0149
201408,iEQDULSACT,0.0154
201409,iEQDULSACT,-0.0176
201410,iEQDULSACT,0.0109
201411,iEQDULSACT,0.0219
201412,iEQDULSACT,0.0172
201501,iEQDULSACT,-0.0158
201502,iEQDULSACT,0.044
201503,iEQDULSACT,0.0013
201504,iEQDULSACT,-0.0035
201505,iEQDULSACT,0.0165
201506,iEQDULSACT,-0.0112
201507,iEQDULSACT,-0.013
201508,iEQDULSACT,-0.0458
201509,iEQDULSACT,-0.0523
201510,iEQDULSACT,0.0302
201511,iEQDULSACT,0.0085
201512,iEQDULSACT,-0.0182
201601,iEQDULSACT,-0.0575
201602,iEQDULSACT,0.001
201603,iEQDULSACT,0.0269
201604,iEQDULSACT,0.0104
201605,iEQDULSACT,0.0085
201606,iEQDULSACT,-0.0009
201607,iEQDULSACT,0.0392
201608,iEQDULSACT,0.0249
201609,iEQDULSACT,0.0009
201610,iEQDULSACT,-0.0142
201611,iEQDULSACT,0.0429
201612,iEQDULSACT,0.0141
201701,iEQDULSACT,0.0047
201702,iEQDULSACT,0.012
201703,iEQDULSACT,0.008
201704,iEQDULSACT,0.0107
201705,iEQDULSACT,0.0117
201706,iEQDULSACT,0.0006
201707,iEQDULSACT,0.013
201708,iEQDULSACT,-0.0035
201709,iEQDULSACT,0.0153
201710,iEQDULSACT,0.004
201711,iEQDULSACT,0.0134
201712,iEQDULSACT,0.0083
201801,iEQDULSACT,0.014
201802,iEQDULSACT,-0.0225
201803,iEQDULSACT,0.0037
201804,iEQDULSACT,0.0031
201805,iEQDULSACT,0.0243
201806,iEQDULSACT,0.0227
201807,iEQDULSACT,0.0093
201808,iEQDULSACT,0.0237
201809,iEQDULSACT,-0.0104
201810,iEQDULSACT,-0.0575
201811,iEQDULSACT,0.0155
201812,iEQDULSACT,-0.061
201901,iEQDULSACT,0.0647
201902,iEQDULSACT,0.0173
201903,iEQDULSACT,0.0114
201904,iEQDULSACT,0.0251
201905,iEQDULSACT,-0.0261
201906,iEQDULSACT,0.0326
201907,iEQDULSACT,0.0067
201908,iEQDULSACT,-0.0056
201909,iEQDULSACT,0.0131
201910,iEQDULSACT,0.0115
201911,iEQDULSACT,0.0262
201912,iEQDULSACT,0.0271
202001,iEQDULSACT,-0.0118
202002,iEQDULSACT,-0.0539
202003,iEQDULSACT,-0.1382
202004,iEQDULSACT,0.1004
202005,iEQDULSACT,0.0455
202006,iEQDULSACT,0.0287
202007,iEQDULSACT,0.0387
202008,iEQDULSACT,0.0419
202009,iEQDULSACT,-0.0066
202010,iEQDULSACT,0.0231
202011,iEQDULSACT,0.0879
202012,iEQDULSACT,0.0541
202101,iEQDULSACT,0.0099
202102,iEQDULSACT,0.0633
202103,iEQDULSACT,0.0242
202104,iEQDULSACT,0.0347
202105,iEQDULSACT,0.0238
202106,iEQDULSACT,0.0127
202107,iEQDULSACT,-0.0125
202108,iEQDULSACT,-0.0004
202109,iEQDULSACT,-0.0142
202110,iEQDULSACT,0.024
202111,iEQDULSACT,-0.0317
202112,iEQDULSACT,0.0392
202201,iEQDULSACT,-0.0439
202202,iEQDULSACT,-0.0006
202203,iEQDULSACT,0.0291
202204,iEQDULSACT,-0.0469
202205,iEQDULSACT,-0.0248
202206,iEQDULSACT,-0.07
202207,iEQDULSACT,0.0481
202208,iEQDULSACT,-0.0133
202209,iEQDULSACT,-0.0602
202210,iEQDULSACT,0.061
202211,iEQDULSACT,0.0377
202212,iEQDULSACT,-0.0256
202301,iEQDULSACT,0.0469
202302,iEQDULSACT,-0.0063
202303,iEQDULSACT,-0.0102
202304,iEQDULSACT,-0.0087
202305,iEQDULSACT,-0.0103
202306,iEQDULSACT,0.0368
202307,iEQDULSACT,0.0241
202308,iEQDULSACT,-0.0204
202309,iEQDULSACT,-0.0263
202310,iEQDULSACT,-0.037
202311,iEQDULSACT,0.0631
202312,iEQDULSACT,0.0665
202401,iEQDULSACT,-0.0225
202402,iEQDULSACT,0.0391
202403,iEQDULSACT,0.0263
202404,iEQDULSACT,-0.0478
202405,iEQDULSACT,0.0152
202406,iEQDULSACT,-0.0167
202407,iEQDULSACT,0.0496
202408,iEQDULSACT,0.0132
202409,iEQDULSACT,0.0041
202410,iEQDULSACT,-0.0206
202411,iEQDULSACT,0.0579
202412,iEQDULSACT,-0.0379
202501,iEQDULSACT,0.0335
202502,iEQDULSACT,-0.0209
202503,iEQDULSACT,-0.0572
202504,iEQDULSACT,-0.0359
202505,iEQDULSACT,0.0546
202506,iEQDULSACT,0.0371
202507,iEQDULSACT,0.0133
202508,iEQDULSACT,0.0344
202509,iEQDULSACT,-0.0051
202510,iEQDULSACT,-0.0154
202511,iEQDULSACT,0.014
202512,iEQDULSACT,0.0169
202601,iEQDULSACT,0.0141
202602,iEQDULSACT,0.004
202603,iEQDULSACT,-0.0388
202604,iEQDULSACT,0.0736
199801,iEQDULSFUN,-0.0141
199802,iEQDULSFUN,0.0294
199803,iEQDULSFUN,0.0531
199804,iEQDULSFUN,0.0217
199805,iEQDULSFUN,0.0149
199806,iEQDULSFUN,0.021
199807,iEQDULSFUN,-0.003
199808,iEQDULSFUN,-0.0496
199809,iEQDULSFUN,0.0474
199810,iEQDULSFUN,0.0112
199811,iEQDULSFUN,0.0249
199812,iEQDULSFUN,0.0407
199901,iEQDULSFUN,0.0296
199902,iEQDULSFUN,0.0021
199903,iEQDULSFUN,0.0449
199904,iEQDULSFUN,0.0673
199905,iEQDULSFUN,0.0256
199906,iEQDULSFUN,0.035
199907,iEQDULSFUN,0.0161
199908,iEQDULSFUN,-0.0171
199909,iEQDULSFUN,0.0147
199910,iEQDULSFUN,0.032
199911,iEQDULSFUN,0.0512
199912,iEQDULSFUN,0.1076
200001,iEQDULSFUN,-0.0011
200002,iEQDULSFUN,0.0538
200003,iEQDULSFUN,0.027
200004,iEQDULSFUN,-0.0143
200005,iEQDULSFUN,-0.0155
200006,iEQDULSFUN,0.0376
200007,iEQDULSFUN,0.0055
200008,iEQDULSFUN,0.0437
200009,iEQDULSFUN,-0.0066
200010,iEQDULSFUN,0.0019
200011,iEQDULSFUN,-0.0146
200012,iEQDULSFUN,0.0333
200101,iEQDULSFUN,0.0252
200102,iEQDULSFUN,0.0004
200103,iEQDULSFUN,-0.0106
200104,iEQDULSFUN,0.0248
200105,iEQDULSFUN,0.0165
200106,iEQDULSFUN,0.0065
200107,iEQDULSFUN,-0.0095
200108,iEQDULSFUN,-0.0007
200109,iEQDULSFUN,-0.0341
200110,iEQDULSFUN,0.0146
200111,iEQDULSFUN,0.0314
200112,iEQDULSFUN,0.0191
200201,iEQDULSFUN,0.007
200202,iEQDULSFUN,-0.0132
200203,iEQDULSFUN,0.0119
200204,iEQDULSFUN,-0.0062
200205,iEQDULSFUN,0.0033
200206,iEQDULSFUN,-0.0277
200207,iEQDULSFUN,-0.0342
200208,iEQDULSFUN,0.0162
200209,iEQDULSFUN,-0.0169
200210,iEQDULSFUN,0.0266
200211,iEQDULSFUN,0.0314
200212,iEQDULSFUN,-0.0128
200301,iEQDULSFUN,0.0108
200302,iEQDULSFUN,-0.0103
200303,iEQDULSFUN,0.0085
200304,iEQDULSFUN,0.0454
200305,iEQDULSFUN,0.0497
200306,iEQDULSFUN,0.0193
200307,iEQDULSFUN,0.0191
200308,iEQDULSFUN,0.0166
200309,iEQDULSFUN,0.0056
200310,iEQDULSFUN,0.029
200311,iEQDULSFUN,0.0193
200312,iEQDULSFUN,0.0231
200401,iEQDULSFUN,0.0229
200402,iEQDULSFUN,0.0184
200403,iEQDULSFUN,-0.0009
200404,iEQDULSFUN,-0.0123
200405,iEQDULSFUN,0.0022
200406,iEQDULSFUN,0.0115
200407,iEQDULSFUN,-0.0206
200408,iEQDULSFUN,-0.0003
200409,iEQDULSFUN,0.0269
200410,iEQDULSFUN,0.0192
200411,iEQDULSFUN,0.0298
200412,iEQDULSFUN,0.0283
200501,iEQDULSFUN,-0.0015
200502,iEQDULSFUN,0.0179
200503,iEQDULSFUN,-0.0053
200504,iEQDULSFUN,-0.0138
200505,iEQDULSFUN,0.0207
200506,iEQDULSFUN,0.0206
200507,iEQDULSFUN,0.0397
200508,iEQDULSFUN,0.0061
200509,iEQDULSFUN,0.0095
200510,iEQDULSFUN,-0.0084
200511,iEQDULSFUN,0.0281
200512,iEQDULSFUN,0.0174
200601,iEQDULSFUN,0.0308
200602,iEQDULSFUN,0.0033
200603,iEQDULSFUN,0.0176
200604,iEQDULSFUN,0.0176
200605,iEQDULSFUN,-0.0178
200606,iEQDULSFUN,-0.0071
200607,iEQDULSFUN,-0.0042
200608,iEQDULSFUN,0.0268
200609,iEQDULSFUN,0.0144
200610,iEQDULSFUN,0.023
200611,iEQDULSFUN,0.0205
200612,iEQDULSFUN,0.0125
200701,iEQDULSFUN,0.0235
200702,iEQDULSFUN,0.0075
200703,iEQDULSFUN,0.0142
200704,iEQDULSFUN,0.0244
200705,iEQDULSFUN,0.0299
200706,iEQDULSFUN,0.0076
200707,iEQDULSFUN,0.0046
200708,iEQDULSFUN,-0.0004
200709,iEQDULSFUN,0.0206
200710,iEQDULSFUN,0.0371
200711,iEQDULSFUN,-0.0066
200712,iEQDULSFUN,0.0041
200801,iEQDULSFUN,-0.0331
200802,iEQDULSFUN,0.0078
200803,iEQDULSFUN,-0.0158
200804,iEQDULSFUN,0.0284
200805,iEQDULSFUN,0.0336
200806,iEQDULSFUN,-0.0248
200807,iEQDULSFUN,-0.0196
200808,iEQDULSFUN,0.0098
200809,iEQDULSFUN,-0.069
200810,iEQDULSFUN,-0.0556
200811,iEQDULSFUN,-0.0403
200812,iEQDULSFUN,0.0131
200901,iEQDULSFUN,0.0126
200902,iEQDULSFUN,-0.0168
200903,iEQDULSFUN,0.0327
200904,iEQDULSFUN,0.057
200905,iEQDULSFUN,0.0549
200906,iEQDULSFUN,0.0156
200907,iEQDULSFUN,0.039
200908,iEQDULSFUN,0.0285
200909,iEQDULSFUN,0.0233
200910,iEQDULSFUN,-0.0117
200911,iEQDULSFUN,0.0231
200912,iEQDULSFUN,0.0289
201001,iEQDULSFUN,-0.0079
201002,iEQDULSFUN,0.0215
201003,iEQDULSFUN,0.0264
201004,iEQDULSFUN,0.0127
201005,iEQDULSFUN,-0.03
201006,iEQDULSFUN,-0.0246
201007,iEQDULSFUN,0.0214
201008,iEQDULSFUN,-0.0154
201009,iEQDULSFUN,0.0417
201010,iEQDULSFUN,0.0234
201011,iEQDULSFUN,0.0063
201012,iEQDULSFUN,0.0323
201101,iEQDULSFUN,0.0125
201102,iEQDULSFUN,0.0196
201103,iEQDULSFUN,0.0079
201104,iEQDULSFUN,0.0143
201105,iEQDULSFUN,0.0006
201106,iEQDULSFUN,-0.0064
201107,iEQDULSFUN,-0.005
201108,iEQDULSFUN,-0.0383
201109,iEQDULSFUN,-0.0378
201110,iEQDULSFUN,0.0493
201111,iEQDULSFUN,0.0005
201112,iEQDULSFUN,0.0005
201201,iEQDULSFUN,0.0293
201202,iEQDULSFUN,0.0232
201203,iEQDULSFUN,0.0162
201204,iEQDULSFUN,0.0002
201205,iEQDULSFUN,-0.023
201206,iEQDULSFUN,0.0077
201207,iEQDULSFUN,0.0042
201208,iEQDULSFUN,0.0182
201209,iEQDULSFUN,0.0109
201210,iEQDULSFUN,0.0035
201211,iEQDULSFUN,0.0122
201212,iEQDULSFUN,0.014
201301,iEQDULSFUN,0.0331
201302,iEQDULSFUN,0.0097
201303,iEQDULSFUN,0.0235
201304,iEQDULSFUN,0.0012
201305,iEQDULSFUN,0.0205
201306,iEQDULSFUN,0.0011
201307,iEQDULSFUN,0.0249
201308,iEQDULSFUN,-0.0089
201309,iEQDULSFUN,0.0262
201310,iEQDULSFUN,0.0162
201311,iEQDULSFUN,0.0211
201312,iEQDULSFUN,0.0215
201401,iEQDULSFUN,-0.0053
201402,iEQDULSFUN,0.0272
201403,iEQDULSFUN,-0.005
201404,iEQDULSFUN,-0.0068
201405,iEQDULSFUN,0.0173
201406,iEQDULSFUN,0.013
201407,iEQDULSFUN,-0.0111
201408,iEQDULSFUN,0.0163
201409,iEQDULSFUN,-0.0094
201410,iEQDULSFUN,0.0107
201411,iEQDULSFUN,0.0174
201412,iEQDULSFUN,0.0043
201501,iEQDULSFUN,-0.0058
201502,iEQDULSFUN,0.03
201503,iEQDULSFUN,0.0086
201504,iEQDULSFUN,-0.0032
201505,iEQDULSFUN,0.0146
201506,iEQDULSFUN,-0.0029
201507,iEQDULSFUN,0.0058
201508,iEQDULSFUN,-0.0138
201509,iEQDULSFUN,-0.0266
201510,iEQDULSFUN,0.0228
201511,iEQDULSFUN,0.0014
201512,iEQDULSFUN,-0.0121
201601,iEQDULSFUN,-0.0341
201602,iEQDULSFUN,-0.008
201603,iEQDULSFUN,0.0222
201604,iEQDULSFUN,0.0067
201605,iEQDULSFUN,0.0141
201606,iEQDULSFUN,-0.013
201607,iEQDULSFUN,0.0214
201608,iEQDULSFUN,0.0085
201609,iEQDULSFUN,0.0069
201610,iEQDULSFUN,-0.0073
201611,iEQDULSFUN,0.0172
201612,iEQDULSFUN,0.004
201701,iEQDULSFUN,0.015
201702,iEQDULSFUN,0.0043
201703,iEQDULSFUN,0.0059
201704,iEQDULSFUN,0.0066
201705,iEQDULSFUN,0.0057
201706,iEQDULSFUN,0.0033
201707,iEQDULSFUN,0.0125
201708,iEQDULSFUN,0.0139
201709,iEQDULSFUN,0.0054
201710,iEQDULSFUN,0.0108
201711,iEQDULSFUN,-0.0004
201712,iEQDULSFUN,0.0052
201801,iEQDULSFUN,0.0226
201802,iEQDULSFUN,-0.0131
201803,iEQDULSFUN,-0.0062
201804,iEQDULSFUN,0.0065
201805,iEQDULSFUN,0.0173
201806,iEQDULSFUN,-0.0031
201807,iEQDULSFUN,0.0107
201808,iEQDULSFUN,0.0125
201809,iEQDULSFUN,-0.0012
201810,iEQDULSFUN,-0.0412
201811,iEQDULSFUN,-0.0047
201812,iEQDULSFUN,-0.0402
201901,iEQDULSFUN,0.0599
201902,iEQDULSFUN,0.0217
201903,iEQDULSFUN,0.0029
201904,iEQDULSFUN,0.0221
201905,iEQDULSFUN,-0.0178
201906,iEQDULSFUN,0.0185
201907,iEQDULSFUN,0.0107
201908,iEQDULSFUN,-0.0103
201909,iEQDULSFUN,-0.0069
201910,iEQDULSFUN,0.012
201911,iEQDULSFUN,0.0236
201912,iEQDULSFUN,0.015
202001,iEQDULSFUN,-0.007
202002,iEQDULSFUN,-0.0287
202003,iEQDULSFUN,-0.0894
202004,iEQDULSFUN,0.0584
202005,iEQDULSFUN,0.0335
202006,iEQDULSFUN,0.015
202007,iEQDULSFUN,0.0333
202008,iEQDULSFUN,0.0293
202009,iEQDULSFUN,-0.009
202010,iEQDULSFUN,0.0006
202011,iEQDULSFUN,0.0764
202012,iEQDULSFUN,0.0487
202101,iEQDULSFUN,-0.0218
202102,iEQDULSFUN,0.061
202103,iEQDULSFUN,0.0131
202104,iEQDULSFUN,0.0354
202105,iEQDULSFUN,0.0041
202106,iEQDULSFUN,0.0046
202107,iEQDULSFUN,0.0027
202108,iEQDULSFUN,0.0086
202109,iEQDULSFUN,-0.0062
202110,iEQDULSFUN,0.0229
202111,iEQDULSFUN,-0.0293
202112,iEQDULSFUN,0.0227
202201,iEQDULSFUN,-0.0393
202202,iEQDULSFUN,0.0012
202203,iEQDULSFUN,0.0026
202204,iEQDULSFUN,-0.0307
202205,iEQDULSFUN,-0.0092
202206,iEQDULSFUN,-0.0428
202207,iEQDULSFUN,0.0385
202208,iEQDULSFUN,-0.011
202209,iEQDULSFUN,-0.0382
202210,iEQDULSFUN,0.0331
202211,iEQDULSFUN,0.0184
202212,iEQDULSFUN,-0.0066
202301,iEQDULSFUN,0.0345
202302,iEQDULSFUN,-0.0062
202303,iEQDULSFUN,0.0052
202304,iEQDULSFUN,0.0078
202305,iEQDULSFUN,0.0091
202306,iEQDULSFUN,0.0255
202307,iEQDULSFUN,0.0125
202308,iEQDULSFUN,-0.0011
202309,iEQDULSFUN,-0.0135
202310,iEQDULSFUN,-0.0153
202311,iEQDULSFUN,0.0441
202312,iEQDULSFUN,0.0349
202401,iEQDULSFUN,0.0106
202402,iEQDULSFUN,0.0321
202403,iEQDULSFUN,0.0234
202404,iEQDULSFUN,-0.0191
202405,iEQDULSFUN,0.0211
202406,iEQDULSFUN,-0.0011
202407,iEQDULSFUN,0.0133
202408,iEQDULSFUN,0.012
202409,iEQDULSFUN,0.0113
202410,iEQDULSFUN,0.0055
202411,iEQDULSFUN,0.0455
202412,iEQDULSFUN,-0.0144
202501,iEQDULSFUN,0.0262
202502,iEQDULSFUN,-0.0187
202503,iEQDULSFUN,-0.0357
202504,iEQDULSFUN,0.0022
202505,iEQDULSFUN,0.046
202506,iEQDULSFUN,0.0362
202507,iEQDULSFUN,0.013
202508,iEQDULSFUN,0.02
202509,iEQDULSFUN,0.0066
202510,iEQDULSFUN,-0.0002
202511,iEQDULSFUN,0.0118
202512,iEQDULSFUN,0.012
202601,iEQDULSFUN,0.0141
202602,iEQDULSFUN,0.0054
202603,iEQDULSFUN,-0.0394
202604,iEQDULSFUN,0.0671
200801,iEQDULSQNT,-0.0419
200802,iEQDULSQNT,0.0004
200803,iEQDULSQNT,-0.0247
200804,iEQDULSQNT,0.0072
200805,iEQDULSQNT,0.0295
200806,iEQDULSQNT,-0.0524
200807,iEQDULSQNT,0.0476
200808,iEQDULSQNT,-0.0062
200809,iEQDULSQNT,-0.0538
200810,iEQDULSQNT,-0.0585
200811,iEQDULSQNT,-0.0212
200812,iEQDULSQNT,0.0016
200901,iEQDULSQNT,-0.0087
200902,iEQDULSQNT,-0.0237
200903,iEQDULSQNT,0.0218
200904,iEQDULSQNT,-0.026
200905,iEQDULSQNT,0.0212
200906,iEQDULSQNT,0.0269
200907,iEQDULSQNT,0.024
200908,iEQDULSQNT,-0.01
200909,iEQDULSQNT,0.0168
200910,iEQDULSQNT,-0.0002
200911,iEQDULSQNT,0.0044
200912,iEQDULSQNT,0.0144
201001,iEQDULSQNT,-0.0055
201002,iEQDULSQNT,0.0164
201003,iEQDULSQNT,0.02
201004,iEQDULSQNT,0.006
201005,iEQDULSQNT,-0.0087
201006,iEQDULSQNT,0.013
201007,iEQDULSQNT,0.0174
201008,iEQDULSQNT,-0.0122
201009,iEQDULSQNT,0.0402
201010,iEQDULSQNT,0.0231
201011,iEQDULSQNT,0.0025
201012,iEQDULSQNT,0.0013
201101,iEQDULSQNT,0.0071
201102,iEQDULSQNT,0.0196
201103,iEQDULSQNT,0.0163
201104,iEQDULSQNT,0.0202
201105,iEQDULSQNT,0.0169
201106,iEQDULSQNT,0.0118
201107,iEQDULSQNT,-0.0005
201108,iEQDULSQNT,0.0104
201109,iEQDULSQNT,-0.0068
201110,iEQDULSQNT,0.0446
201111,iEQDULSQNT,0.0118
201112,iEQDULSQNT,0.0106
201201,iEQDULSQNT,0.0162
201202,iEQDULSQNT,0.0216
201203,iEQDULSQNT,0.0134
201204,iEQDULSQNT,-0.0026
201205,iEQDULSQNT,-0.0109
201206,iEQDULSQNT,0.0062
201207,iEQDULSQNT,0.0123
201208,iEQDULSQNT,0.0018
201209,iEQDULSQNT,0.0114
201210,iEQDULSQNT,-0.0075
201211,iEQDULSQNT,0.0186
201212,iEQDULSQNT,-0.0038
201301,iEQDULSQNT,0.0173
201302,iEQDULSQNT,0.0145
201303,iEQDULSQNT,0.0175
201304,iEQDULSQNT,0.0098
201305,iEQDULSQNT,0.0037
201306,iEQDULSQNT,-0.0014
201307,iEQDULSQNT,0.0206
201308,iEQDULSQNT,-0.0194
201309,iEQDULSQNT,0.005
201310,iEQDULSQNT,0.0348
201311,iEQDULSQNT,0.0071
201312,iEQDULSQNT,0.0054
201401,iEQDULSQNT,-0.0219
201402,iEQDULSQNT,0.0001
201403,iEQDULSQNT,0.0349
201404,iEQDULSQNT,0.0287
201405,iEQDULSQNT,0.013
201406,iEQDULSQNT,-0.0176
201407,iEQDULSQNT,0.0129
201408,iEQDULSQNT,0.0153
201409,iEQDULSQNT,-0.0003
201410,iEQDULSQNT,0.0287
201411,iEQDULSQNT,0.0173
201412,iEQDULSQNT,0.0064
201501,iEQDULSQNT,0.0169
201502,iEQDULSQNT,-0.0024
201503,iEQDULSQNT,0.0155
201504,iEQDULSQNT,-0.0222
201505,iEQDULSQNT,-0.0023
201506,iEQDULSQNT,-0.0149
201507,iEQDULSQNT,0.0288
201508,iEQDULSQNT,0.0168
201509,iEQDULSQNT,0.0111
201510,iEQDULSQNT,0.039
201511,iEQDULSQNT,0.0064
201512,iEQDULSQNT,-0.0018
201601,iEQDULSQNT,0.0184
201602,iEQDULSQNT,0.018
201603,iEQDULSQNT,0.0255
201604,iEQDULSQNT,-0.0153
201605,iEQDULSQNT,-0.0103
201606,iEQDULSQNT,0.0226
201607,iEQDULSQNT,0.0047
201608,iEQDULSQNT,-0.018
201609,iEQDULSQNT,-0.0156
201610,iEQDULSQNT,0.0102
201611,iEQDULSQNT,0.0272
201612,iEQDULSQNT,0.0154
201701,iEQDULSQNT,-0.0106
201702,iEQDULSQNT,0.0184
201703,iEQDULSQNT,0.0028
201704,iEQDULSQNT,0.0065
201705,iEQDULSQNT,-0.0001
201706,iEQDULSQNT,-0.0082
201707,iEQDULSQNT,0.0126
201708,iEQDULSQNT,0.0195
201709,iEQDULSQNT,0.0034
201710,iEQDULSQNT,0.0349
201711,iEQDULSQNT,0.0129
201712,iEQDULSQNT,-0.0077
201801,iEQDULSQNT,0.0283
201802,iEQDULSQNT,-0.0029
201803,iEQDULSQNT,0.01
201804,iEQDULSQNT,-0.0082
201805,iEQDULSQNT,-0.0042
201806,iEQDULSQNT,-0.0091
201807,iEQDULSQNT,0.0113
201808,iEQDULSQNT,0.0168
201809,iEQDULSQNT,0.0013
201810,iEQDULSQNT,-0.0121
201811,iEQDULSQNT,0.0027
201812,iEQDULSQNT,-0.0036
201901,iEQDULSQNT,0.0143
201902,iEQDULSQNT,0.0003
201903,iEQDULSQNT,-0.0039
201904,iEQDULSQNT,0.0018
201905,iEQDULSQNT,-0.0113
201906,iEQDULSQNT,0.0147
201907,iEQDULSQNT,0.0049
201908,iEQDULSQNT,-0.0047
201909,iEQDULSQNT,0.008
201910,iEQDULSQNT,0.0005
201911,iEQDULSQNT,0.0028
201912,iEQDULSQNT,-0.0003
202001,iEQDULSQNT,-0.0156
202002,iEQDULSQNT,-0.0323
202003,iEQDULSQNT,-0.0381
202004,iEQDULSQNT,0.0204
202005,iEQDULSQNT,-0.0001
202006,iEQDULSQNT,0.0113
202007,iEQDULSQNT,0.0063
202008,iEQDULSQNT,-0.0004
202009,iEQDULSQNT,-0.0104
202010,iEQDULSQNT,-0.0166
202011,iEQDULSQNT,0.0157
202012,iEQDULSQNT,0.0084
202101,iEQDULSQNT,-0.0269
202102,iEQDULSQNT,0.0158
202103,iEQDULSQNT,0.0229
202104,iEQDULSQNT,0.0261
202105,iEQDULSQNT,0.0136
202106,iEQDULSQNT,-0.0074
202107,iEQDULSQNT,0.0111
202108,iEQDULSQNT,0.0037
202109,iEQDULSQNT,-0.0103
202110,iEQDULSQNT,0.0054
202111,iEQDULSQNT,0.0107
202112,iEQDULSQNT,0.0399
202201,iEQDULSQNT,-0.0129
202202,iEQDULSQNT,-0.003
202203,iEQDULSQNT,0.0197
202204,iEQDULSQNT,0.0097
202205,iEQDULSQNT,0.0123
202206,iEQDULSQNT,-0.0156
202207,iEQDULSQNT,0.0178
202208,iEQDULSQNT,-0.0146
202209,iEQDULSQNT,-0.0118
202210,iEQDULSQNT,0.0116
202211,iEQDULSQNT,0.0331
202212,iEQDULSQNT,0.0103
202301,iEQDULSQNT,-0.0156
202302,iEQDULSQNT,0.011
202303,iEQDULSQNT,0.0094
202304,iEQDULSQNT,-0.0124
202305,iEQDULSQNT,-0.0307
202306,iEQDULSQNT,0.0216
202307,iEQDULSQNT,0.0117
202308,iEQDULSQNT,0.0078
202309,iEQDULSQNT,0.0084
202310,iEQDULSQNT,0.0028
202311,iEQDULSQNT,0.031
202312,iEQDULSQNT,-0.009
202401,iEQDULSQNT,0.0317
202402,iEQDULSQNT,0.0006
202403,iEQDULSQNT,0.0211
202404,iEQDULSQNT,-0.0064
202405,iEQDULSQNT,0.0143
202406,iEQDULSQNT,0.0356
202407,iEQDULSQNT,-0.0052
202408,iEQDULSQNT,0.0286
202409,iEQDULSQNT,0.0022
202410,iEQDULSQNT,-0.0108
202411,iEQDULSQNT,0.0192
202412,iEQDULSQNT,-0.007
202501,iEQDULSQNT,0.0264
202502,iEQDULSQNT,0.011
202503,iEQDULSQNT,0.0131
202504,iEQDULSQNT,0.0126
202505,iEQDULSQNT,0.0217
202506,iEQDULSQNT,-0.0132
202507,iEQDULSQNT,-0.0278
202508,iEQDULSQNT,0.0196
202509,iEQDULSQNT,-0.0209
202510,iEQDULSQNT,-0.0066
202511,iEQDULSQNT,0.0228
202512,iEQDULSQNT,0.0165
202601,iEQDULSQNT,-0.0098
202602,iEQDULSQNT,0.0148
202603,iEQDULSQNT,0.005
202604,iEQDULSQNT,-0.0141
199801,iEQS,-0.0332
199802,iEQS,0.0766
199803,iEQS,0.0411
199804,iEQS,0.0242
199805,iEQS,-0.0323
199806,iEQS,-0.0267
199807,iEQS,-0.0349
199808,iEQS,-0.1871
199809,iEQS,0.0397
199810,iEQS,-0.0078
199811,iEQS,0.0274
199812,iEQS,0.0165
199901,iEQS,0.0023
199902,iEQS,-0.0428
199903,iEQS,0.0007
199904,iEQS,0.0639
199905,iEQS,0.0321
199906,iEQS,0.0322
199907,iEQS,0.0233
199908,iEQS,-0.0306
199909,iEQS,-0.026
199910,iEQS,0.0237
199911,iEQS,0.0053
199912,iEQS,0.0114
200001,iEQS,0.0018
200002,iEQS,0.0104
200003,iEQS,0.0867
200004,iEQS,0.0102
200005,iEQS,0.0626
200006,iEQS,0.0479
200007,iEQS,0.0408
200008,iEQS,0.0626
200009,iEQS,0.0475
200010,iEQS,0.0146
200011,iEQS,0.0062
200012,iEQS,0.0767
200101,iEQS,0.0249
200102,iEQS,0.0069
200103,iEQS,-0.008
200104,iEQS,0.0578
200105,iEQS,0.0517
200106,iEQS,0.019
200107,iEQS,-0.0091
200108,iEQS,0.0
200109,iEQS,-0.0397
200110,iEQS,0.0437
200111,iEQS,0.0329
200112,iEQS,0.0409
200201,iEQS,0.0031
200202,iEQS,0.0031
200203,iEQS,0.0196
200204,iEQS,-0.0142
200205,iEQS,-0.0037
200206,iEQS,-0.0196
200207,iEQS,-0.0077
200208,iEQS,0.0071
200209,iEQS,-0.0208
200210,iEQS,0.0274
200211,iEQS,0.0292
200212,iEQS,-0.0043
200301,iEQS,0.0104
200302,iEQS,0.0033
200303,iEQS,0.0138
200304,iEQS,0.0269
200305,iEQS,0.0343
200306,iEQS,0.0163
200307,iEQS,0.0206
200308,iEQS,0.008
200309,iEQS,0.0048
200310,iEQS,0.0301
200311,iEQS,0.0123
200312,iEQS,0.0144
200401,iEQS,0.0275
200402,iEQS,0.013
200403,iEQS,0.0026
200404,iEQS,0.0006
200405,iEQS,0.008
200406,iEQS,0.0007
200407,iEQS,-0.0305
200408,iEQS,-0.0022
200409,iEQS,0.0268
200410,iEQS,0.0154
200411,iEQS,0.0268
200412,iEQS,0.016
200501,iEQS,-0.0027
200502,iEQS,0.0052
200503,iEQS,-0.01
200504,iEQS,-0.0019
200505,iEQS,0.0217
200506,iEQS,0.0305
200507,iEQS,0.0395
200508,iEQS,0.017
200509,iEQS,0.0145
200510,iEQS,-0.0123
200511,iEQS,0.0229
200512,iEQS,0.0204
200601,iEQS,0.0444
200602,iEQS,0.0164
200603,iEQS,0.0205
200604,iEQS,0.0121
200605,iEQS,-0.0173
200606,iEQS,-0.0036
200607,iEQS,0.0114
200608,iEQS,0.0227
200609,iEQS,0.0097
200610,iEQS,0.0221
200611,iEQS,0.0276
200612,iEQS,0.0145
200701,iEQS,0.0215
200702,iEQS,0.0111
200703,iEQS,0.0086
200704,iEQS,0.0256
200705,iEQS,0.0244
200706,iEQS,0.0029
200707,iEQS,-0.0074
200708,iEQS,0.0099
200709,iEQS,0.0286
200710,iEQS,0.0323
200711,iEQS,-0.016
200712,iEQS,0.0109
200801,iEQS,-0.0373
200802,iEQS,-0.0027
200803,iEQS,-0.0322
200804,iEQS,0.0243
200805,iEQS,0.0269
200806,iEQS,-0.0237
200807,iEQS,0.0113
200808,iEQS,0.0076
200809,iEQS,-0.0652
200810,iEQS,-0.066
200811,iEQS,-0.022
200812,iEQS,0.0135
200901,iEQS,0.0178
200902,iEQS,-0.0107
200903,iEQS,0.0235
200904,iEQS,0.0346
200905,iEQS,0.0517
200906,iEQS,0.0184
200907,iEQS,0.0308
200908,iEQS,0.0174
200909,iEQS,0.0366
200910,iEQS,-0.0172
200911,iEQS,0.0247
200912,iEQS,0.0221
201001,iEQS,-0.0087
201002,iEQS,0.0122
201003,iEQS,0.0405
201004,iEQS,0.0208
201005,iEQS,-0.0345
201006,iEQS,-0.0194
201007,iEQS,0.0216
201008,iEQS,-0.0033
201009,iEQS,0.0476
201010,iEQS,0.0197
201011,iEQS,0.0037
201012,iEQS,0.0404
201101,iEQS,0.0139
201102,iEQS,0.016
201103,iEQS,0.008
201104,iEQS,0.028
201105,iEQS,0.0059
201106,iEQS,-0.0047
201107,iEQS,-0.0011
201108,iEQS,-0.0479
201109,iEQS,-0.0324
201110,iEQS,0.0425
201111,iEQS,0.0003
201112,iEQS,0.007
201201,iEQS,0.0384
201202,iEQS,0.0245
201203,iEQS,0.0184
201204,iEQS,0.0006
201205,iEQS,-0.0242
201206,iEQS,0.017
201207,iEQS,0.0054
201208,iEQS,0.0127
201209,iEQS,0.0185
201210,iEQS,-0.0103
201211,iEQS,0.005
201212,iEQS,0.0067
201301,iEQS,0.036
201302,iEQS,0.0102
201303,iEQS,0.0233
201304,iEQS,0.0087
201305,iEQS,0.0208
201306,iEQS,0.0017
201307,iEQS,0.044
201308,iEQS,0.0004
201309,iEQS,0.036
201310,iEQS,0.0109
201311,iEQS,0.0271
201312,iEQS,0.0246
201401,iEQS,0.0232
201402,iEQS,0.0402
201403,iEQS,-0.0115
201404,iEQS,-0.0267
201405,iEQS,0.0182
201406,iEQS,0.0285
201407,iEQS,-0.0185
201408,iEQS,0.0281
201409,iEQS,-0.0073
201410,iEQS,0.0164
201411,iEQS,0.0105
201412,iEQS,0.0187
201501,iEQS,0.0042
201502,iEQS,0.0289
201503,iEQS,0.0104
201504,iEQS,-0.0029
201505,iEQS,0.0267
201506,iEQS,0.0046
201507,iEQS,0.0118
201508,iEQS,-0.0182
201509,iEQS,-0.0324
201510,iEQS,0.0227
201511,iEQS,0.0134
201512,iEQS,0.003
201601,iEQS,-0.0546
201602,iEQS,-0.0237
201603,iEQS,0.0179
201604,iEQS,0.0162
201605,iEQS,0.0243
201606,iEQS,-0.008
201607,iEQS,0.0288
201608,iEQS,0.0146
201609,iEQS,0.0286
201610,iEQS,-0.0202
201611,iEQS,0.0149
201612,iEQS,0.0028
201701,iEQS,0.0247
201702,iEQS,0.0143
201703,iEQS,0.0112
201704,iEQS,0.0065
201705,iEQS,0.002
201706,iEQS,0.0157
201707,iEQS,0.0146
201708,iEQS,0.0127
201709,iEQS,0.0179
201710,iEQS,0.0082
201711,iEQS,0.0054
201712,iEQS,0.007
201801,iEQS,0.0386
201802,iEQS,-0.0004
201803,iEQS,0.0023
201804,iEQS,0.0061
201805,iEQS,0.0324
201806,iEQS,0.0002
201807,iEQS,0.0014
201808,iEQS,0.0209
201809,iEQS,0.0018
201810,iEQS,-0.0507
201811,iEQS,-0.0073
201812,iEQS,-0.0346
201901,iEQS,0.0522
201902,iEQS,0.0262
201903,iEQS,0.0084
201904,iEQS,0.0102
201905,iEQS,-0.0115
201906,iEQS,0.0241
201907,iEQS,0.0061
201908,iEQS,-0.0114
201909,iEQS,-0.0208
201910,iEQS,0.0149
201911,iEQS,0.0348
201912,iEQS,0.0238
202001,iEQS,0.0051
202002,iEQS,-0.0056
202003,iEQS,-0.0721
202004,iEQS,0.0621
202005,iEQS,0.0448
202006,iEQS,0.0264
202007,iEQS,0.0139
202008,iEQS,0.0299
202009,iEQS,0.0019
202010,iEQS,0.0134
202011,iEQS,0.0658
202012,iEQS,0.047
202101,iEQS,-0.0146
202102,iEQS,0.0424
202103,iEQS,-0.021
202104,iEQS,0.0204
202105,iEQS,-0.0119
202106,iEQS,0.0196
202107,iEQS,-0.0104
202108,iEQS,0.0207
202109,iEQS,-0.0125
202110,iEQS,0.0214
202111,iEQS,-0.0365
202112,iEQS,-0.008
202201,iEQS,-0.0665
202202,iEQS,-0.0084
202203,iEQS,-0.0069
202204,iEQS,-0.0441
202205,iEQS,-0.0344
202206,iEQS,-0.0118
202207,iEQS,0.0256
202208,iEQS,-0.0001
202209,iEQS,-0.0335
202210,iEQS,0.0163
202211,iEQS,0.0146
202212,iEQS,-0.0036
202301,iEQS,0.0385
202302,iEQS,-0.0099
202303,iEQS,0.0029
202304,iEQS,0.0068
202305,iEQS,0.0274
202306,iEQS,0.0107
202307,iEQS,0.0094
202308,iEQS,-0.0059
202309,iEQS,-0.0193
202310,iEQS,-0.0204
202311,iEQS,0.05
202312,iEQS,0.0535
202401,iEQS,0.0229
202402,iEQS,0.0366
202403,iEQS,0.0166
202404,iEQS,-0.0245
202405,iEQS,0.0118
202406,iEQS,0.0079
202407,iEQS,0.0248
202408,iEQS,0.0101
202409,iEQS,0.0081
202410,iEQS,0.0151
202411,iEQS,0.0355
202412,iEQS,-0.0228
202501,iEQS,0.0152
202502,iEQS,-0.0198
202503,iEQS,-0.0465
202504,iEQS,0.0086
202505,iEQS,0.0251
202506,iEQS,0.041
202507,iEQS,0.0338
202508,iEQS,0.0371
202509,iEQS,0.0434
202510,iEQS,0.0478
202511,iEQS,0.0251
202512,iEQS,0.0134
202601,iEQS,0.0137
202602,iEQS,0.0121
202603,iEQS,-0.0256
202604,iEQS,0.0774
200101,iEQSCON,0.183
200102,iEQSCON,0.024
200103,iEQSCON,-0.0051
200104,iEQSCON,0.0543
200105,iEQSCON,0.0341
200106,iEQSCON,0.0301
200107,iEQSCON,-0.0523
200108,iEQSCON,0.0249
200109,iEQSCON,-0.1004
200110,iEQSCON,0.0741
200111,iEQSCON,0.051
200112,iEQSCON,0.0401
200201,iEQSCON,0.0435
200202,iEQSCON,0.0438
200203,iEQSCON,0.0412
200204,iEQSCON,0.0542
200205,iEQSCON,0.0035
200206,iEQSCON,0.0014
200207,iEQSCON,-0.1105
200208,iEQSCON,-0.0006
200209,iEQSCON,-0.0242
200210,iEQSCON,0.0247
200211,iEQSCON,0.0942
200212,iEQSCON,-0.0644
200301,iEQSCON,-0.0062
200302,iEQSCON,-0.0109
200303,iEQSCON,0.0486
200304,iEQSCON,0.0496
200305,iEQSCON,0.0247
200306,iEQSCON,0.0486
200307,iEQSCON,0.0496
200308,iEQSCON,0.0617
200309,iEQSCON,-0.0225
200310,iEQSCON,0.0767
200311,iEQSCON,0.0104
200312,iEQSCON,-0.0241
200401,iEQSCON,0.0265
200402,iEQSCON,0.0668
200403,iEQSCON,0.0199
200404,iEQSCON,-0.0265
200405,iEQSCON,0.0174
200406,iEQSCON,0.018
200407,iEQSCON,-0.0285
200408,iEQSCON,-0.0228
200409,iEQSCON,0.0226
200410,iEQSCON,0.0491
200411,iEQSCON,0.0125
200412,iEQSCON,0.0219
200501,iEQSCON,0.0045
200502,iEQSCON,0.0181
200503,iEQSCON,0.0246
200504,iEQSCON,-0.0368
200505,iEQSCON,0.0428
200506,iEQSCON,0.0694
200507,iEQSCON,0.0315
200508,iEQSCON,-0.0405
200509,iEQSCON,-0.032
200510,iEQSCON,-0.0046
200511,iEQSCON,0.0744
200512,iEQSCON,0.0147
200601,iEQSCON,0.0135
200602,iEQSCON,0.0087
200603,iEQSCON,0.0419
200604,iEQSCON,0.0237
200605,iEQSCON,-0.0569
200606,iEQSCON,-0.0008
200607,iEQSCON,-0.0352
200608,iEQSCON,0.0367
200609,iEQSCON,0.0842
200610,iEQSCON,0.076
200611,iEQSCON,0.0218
200612,iEQSCON,-0.0502
200701,iEQSCON,0.0128
200702,iEQSCON,0.0189
200703,iEQSCON,0.0191
200704,iEQSCON,-0.0039
200705,iEQSCON,0.0195
200706,iEQSCON,-0.0054
200707,iEQSCON,-0.0254
200708,iEQSCON,0.0014
200709,iEQSCON,0.0022
200710,iEQSCON,-0.01
200711,iEQSCON,-0.0398
200712,iEQSCON,0.0026
200801,iEQSCON,0.0248
200802,iEQSCON,0.002
200803,iEQSCON,-0.0128
200804,iEQSCON,0.0212
200805,iEQSCON,0.0214
200806,iEQSCON,-0.0077
200807,iEQSCON,-0.0244
200808,iEQSCON,0.015
200809,iEQSCON,-0.014
200810,iEQSCON,-0.0293
200811,iEQSCON,-0.0361
200812,iEQSCON,-0.0116
200901,iEQSCON,0.0171
200902,iEQSCON,0.0014
200903,iEQSCON,0.0202
200904,iEQSCON,0.0594
200905,iEQSCON,0.0514
200906,iEQSCON,0.0099
200907,iEQSCON,0.0011
200908,iEQSCON,0.0285
200909,iEQSCON,0.0067
200910,iEQSCON,0.0013
200911,iEQSCON,-0.0066
200912,iEQSCON,0.0326
201001,iEQSCON,-0.0073
201002,iEQSCON,0.0198
201003,iEQSCON,0.0564
201004,iEQSCON,0.035
201005,iEQSCON,-0.0267
201006,iEQSCON,-0.0282
201007,iEQSCON,0.0222
201008,iEQSCON,-0.0284
201009,iEQSCON,0.0204
201010,iEQSCON,-0.0018
201011,iEQSCON,0.0248
201012,iEQSCON,-0.0055
201101,iEQSCON,-0.0178
201102,iEQSCON,0.0232
201103,iEQSCON,0.0239
201104,iEQSCON,0.0268
201105,iEQSCON,0.0071
201106,iEQSCON,-0.0088
201107,iEQSCON,0.0163
201108,iEQSCON,-0.0191
201109,iEQSCON,-0.0222
201110,iEQSCON,0.0248
201111,iEQSCON,-0.0146
201112,iEQSCON,0.0085
201201,iEQSCON,0.0119
201202,iEQSCON,0.0156
201203,iEQSCON,0.0096
201204,iEQSCON,0.0069
201205,iEQSCON,-0.0335
201206,iEQSCON,-0.0039
201207,iEQSCON,0.0025
201208,iEQSCON,0.0198
201209,iEQSCON,0.0088
201210,iEQSCON,0.0096
201211,iEQSCON,0.0076
201212,iEQSCON,-0.0033
201301,iEQSCON,0.014
201302,iEQSCON,-0.003
201303,iEQSCON,0.0145
201304,iEQSCON,0.0296
201305,iEQSCON,0.0127
201306,iEQSCON,0.0014
201307,iEQSCON,0.0073
201308,iEQSCON,-0.0055
201309,iEQSCON,0.0031
201310,iEQSCON,0.0104
201311,iEQSCON,0.0176
201312,iEQSCON,0.0154
201401,iEQSCON,-0.0278
201402,iEQSCON,0.024
201403,iEQSCON,0.0028
201404,iEQSCON,0.0027
201405,iEQSCON,0.0181
201406,iEQSCON,0.0043
201407,iEQSCON,-0.0086
201408,iEQSCON,0.0061
201409,iEQSCON,-0.0159
201410,iEQSCON,-0.0023
201411,iEQSCON,0.0193
201412,iEQSCON,0.0138
201501,iEQSCON,-0.0128
201502,iEQSCON,0.0287
201503,iEQSCON,0.0272
201504,iEQSCON,0.0124
201505,iEQSCON,0.007
201506,iEQSCON,-0.0142
201507,iEQSCON,-0.0093
201508,iEQSCON,-0.0045
201509,iEQSCON,-0.021
201510,iEQSCON,-0.0036
201511,iEQSCON,-0.0228
201512,iEQSCON,0.0179
201601,iEQSCON,-0.0192
201602,iEQSCON,0.002
201603,iEQSCON,0.0347
201604,iEQSCON,-0.0012
201605,iEQSCON,-0.0025
201606,iEQSCON,-0.0149
201607,iEQSCON,0.0246
201608,iEQSCON,-0.0159
201609,iEQSCON,0.011
201610,iEQSCON,-0.0108
201611,iEQSCON,-0.0083
201612,iEQSCON,0.0008
201701,iEQSCON,0.0117
201702,iEQSCON,0.0138
201703,iEQSCON,0.0203
201704,iEQSCON,0.0102
201705,iEQSCON,0.0107
201706,iEQSCON,-0.0072
201707,iEQSCON,0.0057
201708,iEQSCON,0.0084
201709,iEQSCON,0.0067
201710,iEQSCON,0.0075
201711,iEQSCON,0.0155
201712,iEQSCON,0.0122
201801,iEQSCON,0.0219
201802,iEQSCON,-0.0054
201803,iEQSCON,0.0019
201804,iEQSCON,0.0126
201805,iEQSCON,0.0146
201806,iEQSCON,0.0042
201807,iEQSCON,0.0011
201808,iEQSCON,-0.002
201809,iEQSCON,0.0003
201810,iEQSCON,-0.0302
201811,iEQSCON,-0.0091
201812,iEQSCON,-0.0474
201901,iEQSCON,0.0343
201902,iEQSCON,0.0124
201903,iEQSCON,0.0069
201904,iEQSCON,0.016
201905,iEQSCON,-0.0212
201906,iEQSCON,-0.0073
201907,iEQSCON,0.0031
201908,iEQSCON,-0.0313
201909,iEQSCON,0.0287
201910,iEQSCON,-0.021
201911,iEQSCON,0.005
201912,iEQSCON,0.0035
202001,iEQSCON,0.0257
202002,iEQSCON,-0.0175
202003,iEQSCON,0.0135
202004,iEQSCON,0.0052
202005,iEQSCON,0.0244
202006,iEQSCON,-0.0004
202007,iEQSCON,0.0282
202008,iEQSCON,0.0109
202009,iEQSCON,-0.006
202010,iEQSCON,-0.0039
202011,iEQSCON,0.0453
202012,iEQSCON,0.0079
202101,iEQSCON,-0.0517
202102,iEQSCON,0.026
202103,iEQSCON,-0.0072
202104,iEQSCON,0.0159
202105,iEQSCON,0.0181
202106,iEQSCON,0.0126
202107,iEQSCON,-0.0317
202108,iEQSCON,0.023
202109,iEQSCON,-0.008
202110,iEQSCON,0.0086
202111,iEQSCON,-0.0206
202112,iEQSCON,-0.024
202201,iEQSCON,-0.0663
202202,iEQSCON,-0.0029
202203,iEQSCON,-0.0121
202204,iEQSCON,-0.0378
202205,iEQSCON,-0.0191
202206,iEQSCON,-0.0165
202207,iEQSCON,0.0099
202208,iEQSCON,-0.0079
202209,iEQSCON,-0.0035
202210,iEQSCON,0.0062
202211,iEQSCON,0.0261
202212,iEQSCON,-0.0314
202301,iEQSCON,0.012
202302,iEQSCON,0.01
202303,iEQSCON,0.0106
202304,iEQSCON,-0.0013
202305,iEQSCON,0.0108
202306,iEQSCON,0.006
202307,iEQSCON,0.0024
202308,iEQSCON,-0.0047
202309,iEQSCON,0.0023
202310,iEQSCON,-0.00615
202311,iEQSCON,-0.0012
202312,iEQSCON,0.0027
202401,iEQSCON,0.012
202402,iEQSCON,0.0178
202403,iEQSCON,0.0057
202404,iEQSCON,-0.0076
202405,iEQSCON,0.0129
202406,iEQSCON,0.015
202407,iEQSCON,0.0069
202408,iEQSCON,0.0037
202409,iEQSCON,-0.0156
202410,iEQSCON,0.0192
202411,iEQSCON,0.0392
202412,iEQSCON,-0.0055
202501,iEQSCON,0.0284
202502,iEQSCON,-0.0235
202503,iEQSCON,-0.0212
202504,iEQSCON,0.015
202505,iEQSCON,0.051
202506,iEQSCON,0.0292
202507,iEQSCON,-0.0006
202508,iEQSCON,0.025
202509,iEQSCON,-0.0026
202510,iEQSCON,-0.0072
202511,iEQSCON,-0.021
202512,iEQSCON,-0.0092
202601,iEQSCON,-0.0277
202602,iEQSCON,-0.0121
202603,iEQSCON,-0.0298
202604,iEQSCON,0.0538
199801,iEQSEUI,-0.0279
199802,iEQSEUI,0.0469
199803,iEQSEUI,0.0181
199804,iEQSEUI,0.0418
199805,iEQSEUI,-0.0445
199806,iEQSEUI,-0.0364
199807,iEQSEUI,-0.069
199808,iEQSEUI,-0.1116
199809,iEQSEUI,0.1381
199810,iEQSEUI,0.0277
199811,iEQSEUI,-0.0998
199812,iEQSEUI,-0.0315
199901,iEQSEUI,-0.0195
199902,iEQSEUI,-0.0246
199903,iEQSEUI,0.133
199904,iEQSEUI,0.2027
199905,iEQSEUI,-0.0102
199906,iEQSEUI,0.0642
199907,iEQSEUI,0.0576
199908,iEQSEUI,0.0249
199909,iEQSEUI,-0.0107
199910,iEQSEUI,-0.0376
199911,iEQSEUI,-0.0272
199912,iEQSEUI,0.0322
200001,iEQSEUI,-0.052
200002,iEQSEUI,0.0162
200003,iEQSEUI,0.0908
200004,iEQSEUI,0.017
200005,iEQSEUI,0.1112
200006,iEQSEUI,0.016
200007,iEQSEUI,-0.023
200008,iEQSEUI,0.0472
200009,iEQSEUI,0.0405
200010,iEQSEUI,0.0014
200011,iEQSEUI,0.0028
200012,iEQSEUI,0.0676
200101,iEQSEUI,0.0178
200102,iEQSEUI,0.0311
200103,iEQSEUI,-0.0064
200104,iEQSEUI,0.0877
200105,iEQSEUI,0.045
200106,iEQSEUI,-0.0639
200107,iEQSEUI,-0.0439
200108,iEQSEUI,-0.0066
200109,iEQSEUI,-0.04
200110,iEQSEUI,0.0632
200111,iEQSEUI,0.0128
200112,iEQSEUI,0.0423
200201,iEQSEUI,0.01
200202,iEQSEUI,0.0294
200203,iEQSEUI,0.0401
200204,iEQSEUI,-0.0102
200205,iEQSEUI,0.0242
200206,iEQSEUI,0.0152
200207,iEQSEUI,0.0107
200208,iEQSEUI,0.0212
200209,iEQSEUI,-0.0053
200210,iEQSEUI,0.0248
200211,iEQSEUI,0.0499
200212,iEQSEUI,0.018
200301,iEQSEUI,0.0143
200302,iEQSEUI,0.0091
200303,iEQSEUI,0.0013
200304,iEQSEUI,0.015
200305,iEQSEUI,0.0506
200306,iEQSEUI,0.0386
200307,iEQSEUI,-0.0076
200308,iEQSEUI,0.0056
200309,iEQSEUI,0.013
200310,iEQSEUI,0.0136
200311,iEQSEUI,0.0203
200312,iEQSEUI,0.0258
200401,iEQSEUI,0.0048
200402,iEQSEUI,0.007
200403,iEQSEUI,0.0166
200404,iEQSEUI,0.0202
200405,iEQSEUI,0.0236
200406,iEQSEUI,0.0192
200407,iEQSEUI,0.0196
200408,iEQSEUI,0.0031
200409,iEQSEUI,0.0397
200410,iEQSEUI,0.0434
200411,iEQSEUI,0.0384
200412,iEQSEUI,0.0052
200501,iEQSEUI,0.0123
200502,iEQSEUI,0.0435
200503,iEQSEUI,0.0014
200504,iEQSEUI,-0.0296
200505,iEQSEUI,0.009
200506,iEQSEUI,0.0435
200507,iEQSEUI,0.0447
200508,iEQSEUI,0.0467
200509,iEQSEUI,0.041
200510,iEQSEUI,-0.0314
200511,iEQSEUI,0.0125
200512,iEQSEUI,0.05
200601,iEQSEUI,0.0409
200602,iEQSEUI,0.0018
200603,iEQSEUI,0.0212
200604,iEQSEUI,0.0348
200605,iEQSEUI,0.0041
200606,iEQSEUI,0.003
200607,iEQSEUI,0.0123
200608,iEQSEUI,0.0043
200609,iEQSEUI,-0.0095
200610,iEQSEUI,0.0345
200611,iEQSEUI,0.0504
200612,iEQSEUI,0.008
200701,iEQSEUI,0.0155
200702,iEQSEUI,0.0262
200703,iEQSEUI,0.023
200704,iEQSEUI,0.0377
200705,iEQSEUI,0.0362
200706,iEQSEUI,0.0134
200707,iEQSEUI,0.0003
200708,iEQSEUI,-0.0234
200709,iEQSEUI,0.0363
200710,iEQSEUI,0.0412
200711,iEQSEUI,-0.0225
200712,iEQSEUI,0.0311
200801,iEQSEUI,-0.0345
200802,iEQSEUI,0.0186
200803,iEQSEUI,-0.0277
200804,iEQSEUI,0.0428
200805,iEQSEUI,0.0417
200806,iEQSEUI,0.0025
200807,iEQSEUI,-0.0323
200808,iEQSEUI,-0.0034
200809,iEQSEUI,-0.0892
200810,iEQSEUI,-0.1035
200811,iEQSEUI,-0.0416
200812,iEQSEUI,-0.008
200901,iEQSEUI,0.0317
200902,iEQSEUI,-0.0096
200903,iEQSEUI,0.0278
200904,iEQSEUI,0.0736
200905,iEQSEUI,0.0794
200906,iEQSEUI,-0.0014
200907,iEQSEUI,0.0334
200908,iEQSEUI,0.0189
200909,iEQSEUI,0.0339
200910,iEQSEUI,0.0119
200911,iEQSEUI,0.0186
200912,iEQSEUI,0.0174
201001,iEQSEUI,-0.001
201002,iEQSEUI,0.0126
201003,iEQSEUI,0.0236
201004,iEQSEUI,0.0212
201005,iEQSEUI,-0.0361
201006,iEQSEUI,-0.0004
201007,iEQSEUI,0.034
201008,iEQSEUI,-0.0158
201009,iEQSEUI,0.0328
201010,iEQSEUI,0.0268
201011,iEQSEUI,0.0142
201012,iEQSEUI,0.0305
201101,iEQSEUI,0.0136
201102,iEQSEUI,0.0168
201103,iEQSEUI,0.0078
201104,iEQSEUI,0.0147
201105,iEQSEUI,-0.015
201106,iEQSEUI,-0.0058
201107,iEQSEUI,0.0119
201108,iEQSEUI,-0.0325
201109,iEQSEUI,-0.0322
201110,iEQSEUI,0.046
201111,iEQSEUI,-0.0005
201112,iEQSEUI,-0.0013
201201,iEQSEUI,0.0213
201202,iEQSEUI,0.022
201203,iEQSEUI,-0.0106
201204,iEQSEUI,-0.0004
201205,iEQSEUI,-0.047
201206,iEQSEUI,0.0103
201207,iEQSEUI,0.0196
201208,iEQSEUI,0.0105
201209,iEQSEUI,0.0172
201210,iEQSEUI,-0.0028
201211,iEQSEUI,0.0076
201212,iEQSEUI,0.0119
201301,iEQSEUI,0.0397
201302,iEQSEUI,0.0034
201303,iEQSEUI,0.0212
201304,iEQSEUI,0.0031
201305,iEQSEUI,0.0079
201306,iEQSEUI,0.0005
201307,iEQSEUI,0.0191
201308,iEQSEUI,-0.0007
201309,iEQSEUI,0.0265
201310,iEQSEUI,0.0244
201311,iEQSEUI,0.0055
201312,iEQSEUI,0.0148
201401,iEQSEUI,0.0015
201402,iEQSEUI,0.03
201403,iEQSEUI,0.0084
201404,iEQSEUI,0.0071
201405,iEQSEUI,0.016
201406,iEQSEUI,0.0264
201407,iEQSEUI,-0.0154
201408,iEQSEUI,0.0264
201409,iEQSEUI,-0.0046
201410,iEQSEUI,-0.0159
201411,iEQSEUI,-0.0016
201412,iEQSEUI,0.0037
201501,iEQSEUI,0.0088
201502,iEQSEUI,0.0157
201503,iEQSEUI,0.0138
201504,iEQSEUI,0.0133
201505,iEQSEUI,-0.0017
201506,iEQSEUI,-0.0085
201507,iEQSEUI,-0.0204
201508,iEQSEUI,-0.021
201509,iEQSEUI,-0.0364
201510,iEQSEUI,0.0288
201511,iEQSEUI,-0.0069
201512,iEQSEUI,-0.0116
201601,iEQSEUI,-0.0264
201602,iEQSEUI,-0.0031
201603,iEQSEUI,0.0255
201604,iEQSEUI,0.036
201605,iEQSEUI,0.0162
201606,iEQSEUI,0.0148
201607,iEQSEUI,0.011
201608,iEQSEUI,0.02
201609,iEQSEUI,0.0107
201610,iEQSEUI,-0.0113
201611,iEQSEUI,0.0082
201612,iEQSEUI,0.0062
201701,iEQSEUI,0.0183
201702,iEQSEUI,-0.0031
201703,iEQSEUI,0.0092
201704,iEQSEUI,-0.0122
201705,iEQSEUI,-0.008
201706,iEQSEUI,-0.0089
201707,iEQSEUI,0.0049
201708,iEQSEUI,-0.0066
201709,iEQSEUI,0.0103
201710,iEQSEUI,-0.0001
201711,iEQSEUI,-0.0007
201712,iEQSEUI,0.0191
201801,iEQSEUI,0.0098
201802,iEQSEUI,-0.0152
201803,iEQSEUI,-0.0009
201804,iEQSEUI,0.0239
201805,iEQSEUI,0.0176
201806,iEQSEUI,-0.007
201807,iEQSEUI,0.0081
201808,iEQSEUI,-0.0059
201809,iEQSEUI,0.0013
201810,iEQSEUI,-0.0331
201811,iEQSEUI,-0.0251
201812,iEQSEUI,-0.0262
201901,iEQSEUI,0.0343
201902,iEQSEUI,0.005
201903,iEQSEUI,0.0036
201904,iEQSEUI,0.0127
201905,iEQSEUI,-0.0221
201906,iEQSEUI,0.0225
201907,iEQSEUI,-0.0002
201908,iEQSEUI,-0.0111
201909,iEQSEUI,0.0065
201910,iEQSEUI,-0.0046
201911,iEQSEUI,0.0057
201912,iEQSEUI,0.0291
202001,iEQSEUI,-0.0076
202002,iEQSEUI,-0.0151
202003,iEQSEUI,-0.0941
202004,iEQSEUI,0.0699
202005,iEQSEUI,0.0354
202006,iEQSEUI,0.0088
202007,iEQSEUI,0.0341
202008,iEQSEUI,0.0148
202009,iEQSEUI,-0.0097
202010,iEQSEUI,0.0089
202011,iEQSEUI,0.0741
202012,iEQSEUI,0.0341
202101,iEQSEUI,0.0083
202102,iEQSEUI,0.028
202103,iEQSEUI,0.0143
202104,iEQSEUI,0.0214
202105,iEQSEUI,0.0106
202106,iEQSEUI,0.0129
202107,iEQSEUI,-0.0119
202108,iEQSEUI,0.0138
202109,iEQSEUI,0.0112
202110,iEQSEUI,0.0338
202111,iEQSEUI,-0.0115
202112,iEQSEUI,0.0071
202201,iEQSEUI,-0.0194
202202,iEQSEUI,0.0124
202203,iEQSEUI,0.0203
202204,iEQSEUI,-0.0125
202205,iEQSEUI,0.015
202206,iEQSEUI,-0.0403
202207,iEQSEUI,0.03
202208,iEQSEUI,0.0172
202209,iEQSEUI,-0.0203
202210,iEQSEUI,0.0259
202211,iEQSEUI,0.0085
202212,iEQSEUI,-0.0039
202301,iEQSEUI,0.0178
202302,iEQSEUI,-0.007
202303,iEQSEUI,-0.0041
202304,iEQSEUI,0.0017
202305,iEQSEUI,0.0037
202306,iEQSEUI,0.0132
202307,iEQSEUI,0.0159
202308,iEQSEUI,-0.0002
202309,iEQSEUI,-0.0125
202310,iEQSEUI,-0.0112
202311,iEQSEUI,0.0187
202312,iEQSEUI,0.0216
202401,iEQSEUI,-0.0095
202402,iEQSEUI,0.0122
202403,iEQSEUI,0.039
202404,iEQSEUI,0.0111
202405,iEQSEUI,0.0344
202406,iEQSEUI,-0.0182
202407,iEQSEUI,0.008
202408,iEQSEUI,0.0017
202409,iEQSEUI,0.0205
202410,iEQSEUI,-0.0012
202411,iEQSEUI,0.0242
202412,iEQSEUI,-0.0157
202501,iEQSEUI,0.0094
202502,iEQSEUI,-0.0174
202503,iEQSEUI,-0.0019
202504,iEQSEUI,0.0004
202505,iEQSEUI,0.0357
202506,iEQSEUI,0.0201
202507,iEQSEUI,0.0039
202508,iEQSEUI,0.0216
202509,iEQSEUI,0.0278
202510,iEQSEUI,0.0018
202511,iEQSEUI,0.016
202512,iEQSEUI,0.0327
202601,iEQSEUI,0.0506
202602,iEQSEUI,0.0377
202603,iEQSEUI,-0.0326
202604,iEQSEUI,0.0373
199801,iEQSFIN,-0.0604
199802,iEQSFIN,0.1007
199803,iEQSFIN,0.0697
199804,iEQSFIN,0.0319
199805,iEQSFIN,-0.0469
199806,iEQSFIN,-0.034
199807,iEQSFIN,-0.0561
199808,iEQSFIN,-0.2681
199809,iEQSFIN,-0.0263
199810,iEQSFIN,-0.1056
199811,iEQSFIN,0.0212
199812,iEQSFIN,-0.0294
199901,iEQSFIN,-0.0008
199902,iEQSFIN,-0.0354
199903,iEQSFIN,-0.0177
199904,iEQSFIN,0.0789
199905,iEQSFIN,0.0178
199906,iEQSFIN,0.024
199907,iEQSFIN,0.0133
199908,iEQSFIN,-0.0555
199909,iEQSFIN,-0.0304
199910,iEQSFIN,0.0281
199911,iEQSFIN,-0.0068
199912,iEQSFIN,-0.0564
200001,iEQSFIN,-0.0309
200002,iEQSFIN,-0.0472
200003,iEQSFIN,0.0871
200004,iEQSFIN,0.0052
200005,iEQSFIN,0.0529
200006,iEQSFIN,0.0146
200007,iEQSFIN,0.0722
200008,iEQSFIN,0.0662
200009,iEQSFIN,0.0575
200010,iEQSFIN,0.0234
200011,iEQSFIN,-0.0021
200012,iEQSFIN,0.0917
200101,iEQSFIN,0.0577
200102,iEQSFIN,0.0319
200103,iEQSFIN,0.0183
200104,iEQSFIN,0.0236
200105,iEQSFIN,0.0535
200106,iEQSFIN,0.034
200107,iEQSFIN,0.0264
200108,iEQSFIN,0.0046
200109,iEQSFIN,-0.0485
200110,iEQSFIN,0.0187
200111,iEQSFIN,0.0221
200112,iEQSFIN,0.0228
200201,iEQSFIN,0.0235
200202,iEQSFIN,0.0178
200203,iEQSFIN,0.0388
200204,iEQSFIN,0.0268
200205,iEQSFIN,0.0046
200206,iEQSFIN,-0.0109
200207,iEQSFIN,-0.0192
200208,iEQSFIN,0.0092
200209,iEQSFIN,-0.0252
200210,iEQSFIN,0.0391
200211,iEQSFIN,0.028
200212,iEQSFIN,0.0137
200301,iEQSFIN,0.0099
200302,iEQSFIN,-0.0054
200303,iEQSFIN,0.0153
200304,iEQSFIN,0.0629
200305,iEQSFIN,0.0317
200306,iEQSFIN,0.0087
200307,iEQSFIN,0.0304
200308,iEQSFIN,0.0081
200309,iEQSFIN,0.015
200310,iEQSFIN,0.0415
200311,iEQSFIN,0.0116
200312,iEQSFIN,0.029
200401,iEQSFIN,0.0265
200402,iEQSFIN,0.0139
200403,iEQSFIN,0.0042
200404,iEQSFIN,-0.0129
200405,iEQSFIN,0.0059
200406,iEQSFIN,0.0125
200407,iEQSFIN,-0.0061
200408,iEQSFIN,0.0035
200409,iEQSFIN,0.0168
200410,iEQSFIN,0.0142
200411,iEQSFIN,0.0236
200412,iEQSFIN,0.0253
200501,iEQSFIN,0.0006
200502,iEQSFIN,0.0124
200503,iEQSFIN,-0.0054
200504,iEQSFIN,-0.0039
200505,iEQSFIN,0.0123
200506,iEQSFIN,0.013
200507,iEQSFIN,0.0201
200508,iEQSFIN,0.0042
200509,iEQSFIN,0.0018
200510,iEQSFIN,0.0
200511,iEQSFIN,0.0235
200512,iEQSFIN,0.008
200601,iEQSFIN,0.0145
200602,iEQSFIN,0.0135
200603,iEQSFIN,0.0094
200604,iEQSFIN,0.0113
200605,iEQSFIN,-0.0026
200606,iEQSFIN,0.0089
200607,iEQSFIN,0.0081
200608,iEQSFIN,0.0149
200609,iEQSFIN,0.0101
200610,iEQSFIN,0.0106
200611,iEQSFIN,0.0124
200612,iEQSFIN,0.012
200701,iEQSFIN,0.0044
200702,iEQSFIN,0.011
200703,iEQSFIN,0.0078
200704,iEQSFIN,0.0167
200705,iEQSFIN,0.0043
200706,iEQSFIN,-0.0032
200707,iEQSFIN,-0.0173
200708,iEQSFIN,0.0278
200709,iEQSFIN,0.0109
200710,iEQSFIN,0.006
200711,iEQSFIN,-0.007
200712,iEQSFIN,0.0053
200801,iEQSFIN,-0.0022
200802,iEQSFIN,0.0129
200803,iEQSFIN,-0.0387
200804,iEQSFIN,0.0075
200805,iEQSFIN,0.0032
200806,iEQSFIN,-0.0624
200807,iEQSFIN,0.0242
200808,iEQSFIN,0.0266
200809,iEQSFIN,-0.04
200810,iEQSFIN,-0.0172
200811,iEQSFIN,-0.0238
200812,iEQSFIN,0.0109
200901,iEQSFIN,0.0025
200902,iEQSFIN,0.0045
200903,iEQSFIN,0.0208
200904,iEQSFIN,0.0467
200905,iEQSFIN,0.0722
200906,iEQSFIN,0.0254
200907,iEQSFIN,0.046
200908,iEQSFIN,0.0501
200909,iEQSFIN,0.0192
200910,iEQSFIN,-0.028
200911,iEQSFIN,0.0126
200912,iEQSFIN,0.0117
201001,iEQSFIN,-0.0001
201002,iEQSFIN,0.018
201003,iEQSFIN,0.032
201004,iEQSFIN,0.0165
201005,iEQSFIN,-0.0338
201006,iEQSFIN,-0.0427
201007,iEQSFIN,0.0289
201008,iEQSFIN,-0.0299
201009,iEQSFIN,0.0382
201010,iEQSFIN,0.0184
201011,iEQSFIN,0.0016
201012,iEQSFIN,0.0502
201101,iEQSFIN,0.022
201102,iEQSFIN,0.0213
201103,iEQSFIN,0.0007
201104,iEQSFIN,0.0094
201105,iEQSFIN,-0.0096
201106,iEQSFIN,-0.0066
201107,iEQSFIN,-0.0158
201108,iEQSFIN,-0.055
201109,iEQSFIN,-0.0554
201110,iEQSFIN,0.0571
201111,iEQSFIN,-0.0106
201112,iEQSFIN,-0.0009
201201,iEQSFIN,0.043
201202,iEQSFIN,0.0293
201203,iEQSFIN,0.0256
201204,iEQSFIN,-0.01
201205,iEQSFIN,-0.0271
201206,iEQSFIN,0.0251
201207,iEQSFIN,0.0004
201208,iEQSFIN,0.0254
201209,iEQSFIN,0.0224
201210,iEQSFIN,0.0239
201211,iEQSFIN,-0.0052
201212,iEQSFIN,0.0243
201301,iEQSFIN,0.0469
201302,iEQSFIN,0.0083
201303,iEQSFIN,0.0172
201304,iEQSFIN,0.0125
201305,iEQSFIN,0.0247
201306,iEQSFIN,-0.0018
201307,iEQSFIN,0.0253
201308,iEQSFIN,-0.0156
201309,iEQSFIN,0.0217
201310,iEQSFIN,0.0157
201311,iEQSFIN,0.0288
201312,iEQSFIN,0.0191
201401,iEQSFIN,-0.0052
201402,iEQSFIN,0.0181
201403,iEQSFIN,0.0068
201404,iEQSFIN,-0.0174
201405,iEQSFIN,0.0083
201406,iEQSFIN,0.0146
201407,iEQSFIN,-0.0174
201408,iEQSFIN,0.011
201409,iEQSFIN,-0.0092
201410,iEQSFIN,0.014
201411,iEQSFIN,0.0021
201412,iEQSFIN,0.0126
201501,iEQSFIN,-0.0198
201502,iEQSFIN,0.0363
201503,iEQSFIN,0.0118
201504,iEQSFIN,0.0057
201505,iEQSFIN,0.0109
201506,iEQSFIN,0.0037
201507,iEQSFIN,0.011
201508,iEQSFIN,-0.0058
201509,iEQSFIN,-0.0156
201510,iEQSFIN,0.0216
201511,iEQSFIN,0.0205
201512,iEQSFIN,-0.0094
201601,iEQSFIN,-0.06
201602,iEQSFIN,-0.0257
201603,iEQSFIN,0.0263
201604,iEQSFIN,0.0301
201605,iEQSFIN,0.0154
201606,iEQSFIN,-0.0398
201607,iEQSFIN,0.0387
201608,iEQSFIN,0.0279
201609,iEQSFIN,0.0022
201610,iEQSFIN,0.0149
201611,iEQSFIN,0.0674
201612,iEQSFIN,0.0464
201701,iEQSFIN,0.0124
201702,iEQSFIN,0.0179
201703,iEQSFIN,0.0083
201704,iEQSFIN,0.0111
201705,iEQSFIN,-0.0057
201706,iEQSFIN,0.0236
201707,iEQSFIN,0.0125
201708,iEQSFIN,-0.0055
201709,iEQSFIN,0.0288
201710,iEQSFIN,0.0072
201711,iEQSFIN,0.0153
201712,iEQSFIN,0.0079
201801,iEQSFIN,0.0317
201802,iEQSFIN,-0.0086
201803,iEQSFIN,0.0006
201804,iEQSFIN,0.0069
201805,iEQSFIN,0.0051
201806,iEQSFIN,-0.0061
201807,iEQSFIN,0.0057
201808,iEQSFIN,-0.0009
201809,iEQSFIN,-0.0127
201810,iEQSFIN,-0.0624
201811,iEQSFIN,-0.004
201812,iEQSFIN,-0.0814
201901,iEQSFIN,0.0595
201902,iEQSFIN,0.0317
201903,iEQSFIN,-0.0248
201904,iEQSFIN,0.0367
201905,iEQSFIN,-0.0209
201906,iEQSFIN,0.0246
201907,iEQSFIN,0.0136
201908,iEQSFIN,-0.0294
201909,iEQSFIN,0.0133
201910,iEQSFIN,0.0051
201911,iEQSFIN,0.0258
201912,iEQSFIN,0.0221
202001,iEQSFIN,-0.0143
202002,iEQSFIN,-0.0366
202003,iEQSFIN,-0.1723
202004,iEQSFIN,0.0391
202005,iEQSFIN,0.0156
202006,iEQSFIN,0.027
202007,iEQSFIN,-0.0041
202008,iEQSFIN,0.0324
202009,iEQSFIN,-0.0071
202010,iEQSFIN,0.033
202011,iEQSFIN,0.0995
202012,iEQSFIN,0.0579
202101,iEQSFIN,-0.0007
202102,iEQSFIN,0.0764
202103,iEQSFIN,0.0362
202104,iEQSFIN,0.034
202105,iEQSFIN,0.013
202106,iEQSFIN,-0.0169
202107,iEQSFIN,-0.0008
202108,iEQSFIN,0.0204
202109,iEQSFIN,0.0047
202110,iEQSFIN,0.0175
202111,iEQSFIN,-0.017
202112,iEQSFIN,0.0168
202201,iEQSFIN,0.0053
202202,iEQSFIN,0.0074
202203,iEQSFIN,-0.0187
202204,iEQSFIN,-0.0229
202205,iEQSFIN,0.0082
202206,iEQSFIN,-0.0361
202207,iEQSFIN,0.0173
202208,iEQSFIN,0.0011
202209,iEQSFIN,-0.0188
202210,iEQSFIN,0.0444
202211,iEQSFIN,0.0133
202212,iEQSFIN,-0.0095
202301,iEQSFIN,0.0257
202302,iEQSFIN,0.0013
202303,iEQSFIN,-0.0715
202304,iEQSFIN,-0.0024
202305,iEQSFIN,-0.0296
202306,iEQSFIN,0.0254
202307,iEQSFIN,0.0564
202308,iEQSFIN,-0.0122
202309,iEQSFIN,-0.0117
202310,iEQSFIN,-0.0097
202311,iEQSFIN,0.0454
202312,iEQSFIN,0.0573
202401,iEQSFIN,0.0004
202402,iEQSFIN,-0.0061
202403,iEQSFIN,0.0228
202404,iEQSFIN,-0.0155
202405,iEQSFIN,0.022
202406,iEQSFIN,0.0027
202407,iEQSFIN,0.066
202408,iEQSFIN,0.0062
202409,iEQSFIN,0.0051
202410,iEQSFIN,0.0111
202411,iEQSFIN,0.0615
202412,iEQSFIN,-0.0262
202501,iEQSFIN,0.0237
202502,iEQSFIN,-0.001
202503,iEQSFIN,-0.0261
202504,iEQSFIN,-0.0089
202505,iEQSFIN,0.0193
202506,iEQSFIN,0.0257
202507,iEQSFIN,0.0132
202508,iEQSFIN,0.0366
202509,iEQSFIN,-0.0039
202510,iEQSFIN,-0.0043
202511,iEQSFIN,0.025
202512,iEQSFIN,0.0275
202601,iEQSFIN,0.0195
202602,iEQSFIN,-0.0047
202603,iEQSFIN,-0.0183
202604,iEQSFIN,0.0299
199801,iEQSHLT,-0.002
199802,iEQSHLT,0.0516
199803,iEQSHLT,0.0103
199804,iEQSHLT,0.0134
199805,iEQSHLT,-0.014
199806,iEQSHLT,-0.0173
199807,iEQSHLT,-0.0066
199808,iEQSHLT,-0.1007
199809,iEQSHLT,0.1062
199810,iEQSHLT,0.1024
199811,iEQSHLT,0.048
199812,iEQSHLT,0.075
199901,iEQSHLT,0.0098
199902,iEQSHLT,-0.0573
199903,iEQSHLT,0.018
199904,iEQSHLT,0.0239
199905,iEQSHLT,0.0606
199906,iEQSHLT,0.0427
199907,iEQSHLT,0.0366
199908,iEQSHLT,0.0059
199909,iEQSHLT,-0.02
199910,iEQSHLT,0.0228
199911,iEQSHLT,0.0292
199912,iEQSHLT,0.1242
200001,iEQSHLT,0.1255
200002,iEQSHLT,0.1201
200003,iEQSHLT,0.0814
200004,iEQSHLT,0.013
200005,iEQSHLT,0.0298
200006,iEQSHLT,0.1496
200007,iEQSHLT,0.0462
200008,iEQSHLT,0.072
200009,iEQSHLT,0.0348
200010,iEQSHLT,0.0109
200011,iEQSHLT,0.0264
200012,iEQSHLT,0.0563
200101,iEQSHLT,-0.0003
200102,iEQSHLT,-0.0183
200103,iEQSHLT,-0.0257
200104,iEQSHLT,0.0697
200105,iEQSHLT,0.0536
200106,iEQSHLT,0.0374
200107,iEQSHLT,-0.0182
200108,iEQSHLT,-0.0018
200109,iEQSHLT,-0.0314
200110,iEQSHLT,0.0518
200111,iEQSHLT,0.046
200112,iEQSHLT,0.0522
200201,iEQSHLT,-0.016
200202,iEQSHLT,-0.0036
200203,iEQSHLT,0.026
200204,iEQSHLT,-0.031
200205,iEQSHLT,0.0041
200206,iEQSHLT,-0.0667
200207,iEQSHLT,-0.0365
200208,iEQSHLT,0.0
200209,iEQSHLT,-0.0586
200210,iEQSHLT,0.0429
200211,iEQSHLT,0.0348
200212,iEQSHLT,0.0046
200301,iEQSHLT,0.011
200302,iEQSHLT,0.0156
200303,iEQSHLT,0.0244
200304,iEQSHLT,0.0229
200305,iEQSHLT,0.0416
200306,iEQSHLT,0.0119
200307,iEQSHLT,0.0235
200308,iEQSHLT,0.0045
200309,iEQSHLT,0.0122
200310,iEQSHLT,0.0198
200311,iEQSHLT,0.0112
200312,iEQSHLT,0.0205
200401,iEQSHLT,0.0401
200402,iEQSHLT,0.0172
200403,iEQSHLT,-0.0042
200404,iEQSHLT,0.0201
200405,iEQSHLT,-0.0056
200406,iEQSHLT,-0.0074
200407,iEQSHLT,-0.0416
200408,iEQSHLT,0.009
200409,iEQSHLT,0.0277
200410,iEQSHLT,-0.004
200411,iEQSHLT,0.0189
200412,iEQSHLT,0.0214
200501,iEQSHLT,-0.0186
200502,iEQSHLT,-0.0175
200503,iEQSHLT,-0.0244
200504,iEQSHLT,0.0186
200505,iEQSHLT,0.0174
200506,iEQSHLT,0.0384
200507,iEQSHLT,0.0475
200508,iEQSHLT,0.0231
200509,iEQSHLT,0.0098
200510,iEQSHLT,-0.0266
200511,iEQSHLT,0.021
200512,iEQSHLT,0.017
200601,iEQSHLT,0.0474
200602,iEQSHLT,0.0375
200603,iEQSHLT,0.0282
200604,iEQSHLT,-0.0089
200605,iEQSHLT,-0.0177
200606,iEQSHLT,-0.0041
200607,iEQSHLT,0.0129
200608,iEQSHLT,0.0317
200609,iEQSHLT,-0.0001
200610,iEQSHLT,0.0263
200611,iEQSHLT,0.0213
200612,iEQSHLT,0.024
200701,iEQSHLT,0.0287
200702,iEQSHLT,0.013
200703,iEQSHLT,-0.0074
200704,iEQSHLT,0.0348
200705,iEQSHLT,0.0148
200706,iEQSHLT,-0.0147
200707,iEQSHLT,-0.0205
200708,iEQSHLT,0.0223
200709,iEQSHLT,0.0208
200710,iEQSHLT,0.0135
200711,iEQSHLT,-0.0047
200712,iEQSHLT,0.0106
200801,iEQSHLT,-0.0248
200802,iEQSHLT,-0.0198
200803,iEQSHLT,-0.0373
200804,iEQSHLT,0.0178
200805,iEQSHLT,0.0238
200806,iEQSHLT,-0.0145
200807,iEQSHLT,0.0541
200808,iEQSHLT,0.017
200809,iEQSHLT,-0.0443
200810,iEQSHLT,-0.0922
200811,iEQSHLT,-0.0221
200812,iEQSHLT,0.0408
200901,iEQSHLT,0.0156
200902,iEQSHLT,-0.0367
200903,iEQSHLT,0.0373
200904,iEQSHLT,0.0078
200905,iEQSHLT,0.0426
200906,iEQSHLT,0.0336
200907,iEQSHLT,0.03
200908,iEQSHLT,0.014
200909,iEQSHLT,0.0291
200910,iEQSHLT,-0.0302
200911,iEQSHLT,0.0338
200912,iEQSHLT,0.02
201001,iEQSHLT,0.0095
201002,iEQSHLT,0.0024
201003,iEQSHLT,0.0647
201004,iEQSHLT,0.0195
201005,iEQSHLT,-0.037
201006,iEQSHLT,-0.016
201007,iEQSHLT,0.0237
201008,iEQSHLT,-0.0084
201009,iEQSHLT,0.0484
201010,iEQSHLT,0.0057
201011,iEQSHLT,-0.0008
201012,iEQSHLT,0.0505
201101,iEQSHLT,0.0054
201102,iEQSHLT,0.004
201103,iEQSHLT,0.0109
201104,iEQSHLT,0.0413
201105,iEQSHLT,0.0269
201106,iEQSHLT,-0.0077
201107,iEQSHLT,-0.0104
201108,iEQSHLT,-0.0434
201109,iEQSHLT,-0.035
201110,iEQSHLT,0.0454
201111,iEQSHLT,0.0174
201112,iEQSHLT,0.0132
201201,iEQSHLT,0.0466
201202,iEQSHLT,0.0158
201203,iEQSHLT,0.0195
201204,iEQSHLT,0.004
201205,iEQSHLT,-0.0086
201206,iEQSHLT,0.032
201207,iEQSHLT,0.007
201208,iEQSHLT,0.0087
201209,iEQSHLT,0.0297
201210,iEQSHLT,-0.0111
201211,iEQSHLT,0.0036
201212,iEQSHLT,-0.0011
201301,iEQSHLT,0.0397
201302,iEQSHLT,0.0077
201303,iEQSHLT,0.0448
201304,iEQSHLT,0.024
201305,iEQSHLT,0.0268
201306,iEQSHLT,0.0052
201307,iEQSHLT,0.0689
201308,iEQSHLT,0.003
201309,iEQSHLT,0.0409
201310,iEQSHLT,0.0043
201311,iEQSHLT,0.0454
201312,iEQSHLT,0.0296
201401,iEQSHLT,0.0513
201402,iEQSHLT,0.0584
201403,iEQSHLT,-0.0066
201404,iEQSHLT,-0.0353
201405,iEQSHLT,0.0149
201406,iEQSHLT,0.0388
201407,iEQSHLT,-0.0238
201408,iEQSHLT,0.0483
201409,iEQSHLT,-0.0037
201410,iEQSHLT,0.0294
201411,iEQSHLT,0.0183
201412,iEQSHLT,0.043
201501,iEQSHLT,0.0179
201502,iEQSHLT,0.0309
201503,iEQSHLT,0.0203
201504,iEQSHLT,-0.0102
201505,iEQSHLT,0.0456
201506,iEQSHLT,0.0148
201507,iEQSHLT,0.0199
201508,iEQSHLT,-0.0243
201509,iEQSHLT,-0.0575
201510,iEQSHLT,0.005
201511,iEQSHLT,0.0239
201512,iEQSHLT,0.0041
201601,iEQSHLT,-0.0934
201602,iEQSHLT,-0.0306
201603,iEQSHLT,0.017
201604,iEQSHLT,0.0296
201605,iEQSHLT,0.0318
201606,iEQSHLT,-0.0238
201607,iEQSHLT,0.0407
201608,iEQSHLT,0.0107
201609,iEQSHLT,0.0575
201610,iEQSHLT,-0.0559
201611,iEQSHLT,0.0317
201612,iEQSHLT,-0.0045
201701,iEQSHLT,0.0294
201702,iEQSHLT,0.0266
201703,iEQSHLT,0.0081
201704,iEQSHLT,-0.0038
201705,iEQSHLT,-0.0194
201706,iEQSHLT,0.049
201707,iEQSHLT,0.007
201708,iEQSHLT,0.0258
201709,iEQSHLT,0.0409
201710,iEQSHLT,-0.0083
201711,iEQSHLT,0.0176
201712,iEQSHLT,0.0263
201801,iEQSHLT,0.0596
201802,iEQSHLT,0.004
201803,iEQSHLT,-0.0046
201804,iEQSHLT,0.0024
201805,iEQSHLT,0.0418
201806,iEQSHLT,0.0087
201807,iEQSHLT,0.0114
201808,iEQSHLT,0.0288
201809,iEQSHLT,0.0101
201810,iEQSHLT,-0.058
201811,iEQSHLT,-0.005
201812,iEQSHLT,-0.0504
201901,iEQSHLT,0.0609
201902,iEQSHLT,0.0346
201903,iEQSHLT,0.0197
201904,iEQSHLT,-0.0209
201905,iEQSHLT,-0.0041
201906,iEQSHLT,0.0361
201907,iEQSHLT,-0.0131
201908,iEQSHLT,-0.0236
201909,iEQSHLT,-0.0283
201910,iEQSHLT,0.047
201911,iEQSHLT,0.0683
201912,iEQSHLT,0.0518
202001,iEQSHLT,-0.0171
202002,iEQSHLT,0.0043
202003,iEQSHLT,-0.0669
202004,iEQSHLT,0.076
202005,iEQSHLT,0.0494
202006,iEQSHLT,0.027
202007,iEQSHLT,-0.017
202008,iEQSHLT,0.028
202009,iEQSHLT,0.0165
202010,iEQSHLT,0.0247
202011,iEQSHLT,0.0646
202012,iEQSHLT,0.0481
202101,iEQSHLT,0.0019
202102,iEQSHLT,0.0253
202103,iEQSHLT,-0.0274
202104,iEQSHLT,0.007
202105,iEQSHLT,-0.0136
202106,iEQSHLT,0.0157
202107,iEQSHLT,-0.0302
202108,iEQSHLT,0.0204
202109,iEQSHLT,-0.0186
202110,iEQSHLT,0.0013
202111,iEQSHLT,-0.0558
202112,iEQSHLT,0.0171
202201,iEQSHLT,-0.0936
202202,iEQSHLT,-0.0078
202203,iEQSHLT,0.0025
202204,iEQSHLT,-0.0556
202205,iEQSHLT,-0.051
202206,iEQSHLT,0.0484
202207,iEQSHLT,0.0213
202208,iEQSHLT,0.0229
202209,iEQSHLT,-0.0291
202210,iEQSHLT,0.0276
202211,iEQSHLT,0.0181
202212,iEQSHLT,0.0222
202301,iEQSHLT,0.0325
202302,iEQSHLT,-0.0199
202303,iEQSHLT,-0.0186
202304,iEQSHLT,0.0406
202305,iEQSHLT,0.0111
202306,iEQSHLT,0.0124
202307,iEQSHLT,-0.0016
202308,iEQSHLT,-0.0125
202309,iEQSHLT,-0.0192
202310,iEQSHLT,-0.0394
202311,iEQSHLT,0.0512
202312,iEQSHLT,0.0962
202401,iEQSHLT,0.0384
202402,iEQSHLT,0.053
202403,iEQSHLT,0.0171
202404,iEQSHLT,-0.0459
202405,iEQSHLT,-0.0011
202406,iEQSHLT,0.0042
202407,iEQSHLT,0.0434
202408,iEQSHLT,0.0134
202409,iEQSHLT,-0.0089
202410,iEQSHLT,0.0179
202411,iEQSHLT,0.0089
202412,iEQSHLT,-0.0476
202501,iEQSHLT,-0.0004
202502,iEQSHLT,-0.0253
202503,iEQSHLT,-0.0515
202504,iEQSHLT,0.0209
202505,iEQSHLT,-0.0174
202506,iEQSHLT,0.0217
202507,iEQSHLT,0.0638
202508,iEQSHLT,0.0614
202509,iEQSHLT,0.0734
202510,iEQSHLT,0.0985
202511,iEQSHLT,0.0857
202512,iEQSHLT,0.0064
202601,iEQSHLT,-0.0097
202602,iEQSHLT,0.0301
202603,iEQSHLT,-0.0095
202604,iEQSHLT,0.0421
201001,iEQSREI,0.0049
201002,iEQSREI,0.0134
201003,iEQSREI,0.0232
201004,iEQSREI,0.0141
201005,iEQSREI,0.0055
201006,iEQSREI,-0.0111
201007,iEQSREI,0.0631
201008,iEQSREI,0.0102
201009,iEQSREI,0.0617
201010,iEQSREI,0.1047
201011,iEQSREI,0.0644
201012,iEQSREI,0.0461
201101,iEQSREI,0.0195
201102,iEQSREI,0.0222
201103,iEQSREI,0.0044
201104,iEQSREI,0.0215
201105,iEQSREI,0.0183
201106,iEQSREI,-0.0057
201107,iEQSREI,-0.007
201108,iEQSREI,-0.0536
201109,iEQSREI,-0.0153
201110,iEQSREI,0.0064
201111,iEQSREI,0.0202
201112,iEQSREI,0.0325
201201,iEQSREI,0.0038
201202,iEQSREI,0.0077
201203,iEQSREI,0.0167
201204,iEQSREI,0.0117
201205,iEQSREI,-0.0007
201206,iEQSREI,0.0098
201207,iEQSREI,0.0288
201208,iEQSREI,0.0144
201209,iEQSREI,0.0015
201210,iEQSREI,0.007
201211,iEQSREI,0.0028
201212,iEQSREI,0.0284
201301,iEQSREI,0.0323
201302,iEQSREI,0.0053
201303,iEQSREI,0.0057
201304,iEQSREI,0.0216
201305,iEQSREI,0.0034
201306,iEQSREI,-0.0175
201307,iEQSREI,0.0179
201308,iEQSREI,-0.034
201309,iEQSREI,0.0389
201310,iEQSREI,0.0198
201311,iEQSREI,0.0208
201312,iEQSREI,0.0254
201401,iEQSREI,0.0088
201402,iEQSREI,0.0286
201403,iEQSREI,-0.0038
201404,iEQSREI,-0.0087
201405,iEQSREI,0.0178
201406,iEQSREI,0.0232
201407,iEQSREI,-0.0083
201408,iEQSREI,0.013
201409,iEQSREI,-0.0137
201410,iEQSREI,0.0228
201411,iEQSREI,0.0153
201412,iEQSREI,0.0082
201501,iEQSREI,-0.0016
201502,iEQSREI,0.0257
201503,iEQSREI,0.0117
201504,iEQSREI,0.006
201505,iEQSREI,0.011
201506,iEQSREI,-0.0048
201507,iEQSREI,0.0165
201508,iEQSREI,-0.009
201509,iEQSREI,-0.0151
201510,iEQSREI,0.0401
201511,iEQSREI,0.0021
201512,iEQSREI,0.002
201601,iEQSREI,-0.0474
201602,iEQSREI,-0.017
201603,iEQSREI,0.0272
201604,iEQSREI,0.0088
201605,iEQSREI,0.0122
201606,iEQSREI,-0.0037
201607,iEQSREI,0.0311
201608,iEQSREI,0.0123
201609,iEQSREI,0.002
201610,iEQSREI,-0.0112
201611,iEQSREI,0.0007
201612,iEQSREI,0.0167
201701,iEQSREI,0.0137
201702,iEQSREI,0.0112
201703,iEQSREI,-0.003
201704,iEQSREI,0.0119
201705,iEQSREI,-0.0029
201706,iEQSREI,0.0086
201707,iEQSREI,0.0025
201708,iEQSREI,0.0042
201709,iEQSREI,0.0048
201710,iEQSREI,0.0069
201711,iEQSREI,0.0237
201712,iEQSREI,0.0085
201801,iEQSREI,-0.006
201802,iEQSREI,-0.0436
201803,iEQSREI,0.0175
201804,iEQSREI,0.0125
201805,iEQSREI,0.0047
201806,iEQSREI,0.014
201807,iEQSREI,0.0076
201808,iEQSREI,0.0057
201809,iEQSREI,-0.0066
201810,iEQSREI,-0.0437
201811,iEQSREI,0.003
201812,iEQSREI,-0.0484
201901,iEQSREI,0.0694
201902,iEQSREI,0.0158
201903,iEQSREI,0.0141
201904,iEQSREI,0.021
201905,iEQSREI,-0.008
201906,iEQSREI,0.0227
201907,iEQSREI,0.0113
201908,iEQSREI,0.0016
201909,iEQSREI,0.0058
201910,iEQSREI,0.0174
201911,iEQSREI,0.0142
201912,iEQSREI,0.0095
202001,iEQSREI,0.0036
202002,iEQSREI,-0.0349
202003,iEQSREI,-0.0825
202004,iEQSREI,0.0646
202005,iEQSREI,0.0189
202006,iEQSREI,0.0098
202007,iEQSREI,0.0166
202008,iEQSREI,0.0187
202009,iEQSREI,-0.014
202010,iEQSREI,-0.0226
202011,iEQSREI,0.0842
202012,iEQSREI,0.0357
202101,iEQSREI,-0.0128
202102,iEQSREI,0.0512
202103,iEQSREI,0.0236
202104,iEQSREI,0.0448
202105,iEQSREI,0.0143
202106,iEQSREI,0.0055
202107,iEQSREI,0.0115
202108,iEQSREI,0.0141
202109,iEQSREI,-0.0025
202110,iEQSREI,0.0292
202111,iEQSREI,-0.0244
202112,iEQSREI,0.0468
202201,iEQSREI,-0.0252
202202,iEQSREI,0.0019
202203,iEQSREI,0.027
202204,iEQSREI,-0.0085
202205,iEQSREI,-0.0214
202206,iEQSREI,-0.0433
202207,iEQSREI,0.039
202208,iEQSREI,-0.0162
202209,iEQSREI,-0.0549
202210,iEQSREI,0.0143
202211,iEQSREI,0.0327
202212,iEQSREI,-0.024
202301,iEQSREI,0.0449
202302,iEQSREI,-0.0085
202303,iEQSREI,-0.0104
202304,iEQSREI,0.0023
202305,iEQSREI,-0.0066
202306,iEQSREI,0.0189
202307,iEQSREI,0.0033
202308,iEQSREI,-0.0029
202309,iEQSREI,-0.0118
202310,iEQSREI,-0.0189
202311,iEQSREI,0.0469
202312,iEQSREI,0.027
202401,iEQSREI,-0.0073
202402,iEQSREI,-0.0065
202403,iEQSREI,0.015
202404,iEQSREI,-0.0074
202405,iEQSREI,0.0092
202406,iEQSREI,0.0044
202407,iEQSREI,0.0267
202408,iEQSREI,0.0125
202409,iEQSREI,0.0112
202410,iEQSREI,0.0012
202411,iEQSREI,0.0121
202412,iEQSREI,-0.0178
202501,iEQSREI,-0.0023
202502,iEQSREI,0.0128
202503,iEQSREI,-0.0172
202504,iEQSREI,-0.0077
202505,iEQSREI,0.0167
202506,iEQSREI,0.0096
202507,iEQSREI,0.007
202508,iEQSREI,0.0182
202509,iEQSREI,-0.0014
202510,iEQSREI,0.0013
202511,iEQSREI,0.0102
202512,iEQSREI,0.0017
202601,iEQSREI,0.0142
202602,iEQSREI,0.02
202603,iEQSREI,-0.0298
202604,iEQSREI,0.0482
200201,iEQSTMT,0.0037
200202,iEQSTMT,-0.0034
200203,iEQSTMT,0.0069
200204,iEQSTMT,-0.0211
200205,iEQSTMT,-0.0146
200206,iEQSTMT,-0.0063
200207,iEQSTMT,0.0082
200208,iEQSTMT,0.0076
200209,iEQSTMT,-0.0044
200210,iEQSTMT,0.017
200211,iEQSTMT,0.0224
200212,iEQSTMT,-0.0164
200301,iEQSTMT,0.0099
200302,iEQSTMT,-0.0019
200303,iEQSTMT,0.0086
200304,iEQSTMT,0.0187
200305,iEQSTMT,0.028
200306,iEQSTMT,0.0169
200307,iEQSTMT,0.02
200308,iEQSTMT,0.0095
200309,iEQSTMT,-0.0042
200310,iEQSTMT,0.0346
200311,iEQSTMT,0.0118
200312,iEQSTMT,0.0042
200401,iEQSTMT,0.0238
200402,iEQSTMT,0.0098
200403,iEQSTMT,0.0035
200404,iEQSTMT,-0.0194
200405,iEQSTMT,0.016
200406,iEQSTMT,-0.0024
200407,iEQSTMT,-0.0457
200408,iEQSTMT,-0.0162
200409,iEQSTMT,0.025
200410,iEQSTMT,0.0239
200411,iEQSTMT,0.0318
200412,iEQSTMT,0.0113
200501,iEQSTMT,0.0056
200502,iEQSTMT,0.0098
200503,iEQSTMT,-0.0025
200504,iEQSTMT,-0.01
200505,iEQSTMT,0.0336
200506,iEQSTMT,0.0233
200507,iEQSTMT,0.0365
200508,iEQSTMT,0.0053
200509,iEQSTMT,0.0142
200510,iEQSTMT,0.0044
200511,iEQSTMT,0.0276
200512,iEQSTMT,0.017
200601,iEQSTMT,0.0539
200602,iEQSTMT,0.0026
200603,iEQSTMT,0.0163
200604,iEQSTMT,0.0239
200605,iEQSTMT,-0.0296
200606,iEQSTMT,-0.0102
200607,iEQSTMT,0.0115
200608,iEQSTMT,0.0235
200609,iEQSTMT,0.0253
200610,iEQSTMT,0.0164
200611,iEQSTMT,0.0302
200612,iEQSTMT,0.0098
200701,iEQSTMT,0.0235
200702,iEQSTMT,0.0028
200703,iEQSTMT,0.0181
200704,iEQSTMT,0.0167
200705,iEQSTMT,0.0366
200706,iEQSTMT,0.0186
200707,iEQSTMT,0.0069
200708,iEQSTMT,0.0054
200709,iEQSTMT,0.041
200710,iEQSTMT,0.0589
200711,iEQSTMT,-0.0263
200712,iEQSTMT,0.0055
200801,iEQSTMT,-0.0605
200802,iEQSTMT,0.0047
200803,iEQSTMT,-0.0275
200804,iEQSTMT,0.0295
200805,iEQSTMT,0.0313
200806,iEQSTMT,-0.0322
200807,iEQSTMT,-0.0204
200808,iEQSTMT,-0.0031
200809,iEQSTMT,-0.0867
200810,iEQSTMT,-0.0417
200811,iEQSTMT,-0.0156
200812,iEQSTMT,-0.006
200901,iEQSTMT,0.0197
200902,iEQSTMT,0.0092
200903,iEQSTMT,0.0106
200904,iEQSTMT,0.0462
200905,iEQSTMT,0.049
200906,iEQSTMT,0.0083
200907,iEQSTMT,0.0286
200908,iEQSTMT,0.013
200909,iEQSTMT,0.0488
200910,iEQSTMT,-0.0108
200911,iEQSTMT,0.0213
200912,iEQSTMT,0.0269
201001,iEQSTMT,-0.0275
201002,iEQSTMT,0.0188
201003,iEQSTMT,0.0264
201004,iEQSTMT,0.0224
201005,iEQSTMT,-0.0329
201006,iEQSTMT,-0.0221
201007,iEQSTMT,0.0147
201008,iEQSTMT,0.0098
201009,iEQSTMT,0.0533
201010,iEQSTMT,0.0291
201011,iEQSTMT,0.0038
201012,iEQSTMT,0.0338
201101,iEQSTMT,0.02
201102,iEQSTMT,0.024
201103,iEQSTMT,0.0068
201104,iEQSTMT,0.0251
201105,iEQSTMT,-0.0024
201106,iEQSTMT,-0.0013
201107,iEQSTMT,0.0058
201108,iEQSTMT,-0.0551
201109,iEQSTMT,-0.026
201110,iEQSTMT,0.0377
201111,iEQSTMT,-0.0112
201112,iEQSTMT,0.0051
201201,iEQSTMT,0.0366
201202,iEQSTMT,0.0321
201203,iEQSTMT,0.0237
201204,iEQSTMT,-0.0002
201205,iEQSTMT,-0.0313
201206,iEQSTMT,0.0053
201207,iEQSTMT,0.0009
201208,iEQSTMT,0.0136
201209,iEQSTMT,0.0095
201210,iEQSTMT,-0.0196
201211,iEQSTMT,0.0076
201212,iEQSTMT,0.008
201301,iEQSTMT,0.0305
201302,iEQSTMT,0.0151
201303,iEQSTMT,0.009
201304,iEQSTMT,-0.0052
201305,iEQSTMT,0.0198
201306,iEQSTMT,0.0016
201307,iEQSTMT,0.0367
201308,iEQSTMT,0.0049
201309,iEQSTMT,0.0379
201310,iEQSTMT,0.0113
201311,iEQSTMT,0.0175
201312,iEQSTMT,0.0241
201401,iEQSTMT,0.0139
201402,iEQSTMT,0.0339
201403,iEQSTMT,-0.0263
201404,iEQSTMT,-0.0334
201405,iEQSTMT,0.0239
201406,iEQSTMT,0.0244
201407,iEQSTMT,-0.0165
201408,iEQSTMT,0.0173
201409,iEQSTMT,-0.0095
201410,iEQSTMT,0.0137
201411,iEQSTMT,0.0077
201412,iEQSTMT,0.0044
201501,iEQSTMT,-0.0032
201502,iEQSTMT,0.03
201503,iEQSTMT,-0.0003
201504,iEQSTMT,-0.0047
201505,iEQSTMT,0.0244
201506,iEQSTMT,0.0014
201507,iEQSTMT,0.0144
201508,iEQSTMT,-0.0161
201509,iEQSTMT,-0.0151
201510,iEQSTMT,0.035
201511,iEQSTMT,0.0113
201512,iEQSTMT,0.0085
201601,iEQSTMT,-0.0319
201602,iEQSTMT,-0.0252
201603,iEQSTMT,0.0131
201604,iEQSTMT,-0.0019
201605,iEQSTMT,0.0244
201606,iEQSTMT,0.004
201607,iEQSTMT,0.0223
201608,iEQSTMT,0.0147
201609,iEQSTMT,0.0192
201610,iEQSTMT,-0.0018
201611,iEQSTMT,-0.0046
201612,iEQSTMT,-0.0023
201701,iEQSTMT,0.0272
201702,iEQSTMT,0.0106
201703,iEQSTMT,0.0162
201704,iEQSTMT,0.0184
201705,iEQSTMT,0.0226
201706,iEQSTMT,-0.001
201707,iEQSTMT,0.0253
201708,iEQSTMT,0.0136
201709,iEQSTMT,0.0033
201710,iEQSTMT,0.0233
201711,iEQSTMT,-0.0058
201712,iEQSTMT,-0.0117
201801,iEQSTMT,0.0396
201802,iEQSTMT,0.0075
201803,iEQSTMT,0.0067
201804,iEQSTMT,0.0021
201805,iEQSTMT,0.0389
201806,iEQSTMT,-0.004
201807,iEQSTMT,-0.0089
201808,iEQSTMT,0.0299
201809,iEQSTMT,-0.0002
201810,iEQSTMT,-0.0503
201811,iEQSTMT,-0.0052
201812,iEQSTMT,-0.0158
201901,iEQSTMT,0.0489
201902,iEQSTMT,0.0279
201903,iEQSTMT,0.008
201904,iEQSTMT,0.0254
201905,iEQSTMT,-0.0115
201906,iEQSTMT,0.0169
201907,iEQSTMT,0.0205
201908,iEQSTMT,0.0004
201909,iEQSTMT,-0.0368
201910,iEQSTMT,0.0009
201911,iEQSTMT,0.0254
201912,iEQSTMT,0.0042
202001,iEQSTMT,0.031
202002,iEQSTMT,0.0013
202003,iEQSTMT,-0.0497
202004,iEQSTMT,0.0553
202005,iEQSTMT,0.0556
202006,iEQSTMT,0.0359
202007,iEQSTMT,0.0349
202008,iEQSTMT,0.0388
202009,iEQSTMT,-0.0013
202010,iEQSTMT,0.0079
202011,iEQSTMT,0.0548
202012,iEQSTMT,0.052
202101,iEQSTMT,-0.0266
202102,iEQSTMT,0.0491
202103,iEQSTMT,-0.0325
202104,iEQSTMT,0.024
202105,iEQSTMT,-0.0195
202106,iEQSTMT,0.0275
202107,iEQSTMT,-0.0022
202108,iEQSTMT,0.0221
202109,iEQSTMT,-0.0157
202110,iEQSTMT,0.0296
202111,iEQSTMT,-0.0344
202112,iEQSTMT,-0.0276
202201,iEQSTMT,-0.0728
202202,iEQSTMT,-0.0152
202203,iEQSTMT,-0.0177
202204,iEQSTMT,-0.0495
202205,iEQSTMT,-0.041
202206,iEQSTMT,-0.0314
202207,iEQSTMT,0.0274
202208,iEQSTMT,-0.0129
202209,iEQSTMT,-0.0387
202210,iEQSTMT,0.0063
202211,iEQSTMT,0.012
202212,iEQSTMT,-0.013
202301,iEQSTMT,0.0478
202302,iEQSTMT,-0.0066
202303,iEQSTMT,0.0264
202304,iEQSTMT,-0.0108
202305,iEQSTMT,0.0512
202306,iEQSTMT,0.007
202307,iEQSTMT,0.01
202308,iEQSTMT,-0.0025
202309,iEQSTMT,-0.0227
202310,iEQSTMT,-0.0126
202311,iEQSTMT,0.0574
202312,iEQSTMT,0.0371
202401,iEQSTMT,0.0238
202402,iEQSTMT,0.0404
202403,iEQSTMT,0.0103
202404,iEQSTMT,-0.017
202405,iEQSTMT,0.017
202406,iEQSTMT,0.0186
202407,iEQSTMT,0.004
202408,iEQSTMT,0.0099
202409,iEQSTMT,0.0227
202410,iEQSTMT,0.0183
202411,iEQSTMT,0.061
202412,iEQSTMT,-0.0015
202501,iEQSTMT,0.0319
202502,iEQSTMT,-0.0222
202503,iEQSTMT,-0.0632
202504,iEQSTMT,0.0042
202505,iEQSTMT,0.0627
202506,iEQSTMT,0.0721
202507,iEQSTMT,0.0225
202508,iEQSTMT,0.0218
202509,iEQSTMT,0.0345
202510,iEQSTMT,0.0303
202511,iEQSTMT,-0.0256
202512,iEQSTMT,0.0136
202601,iEQSTMT,0.0233
202602,iEQSTMT,-0.0078
202603,iEQSTMT,-0.0376
202604,iEQSTMT,0.1302
199801,iEVD,0.0167
199802,iEVD,0.0491
199803,iEVD,0.0418
199804,iEVD,0.0051
199805,iEVD,-0.0197
199806,iEVD,-0.0042
199807,iEVD,-0.0012
199808,iEVD,-0.0647
199809,iEVD,-0.0158
199810,iEVD,0.0151
199811,iEVD,0.0322
199812,iEVD,0.0373
199901,iEVD,0.019
199902,iEVD,-0.0119
199903,iEVD,0.0151
199904,iEVD,0.05
199905,iEVD,0.0345
199906,iEVD,0.0445
199907,iEVD,0.0094
199908,iEVD,-0.0186
199909,iEVD,-0.0022
199910,iEVD,-0.0113
199911,iEVD,0.0388
199912,iEVD,0.0524
200001,iEVD,0.0198
200002,iEVD,0.069
200003,iEVD,0.0127
200004,iEVD,-0.0119
200005,iEVD,-0.0165
200006,iEVD,0.0148
200007,iEVD,0.0197
200008,iEVD,0.0134
200009,iEVD,0.009
200010,iEVD,0.0076
200011,iEVD,-0.0044
200012,iEVD,0.0043
200101,iEVD,0.032
200102,iEVD,0.0204
200103,iEVD,0.0045
200104,iEVD,0.0069
200105,iEVD,0.027
200106,iEVD,0.0072
200107,iEVD,0.0104
200108,iEVD,0.0101
200109,iEVD,-0.0241
200110,iEVD,0.0063
200111,iEVD,0.0205
200112,iEVD,0.014
200201,iEVD,0.0131
200202,iEVD,-0.0035
200203,iEVD,0.0205
200204,iEVD,0.0108
200205,iEVD,0.0048
200206,iEVD,-0.0251
200207,iEVD,-0.0319
200208,iEVD,-0.0053
200209,iEVD,0.0024
200210,iEVD,-0.0104
200211,iEVD,0.0201
200212,iEVD,0.0076
200301,iEVD,0.0261
200302,iEVD,0.0048
200303,iEVD,0.0102
200304,iEVD,0.0333
200305,iEVD,0.0463
200306,iEVD,0.0255
200307,iEVD,0.0165
200308,iEVD,0.0168
200309,iEVD,0.0162
200310,iEVD,0.0328
200311,iEVD,0.0193
200312,iEVD,0.0368
200401,iEVD,0.0319
200402,iEVD,0.0181
200403,iEVD,0.0037
200404,iEVD,-0.0004
200405,iEVD,-0.0022
200406,iEVD,0.0222
200407,iEVD,-0.0058
200408,iEVD,0.0069
200409,iEVD,0.0188
200410,iEVD,0.0155
200411,iEVD,0.0505
200412,iEVD,0.0298
200501,iEVD,0.0007
200502,iEVD,0.0263
200503,iEVD,-0.0002
200504,iEVD,-0.0189
200505,iEVD,0.0056
200506,iEVD,0.0162
200507,iEVD,0.0309
200508,iEVD,0.0106
200509,iEVD,0.0064
200510,iEVD,-0.0328
200511,iEVD,0.017
200512,iEVD,0.0159
200601,iEVD,0.0325
200602,iEVD,0.0061
200603,iEVD,0.0211
200604,iEVD,0.016
200605,iEVD,-0.0047
200606,iEVD,-0.0009
200607,iEVD,-0.0002
200608,iEVD,0.0092
200609,iEVD,0.0036
200610,iEVD,0.0189
200611,iEVD,0.0226
200612,iEVD,0.0184
200701,iEVD,0.0297
200702,iEVD,0.0184
200703,iEVD,0.0242
200704,iEVD,0.0247
200705,iEVD,0.0292
200706,iEVD,0.0027
200707,iEVD,0.013
200708,iEVD,-0.0157
200709,iEVD,0.0188
200710,iEVD,0.0314
200711,iEVD,-0.0096
200712,iEVD,0.0048
200801,iEVD,-0.0256
200802,iEVD,0.0195
200803,iEVD,-0.0155
200804,iEVD,0.0103
200805,iEVD,0.025
200806,iEVD,-0.0086
200807,iEVD,-0.0267
200808,iEVD,-0.0055
200809,iEVD,-0.0774
200810,iEVD,-0.0629
200811,iEVD,-0.0375
200812,iEVD,-0.0137
200901,iEVD,0.0252
200902,iEVD,-0.0055
200903,iEVD,0.0108
200904,iEVD,0.0415
200905,iEVD,0.0521
200906,iEVD,0.0237
200907,iEVD,0.0368
200908,iEVD,0.0344
200909,iEVD,0.0373
200910,iEVD,0.0102
200911,iEVD,0.0187
200912,iEVD,0.0325
201001,iEVD,0.0195
201002,iEVD,0.0085
201003,iEVD,0.0275
201004,iEVD,0.0176
201005,iEVD,-0.0274
201006,iEVD,-0.0125
201007,iEVD,0.0162
201008,iEVD,0.001
201009,iEVD,0.0242
201010,iEVD,0.021
201011,iEVD,0.0007
201012,iEVD,0.0283
201101,iEVD,0.0159
201102,iEVD,0.0164
201103,iEVD,0.0042
201104,iEVD,0.0107
201105,iEVD,-0.0058
201106,iEVD,-0.0175
201107,iEVD,-0.0086
201108,iEVD,-0.0502
201109,iEVD,-0.0428
201110,iEVD,0.0375
201111,iEVD,-0.0072
201112,iEVD,-0.0031
201201,iEVD,0.0365
201202,iEVD,0.0247
201203,iEVD,0.0127
201204,iEVD,-0.0018
201205,iEVD,-0.0277
201206,iEVD,0.0036
201207,iEVD,0.0036
201208,iEVD,0.0165
201209,iEVD,0.0116
201210,iEVD,0.0052
201211,iEVD,0.0089
201212,iEVD,0.0245
201301,iEVD,0.0255
201302,iEVD,0.0056
201303,iEVD,0.0172
201304,iEVD,0.0108
201305,iEVD,0.0218
201306,iEVD,-0.0076
201307,iEVD,0.0186
201308,iEVD,-0.0012
201309,iEVD,0.022
201310,iEVD,0.0201
201311,iEVD,0.0191
201312,iEVD,0.017
201401,iEVD,0.007
201402,iEVD,0.0273
201403,iEVD,0.0003
201404,iEVD,0.0
201405,iEVD,0.0107
201406,iEVD,0.0173
201407,iEVD,-0.0096
201408,iEVD,0.0062
201409,iEVD,-0.0104
201410,iEVD,-0.017
201411,iEVD,0.0099
201412,iEVD,-0.0027
201501,iEVD,-0.0076
201502,iEVD,0.0314
201503,iEVD,0.0085
201504,iEVD,0.0081
201505,iEVD,0.0124
201506,iEVD,-0.0146
201507,iEVD,-0.007
201508,iEVD,-0.0196
201509,iEVD,-0.0294
201510,iEVD,0.016
201511,iEVD,-0.0028
201512,iEVD,-0.0095
201601,iEVD,-0.0305
201602,iEVD,-0.0057
201603,iEVD,0.0168
201604,iEVD,0.0101
201605,iEVD,0.014
201606,iEVD,-0.013
201607,iEVD,0.0209
201608,iEVD,0.0181
201609,iEVD,0.0062
201610,iEVD,-0.0056
201611,iEVD,0.0137
201612,iEVD,0.0151
201701,iEVD,0.0153
201702,iEVD,0.0128
201703,iEVD,0.0047
201704,iEVD,0.0138
201705,iEVD,0.0047
201706,iEVD,0.0068
201707,iEVD,0.0113
201708,iEVD,-0.0007
201709,iEVD,0.0067
201710,iEVD,0.008
201711,iEVD,-0.0051
201712,iEVD,0.0187
201801,iEVD,0.016
201802,iEVD,-0.0069
201803,iEVD,-0.0115
201804,iEVD,0.0015
201805,iEVD,0.0116
201806,iEVD,0.01
201807,iEVD,-0.0002
201808,iEVD,0.0018
201809,iEVD,-0.0008
201810,iEVD,-0.0174
201811,iEVD,-0.0042
201812,iEVD,-0.0248
201901,iEVD,0.0351
201902,iEVD,0.0143
201903,iEVD,0.0036
201904,iEVD,0.0159
201905,iEVD,-0.0129
201906,iEVD,0.0115
201907,iEVD,0.0029
201908,iEVD,-0.0068
201909,iEVD,-0.0032
201910,iEVD,0.008
201911,iEVD,0.0098
201912,iEVD,0.0192
202001,iEVD,-0.002
202002,iEVD,-0.0175
202003,iEVD,-0.0996
202004,iEVD,0.0524
202005,iEVD,0.0282
202006,iEVD,0.0176
202007,iEVD,0.016
202008,iEVD,0.0255
202009,iEVD,0.0021
202010,iEVD,0.0038
202011,iEVD,0.072
202012,iEVD,0.0625
202101,iEVD,0.0138
202102,iEVD,0.0418
202103,iEVD,0.0028
202104,iEVD,0.0275
202105,iEVD,0.0097
202106,iEVD,-0.0005
202107,iEVD,-0.0164
202108,iEVD,0.0101
202109,iEVD,0.0054
202110,iEVD,0.0135
202111,iEVD,-0.017
202112,iEVD,0.0106
202201,iEVD,-0.0184
202202,iEVD,0.0044
202203,iEVD,0.0011
202204,iEVD,-0.0063
202205,iEVD,-0.019
202206,iEVD,-0.0382
202207,iEVD,0.0114
202208,iEVD,0.0086
202209,iEVD,-0.0244
202210,iEVD,0.0126
202211,iEVD,0.0106
202212,iEVD,0.0049
202301,iEVD,0.0266
202302,iEVD,-0.0027
202303,iEVD,-0.0105
202304,iEVD,0.0015
202305,iEVD,-0.0186
202306,iEVD,0.0225
202307,iEVD,0.0186
202308,iEVD,0.0014
202309,iEVD,-0.0059
202310,iEVD,-0.0223
202311,iEVD,0.0277
202312,iEVD,0.0335
202401,iEVD,-0.0014
202402,iEVD,0.0136
202403,iEVD,0.0211
202404,iEVD,-0.0095
202405,iEVD,0.0153
202406,iEVD,0.001
202407,iEVD,0.0165
202408,iEVD,0.0078
202409,iEVD,0.0136
202410,iEVD,0.0006
202411,iEVD,0.0293
202412,iEVD,-0.0067
202501,iEVD,0.014
202502,iEVD,0.0011
202503,iEVD,-0.0226
202504,iEVD,0.0036
202505,iEVD,0.0324
202506,iEVD,0.0274
202507,iEVD,0.0168
202508,iEVD,0.0148
202509,iEVD,0.0152
202510,iEVD,0.0121
202511,iEVD,-0.0012
202512,iEVD,0.0123
202601,iEVD,0.0151
202602,iEVD,0.0086
202603,iEVD,-0.0244
202604,iEVD,0.0513
199801,iEVDESS,0.0031
199802,iEVDESS,0.1145
199803,iEVDESS,0.0174
199804,iEVDESS,0.012
199805,iEVDESS,-0.0644
199806,iEVDESS,0.0063
199807,iEVDESS,0.0796
199808,iEVDESS,-0.1498
199809,iEVDESS,-0.1056
199810,iEVDESS,0.0584
199811,iEVDESS,0.0524
199812,iEVDESS,0.0762
199901,iEVDESS,0.0315
199902,iEVDESS,-0.0087
199903,iEVDESS,0.0183
199904,iEVDESS,0.0424
199905,iEVDESS,0.0485
199906,iEVDESS,0.0304
199907,iEVDESS,0.0072
199908,iEVDESS,-0.0091
199909,iEVDESS,-0.004
199910,iEVDESS,-0.0018
199911,iEVDESS,0.06
199912,iEVDESS,0.0708
200001,iEVDESS,0.0342
200002,iEVDESS,0.1667
200003,iEVDESS,0.0561
200004,iEVDESS,-0.0229
200005,iEVDESS,0.0038
200006,iEVDESS,0.0446
200007,iEVDESS,0.01
200008,iEVDESS,0.0426
200009,iEVDESS,0.0106
200010,iEVDESS,0.0178
200011,iEVDESS,-0.012
200012,iEVDESS,0.0323
200101,iEVDESS,0.0431
200102,iEVDESS,0.0116
200103,iEVDESS,-0.0021
200104,iEVDESS,0.0334
200105,iEVDESS,0.0417
200106,iEVDESS,-0.0205
200107,iEVDESS,0.013
200108,iEVDESS,-0.0053
200109,iEVDESS,-0.0466
200110,iEVDESS,0.0254
200111,iEVDESS,0.026
200112,iEVDESS,0.0043
200201,iEVDESS,-0.0154
200202,iEVDESS,-0.0302
200203,iEVDESS,0.0252
200204,iEVDESS,0.0009
200205,iEVDESS,0.0148
200206,iEVDESS,-0.0494
200207,iEVDESS,-0.0326
200208,iEVDESS,0.0011
200209,iEVDESS,-0.0034
200210,iEVDESS,-0.0005
200211,iEVDESS,0.0066
200212,iEVDESS,0.0136
200301,iEVDESS,0.0185
200302,iEVDESS,0.0112
200303,iEVDESS,0.0182
200304,iEVDESS,0.027
200305,iEVDESS,0.0564
200306,iEVDESS,0.0223
200307,iEVDESS,0.0208
200308,iEVDESS,0.0126
200309,iEVDESS,0.0155
200310,iEVDESS,0.0344
200311,iEVDESS,0.0124
200312,iEVDESS,0.0516
200401,iEVDESS,0.0238
200402,iEVDESS,0.0372
200403,iEVDESS,0.0101
200404,iEVDESS,0.0012
200405,iEVDESS,0.0113
200406,iEVDESS,0.0122
200407,iEVDESS,-0.0124
200408,iEVDESS,0.014
200409,iEVDESS,0.0163
200410,iEVDESS,0.0104
200411,iEVDESS,0.0455
200412,iEVDESS,0.0377
200501,iEVDESS,0.0058
200502,iEVDESS,0.0252
200503,iEVDESS,-0.0028
200504,iEVDESS,-0.0096
200505,iEVDESS,0.0098
200506,iEVDESS,0.0093
200507,iEVDESS,0.0493
200508,iEVDESS,0.0276
200509,iEVDESS,0.0225
200510,iEVDESS,-0.026
200511,iEVDESS,0.0208
200512,iEVDESS,0.0158
200601,iEVDESS,0.0374
200602,iEVDESS,0.0067
200603,iEVDESS,-0.001
200604,iEVDESS,0.0215
200605,iEVDESS,-0.0122
200606,iEVDESS,-0.0049
200607,iEVDESS,-0.01
200608,iEVDESS,0.0279
200609,iEVDESS,-0.0145
200610,iEVDESS,0.0181
200611,iEVDESS,0.013
200612,iEVDESS,0.0295
200701,iEVDESS,0.0276
200702,iEVDESS,0.0154
200703,iEVDESS,0.0211
200704,iEVDESS,0.0266
200705,iEVDESS,0.0305
200706,iEVDESS,0.0003
200707,iEVDESS,-0.0132
200708,iEVDESS,-0.0014
200709,iEVDESS,0.025
200710,iEVDESS,0.027
200711,iEVDESS,-0.0189
200712,iEVDESS,0.0029
200801,iEVDESS,-0.0198
200802,iEVDESS,0.0171
200803,iEVDESS,-0.0054
200804,iEVDESS,0.0133
200805,iEVDESS,0.0386
200806,iEVDESS,-0.0016
200807,iEVDESS,-0.0297
200808,iEVDESS,-0.0014
200809,iEVDESS,-0.0595
200810,iEVDESS,-0.0383
200811,iEVDESS,-0.0217
200812,iEVDESS,0.0065
200901,iEVDESS,0.0277
200902,iEVDESS,-0.0014
200903,iEVDESS,0.0357
200904,iEVDESS,0.0661
200905,iEVDESS,0.0675
200906,iEVDESS,0.0095
200907,iEVDESS,0.0381
200908,iEVDESS,0.0338
200909,iEVDESS,0.0544
200910,iEVDESS,-0.0035
200911,iEVDESS,0.0326
200912,iEVDESS,0.0365
201001,iEVDESS,0.0073
201002,iEVDESS,0.0227
201003,iEVDESS,0.0283
201004,iEVDESS,0.0158
201005,iEVDESS,-0.0384
201006,iEVDESS,-0.0117
201007,iEVDESS,0.0234
201008,iEVDESS,-0.0117
201009,iEVDESS,0.0442
201010,iEVDESS,0.0438
201011,iEVDESS,0.0213
201012,iEVDESS,0.0436
201101,iEVDESS,0.0184
201102,iEVDESS,0.0285
201103,iEVDESS,0.0055
201104,iEVDESS,0.0097
201105,iEVDESS,-0.0041
201106,iEVDESS,-0.0208
201107,iEVDESS,0.0
201108,iEVDESS,-0.0458
201109,iEVDESS,-0.0349
201110,iEVDESS,0.0324
201111,iEVDESS,-0.0024
201112,iEVDESS,-0.0062
201201,iEVDESS,0.0283
201202,iEVDESS,0.0319
201203,iEVDESS,0.0096
201204,iEVDESS,0.0106
201205,iEVDESS,-0.028
201206,iEVDESS,0.0036
201207,iEVDESS,-0.0012
201208,iEVDESS,0.0264
201209,iEVDESS,0.0097
201210,iEVDESS,0.0008
201211,iEVDESS,0.0106
201212,iEVDESS,0.0229
201301,iEVDESS,0.0368
201302,iEVDESS,0.006
201303,iEVDESS,0.0206
201304,iEVDESS,0.0016
201305,iEVDESS,0.029
201306,iEVDESS,-0.0047
201307,iEVDESS,0.0274
201308,iEVDESS,-0.0044
201309,iEVDESS,0.0237
201310,iEVDESS,0.0144
201311,iEVDESS,0.0196
201312,iEVDESS,0.0218
201401,iEVDESS,0.0037
201402,iEVDESS,0.0342
201403,iEVDESS,-0.0025
201404,iEVDESS,-0.0069
201405,iEVDESS,0.0191
201406,iEVDESS,0.016
201407,iEVDESS,-0.0097
201408,iEVDESS,0.0077
201409,iEVDESS,-0.016
201410,iEVDESS,-0.0233
201411,iEVDESS,0.0108
201412,iEVDESS,0.0005
201501,iEVDESS,-0.0066
201502,iEVDESS,0.0409
201503,iEVDESS,0.014
201504,iEVDESS,0.0046
201505,iEVDESS,0.0136
201506,iEVDESS,-0.0132
201507,iEVDESS,-0.0072
201508,iEVDESS,-0.0274
201509,iEVDESS,-0.0369
201510,iEVDESS,0.0145
201511,iEVDESS,-0.011
201512,iEVDESS,-0.0025
201601,iEVDESS,-0.0404
201602,iEVDESS,-0.0067
201603,iEVDESS,0.0179
201604,iEVDESS,0.0043
201605,iEVDESS,0.0181
201606,iEVDESS,-0.01
201607,iEVDESS,0.0239
201608,iEVDESS,0.0202
201609,iEVDESS,0.0106
201610,iEVDESS,-0.0128
201611,iEVDESS,0.0327
201612,iEVDESS,0.0116
201701,iEVDESS,0.015
201702,iEVDESS,0.0158
201703,iEVDESS,0.0031
201704,iEVDESS,0.0107
201705,iEVDESS,0.0042
201706,iEVDESS,0.0108
201707,iEVDESS,0.0078
201708,iEVDESS,0.0063
201709,iEVDESS,0.0094
201710,iEVDESS,0.0045
201711,iEVDESS,0.0034
201712,iEVDESS,0.0279
201801,iEVDESS,0.0284
201802,iEVDESS,-0.0195
201803,iEVDESS,-0.0089
201804,iEVDESS,0.0086
201805,iEVDESS,0.0176
201806,iEVDESS,0.0109
201807,iEVDESS,0.0025
201808,iEVDESS,0.007
201809,iEVDESS,0.001
201810,iEVDESS,-0.0402
201811,iEVDESS,0.0039
201812,iEVDESS,-0.0486
201901,iEVDESS,0.0372
201902,iEVDESS,0.0173
201903,iEVDESS,0.0021
201904,iEVDESS,0.0273
201905,iEVDESS,-0.0175
201906,iEVDESS,0.0166
201907,iEVDESS,0.0079
201908,iEVDESS,0.0043
201909,iEVDESS,-0.0011
201910,iEVDESS,0.0085
201911,iEVDESS,0.0122
201912,iEVDESS,0.0183
202001,iEVDESS,-0.0053
202002,iEVDESS,-0.0216
202003,iEVDESS,-0.0862
202004,iEVDESS,0.0606
202005,iEVDESS,0.0376
202006,iEVDESS,0.0191
202007,iEVDESS,0.0203
202008,iEVDESS,0.0331
202009,iEVDESS,0.0042
202010,iEVDESS,-0.0099
202011,iEVDESS,0.1061
202012,iEVDESS,0.0609
202101,iEVDESS,-0.0017
202102,iEVDESS,0.0667
202103,iEVDESS,0.0049
202104,iEVDESS,0.0263
202105,iEVDESS,-0.0065
202106,iEVDESS,-0.0023
202107,iEVDESS,-0.0067
202108,iEVDESS,-0.001
202109,iEVDESS,0.0003
202110,iEVDESS,0.0165
202111,iEVDESS,-0.0196
202112,iEVDESS,0.0051
202201,iEVDESS,-0.0268
202202,iEVDESS,-0.0053
202203,iEVDESS,-0.0031
202204,iEVDESS,-0.0281
202205,iEVDESS,-0.0296
202206,iEVDESS,-0.0519
202207,iEVDESS,0.018
202208,iEVDESS,-0.0009
202209,iEVDESS,-0.035
202210,iEVDESS,0.0239
202211,iEVDESS,0.0161
202212,iEVDESS,0.0069
202301,iEVDESS,0.0333
202302,iEVDESS,-0.0071
202303,iEVDESS,-0.0007
202304,iEVDESS,0.0106
202305,iEVDESS,-0.0139
202306,iEVDESS,0.0214
202307,iEVDESS,0.0299
202308,iEVDESS,0.003
202309,iEVDESS,-0.0127
202310,iEVDESS,-0.0156
202311,iEVDESS,0.0247
202312,iEVDESS,0.0496
202401,iEVDESS,0.0
202402,iEVDESS,0.0193
202403,iEVDESS,0.0252
202404,iEVDESS,-0.0183
202405,iEVDESS,0.0229
202406,iEVDESS,-0.0076
202407,iEVDESS,0.0151
202408,iEVDESS,0.0049
202409,iEVDESS,0.0182
202410,iEVDESS,-0.0066
202411,iEVDESS,0.0249
202412,iEVDESS,-0.0084
202501,iEVDESS,0.0139
202502,iEVDESS,0.0016
202503,iEVDESS,-0.019
202504,iEVDESS,-0.0063
202505,iEVDESS,0.0386
202506,iEVDESS,0.0287
202507,iEVDESS,0.0086
202508,iEVDESS,0.0128
202509,iEVDESS,0.0033
202510,iEVDESS,0.0113
202511,iEVDESS,-0.0015
202512,iEVDESS,0.0172
202601,iEVDESS,0.0137
202602,iEVDESS,0.0032
202603,iEVDESS,-0.0194
202604,iEVDESS,0.0617
200001,iEVDMER,0.0188
200002,iEVDMER,0.035
200003,iEVDMER,-0.0064
200004,iEVDMER,0.0574
200005,iEVDMER,0.0271
200006,iEVDMER,0.0184
200007,iEVDMER,0.0127
200008,iEVDMER,0.0141
200009,iEVDMER,0.0159
200010,iEVDMER,0.0048
200011,iEVDMER,0.018
200012,iEVDMER,0.0139
200101,iEVDMER,0.0073
200102,iEVDMER,0.0026
200103,iEVDMER,0.0012
200104,iEVDMER,0.008
200105,iEVDMER,0.0101
200106,iEVDMER,-0.0155
200107,iEVDMER,0.0114
200108,iEVDMER,0.0105
200109,iEVDMER,-0.004
200110,iEVDMER,-0.0013
200111,iEVDMER,0.0036
200112,iEVDMER,-0.0005
200201,iEVDMER,0.0285
200202,iEVDMER,0.0031
200203,iEVDMER,0.0139
200204,iEVDMER,0.0049
200205,iEVDMER,0.0024
200206,iEVDMER,-0.0002
200207,iEVDMER,-0.0053
200208,iEVDMER,0.004
200209,iEVDMER,0.0014
200210,iEVDMER,0.0018
200211,iEVDMER,0.0002
200212,iEVDMER,0.0058
200301,iEVDMER,0.0168
200302,iEVDMER,0.0041
200303,iEVDMER,0.0057
200304,iEVDMER,0.0323
200305,iEVDMER,0.072
200306,iEVDMER,0.0058
200307,iEVDMER,-0.0002
200308,iEVDMER,0.0127
200309,iEVDMER,0.033
200310,iEVDMER,0.0246
200311,iEVDMER,0.0033
200312,iEVDMER,0.0166
200401,iEVDMER,0.0337
200402,iEVDMER,0.004
200403,iEVDMER,-0.0034
200404,iEVDMER,-0.0176
200405,iEVDMER,-0.0015
200406,iEVDMER,0.0014
200407,iEVDMER,-0.0093
200408,iEVDMER,0.018
200409,iEVDMER,0.0072
200410,iEVDMER,0.0064
200411,iEVDMER,0.048
200412,iEVDMER,0.0364
200501,iEVDMER,-0.014
200502,iEVDMER,0.019
200503,iEVDMER,-0.0084
200504,iEVDMER,-0.012
200505,iEVDMER,0.0254
200506,iEVDMER,0.0088
200507,iEVDMER,0.0222
200508,iEVDMER,0.0036
200509,iEVDMER,-0.0017
200510,iEVDMER,-0.0114
200511,iEVDMER,-0.0115
200512,iEVDMER,0.0188
200601,iEVDMER,0.0416
200602,iEVDMER,-0.0022
200603,iEVDMER,0.0184
200604,iEVDMER,0.0229
200605,iEVDMER,0.0066
200606,iEVDMER,0.0215
200607,iEVDMER,0.018
200608,iEVDMER,-0.012
200609,iEVDMER,0.0124
200610,iEVDMER,0.0294
200611,iEVDMER,0.0154
200612,iEVDMER,0.0356
200701,iEVDMER,0.0589
200702,iEVDMER,0.128
200703,iEVDMER,0.0044
200704,iEVDMER,0.0102
200705,iEVDMER,0.0278
200706,iEVDMER,0.0554
200707,iEVDMER,0.1128
200708,iEVDMER,0.0088
200709,iEVDMER,0.015
200710,iEVDMER,0.0494
200711,iEVDMER,-0.0083
200712,iEVDMER,0.0083
200801,iEVDMER,0.0095
200802,iEVDMER,0.0375
200803,iEVDMER,0.0086
200804,iEVDMER,-0.0124
200805,iEVDMER,0.024
200806,iEVDMER,0.0087
200807,iEVDMER,-0.016
200808,iEVDMER,0.0162
200809,iEVDMER,-0.0285
200810,iEVDMER,-0.0021
200811,iEVDMER,0.0217
200812,iEVDMER,0.0299
200901,iEVDMER,0.0267
200902,iEVDMER,-0.0012
200903,iEVDMER,-0.0252
200904,iEVDMER,-0.035
200905,iEVDMER,0.0257
200906,iEVDMER,0.0187
200907,iEVDMER,-0.0022
200908,iEVDMER,0.021
200909,iEVDMER,0.0072
200910,iEVDMER,0.0024
200911,iEVDMER,0.0036
200912,iEVDMER,0.022
201001,iEVDMER,0.0072
201002,iEVDMER,0.0075
201003,iEVDMER,0.0352
201004,iEVDMER,0.0161
201005,iEVDMER,-0.0329
201006,iEVDMER,-0.0158
201007,iEVDMER,0.0337
201008,iEVDMER,-0.0038
201009,iEVDMER,0.0345
201010,iEVDMER,0.0281
201011,iEVDMER,-0.0123
201012,iEVDMER,0.0442
201101,iEVDMER,0.0208
201102,iEVDMER,0.0149
201103,iEVDMER,0.0051
201104,iEVDMER,0.0232
201105,iEVDMER,0.0016
201106,iEVDMER,-0.0269
201107,iEVDMER,-0.0246
201108,iEVDMER,-0.0356
201109,iEVDMER,-0.0564
201110,iEVDMER,0.0257
201111,iEVDMER,0.0012
201112,iEVDMER,-0.0024
201201,iEVDMER,0.0176
201202,iEVDMER,0.024
201203,iEVDMER,0.0051
201204,iEVDMER,-0.0034
201205,iEVDMER,-0.0006
201206,iEVDMER,-0.011
201207,iEVDMER,0.0044
201208,iEVDMER,0.0065
201209,iEVDMER,-0.0026
201210,iEVDMER,-0.0067
201211,iEVDMER,0.0088
201212,iEVDMER,0.0216
201301,iEVDMER,0.008
201302,iEVDMER,0.0127
201303,iEVDMER,0.0139
201304,iEVDMER,0.0083
201305,iEVDMER,0.0064
201306,iEVDMER,-0.004
201307,iEVDMER,0.0122
201308,iEVDMER,0.0063
201309,iEVDMER,0.0174
201310,iEVDMER,0.0086
201311,iEVDMER,0.01
201312,iEVDMER,0.0123
201401,iEVDMER,0.0088
201402,iEVDMER,0.0154
201403,iEVDMER,-0.0102
201404,iEVDMER,0.0106
201405,iEVDMER,0.0074
201406,iEVDMER,0.0179
201407,iEVDMER,-0.0014
201408,iEVDMER,0.0055
201409,iEVDMER,-0.0012
201410,iEVDMER,-0.0388
201411,iEVDMER,0.0147
201412,iEVDMER,0.0073
201501,iEVDMER,0.0034
201502,iEVDMER,0.0234
201503,iEVDMER,0.013
201504,iEVDMER,0.0119
201505,iEVDMER,0.0236
201506,iEVDMER,-0.0122
201507,iEVDMER,0.0018
201508,iEVDMER,-0.0116
201509,iEVDMER,-0.0178
201510,iEVDMER,0.0141
201511,iEVDMER,0.0077
201512,iEVDMER,0.019
201601,iEVDMER,-0.0005
201602,iEVDMER,0.0012
201603,iEVDMER,-0.0068
201604,iEVDMER,-0.0305
201605,iEVDMER,0.016
201606,iEVDMER,-0.0101
201607,iEVDMER,0.0115
201608,iEVDMER,0.017
201609,iEVDMER,0.0047
201610,iEVDMER,-0.0231
201611,iEVDMER,0.0161
201612,iEVDMER,0.0117
201701,iEVDMER,-0.0038
201702,iEVDMER,0.0176
201703,iEVDMER,-0.0019
201704,iEVDMER,0.0215
201705,iEVDMER,0.0042
201706,iEVDMER,0.0107
201707,iEVDMER,0.0094
201708,iEVDMER,-0.0156
201709,iEVDMER,-0.0027
201710,iEVDMER,-0.0031
201711,iEVDMER,-0.0262
201712,iEVDMER,0.0211
201801,iEVDMER,0.0092
201802,iEVDMER,-0.0035
201803,iEVDMER,-0.0227
201804,iEVDMER,0.0025
201805,iEVDMER,0.0174
201806,iEVDMER,0.0282
201807,iEVDMER,-0.015
201808,iEVDMER,0.0083
201809,iEVDMER,0.0063
201810,iEVDMER,-0.0116
201811,iEVDMER,0.0235
201812,iEVDMER,-0.0095
201901,iEVDMER,0.0335
201902,iEVDMER,0.0012
201903,iEVDMER,0.0075
201904,iEVDMER,0.0086
201905,iEVDMER,-0.0066
201906,iEVDMER,0.0034
201907,iEVDMER,0.0078
201908,iEVDMER,0.0028
201909,iEVDMER,0.0064
201910,iEVDMER,0.0081
201911,iEVDMER,0.0079
201912,iEVDMER,0.0174
202001,iEVDMER,-0.0025
202002,iEVDMER,-0.0056
202003,iEVDMER,-0.105
202004,iEVDMER,0.0645
202005,iEVDMER,0.0033
202006,iEVDMER,0.0117
202007,iEVDMER,0.0
202008,iEVDMER,0.0044
202009,iEVDMER,0.0085
202010,iEVDMER,0.0092
202011,iEVDMER,0.0458
202012,iEVDMER,0.0328
202101,iEVDMER,0.0288
202102,iEVDMER,0.0168
202103,iEVDMER,-0.0152
202104,iEVDMER,0.0267
202105,iEVDMER,0.0049
202106,iEVDMER,-0.0056
202107,iEVDMER,-0.0206
202108,iEVDMER,0.0109
202109,iEVDMER,0.0086
202110,iEVDMER,0.0199
202111,iEVDMER,0.0052
202112,iEVDMER,0.0063
202201,iEVDMER,-0.0054
202202,iEVDMER,0.0103
202203,iEVDMER,0.0054
202204,iEVDMER,-0.0077
202205,iEVDMER,-0.0254
202206,iEVDMER,-0.0137
202207,iEVDMER,0.0174
202208,iEVDMER,0.0105
202209,iEVDMER,-0.0057
202210,iEVDMER,0.0267
202211,iEVDMER,-0.0045
202212,iEVDMER,0.0097
202301,iEVDMER,-0.0038
202302,iEVDMER,-0.0074
202303,iEVDMER,-0.0038
202304,iEVDMER,-0.0006
202305,iEVDMER,-0.0311
202306,iEVDMER,0.0143
202307,iEVDMER,0.0015
202308,iEVDMER,0.0186
202309,iEVDMER,0.0122
202310,iEVDMER,-0.011
202311,iEVDMER,0.0201
202312,iEVDMER,0.0292
202401,iEVDMER,-0.0077
202402,iEVDMER,0.0026
202403,iEVDMER,0.0144
202404,iEVDMER,-0.0064
202405,iEVDMER,0.0045
202406,iEVDMER,0.0049
202407,iEVDMER,0.0174
202408,iEVDMER,0.0049
202409,iEVDMER,0.0059
202410,iEVDMER,-0.0068
202411,iEVDMER,0.0169
202412,iEVDMER,0.0032
202501,iEVDMER,0.001
202502,iEVDMER,0.0037
202503,iEVDMER,-0.0035
202504,iEVDMER,0.009
202505,iEVDMER,0.0172
202506,iEVDMER,0.0154
202507,iEVDMER,0.015
202508,iEVDMER,0.0111
202509,iEVDMER,0.0055
202510,iEVDMER,0.0037
202511,iEVDMER,0.0116
202512,iEVDMER,0.0082
202601,iEVDMER,0.0069
202602,iEVDMER,0.0062
202603,iEVDMER,-0.0084
202604,iEVDMER,0.0308
199801,iEVDMEV,0.0173
199802,iEVDMEV,0.0463
199803,iEVDMEV,0.0428
199804,iEVDMEV,0.0048
199805,iEVDMEV,-0.0179
199806,iEVDMEV,-0.0047
199807,iEVDMEV,-0.0045
199808,iEVDMEV,-0.0611
199809,iEVDMEV,-0.012
199810,iEVDMEV,0.0132
199811,iEVDMEV,0.0314
199812,iEVDMEV,0.0356
199901,iEVDMEV,0.0184
199902,iEVDMEV,-0.0121
199903,iEVDMEV,0.0149
199904,iEVDMEV,0.0503
199905,iEVDMEV,0.0339
199906,iEVDMEV,0.0451
199907,iEVDMEV,0.0095
199908,iEVDMEV,-0.019
199909,iEVDMEV,-0.0022
199910,iEVDMEV,-0.0117
199911,iEVDMEV,0.0379
199912,iEVDMEV,0.0516
200001,iEVDMEV,0.0192
200002,iEVDMEV,0.0658
200003,iEVDMEV,0.0114
200004,iEVDMEV,-0.0129
200005,iEVDMEV,-0.0182
200006,iEVDMEV,0.0135
200007,iEVDMEV,0.0202
200008,iEVDMEV,0.0122
200009,iEVDMEV,0.0088
200010,iEVDMEV,0.0072
200011,iEVDMEV,-0.0045
200012,iEVDMEV,0.003
200101,iEVDMEV,0.032
200102,iEVDMEV,0.0212
200103,iEVDMEV,0.0049
200104,iEVDMEV,0.0058
200105,iEVDMEV,0.0268
200106,iEVDMEV,0.0087
200107,iEVDMEV,0.0103
200108,iEVDMEV,0.0107
200109,iEVDMEV,-0.0236
200110,iEVDMEV,0.0057
200111,iEVDMEV,0.0207
200112,iEVDMEV,0.0147
200201,iEVDMEV,0.0139
200202,iEVDMEV,-0.0026
200203,iEVDMEV,0.0204
200204,iEVDMEV,0.0113
200205,iEVDMEV,0.0044
200206,iEVDMEV,-0.0247
200207,iEVDMEV,-0.0324
200208,iEVDMEV,-0.0057
200209,iEVDMEV,0.0026
200210,iEVDMEV,-0.0111
200211,iEVDMEV,0.021
200212,iEVDMEV,0.0074
200301,iEVDMEV,0.0276
200302,iEVDMEV,0.0042
200303,iEVDMEV,0.0096
200304,iEVDMEV,0.034
200305,iEVDMEV,0.0433
200306,iEVDMEV,0.0273
200307,iEVDMEV,0.0172
200308,iEVDMEV,0.0176
200309,iEVDMEV,0.0151
200310,iEVDMEV,0.0332
200311,iEVDMEV,0.0212
200312,iEVDMEV,0.0366
200401,iEVDMEV,0.0325
200402,iEVDMEV,0.0172
200403,iEVDMEV,0.0035
200404,iEVDMEV,0.0004
200405,iEVDMEV,-0.0035
200406,iEVDMEV,0.0244
200407,iEVDMEV,-0.005
200408,iEVDMEV,0.0056
200409,iEVDMEV,0.0198
200410,iEVDMEV,0.0166
200411,iEVDMEV,0.0511
200412,iEVDMEV,0.0287
200501,iEVDMEV,0.001
200502,iEVDMEV,0.0269
200503,iEVDMEV,0.0005
200504,iEVDMEV,-0.0203
200505,iEVDMEV,0.0041
200506,iEVDMEV,0.0174
200507,iEVDMEV,0.0296
200508,iEVDMEV,0.0094
200509,iEVDMEV,0.0053
200510,iEVDMEV,-0.0347
200511,iEVDMEV,0.0183
200512,iEVDMEV,0.0157
200601,iEVDMEV,0.032
200602,iEVDMEV,0.0063
200603,iEVDMEV,0.0223
200604,iEVDMEV,0.0155
200605,iEVDMEV,-0.0047
200606,iEVDMEV,-0.0014
200607,iEVDMEV,-0.0003
200608,iEVDMEV,0.009
200609,iEVDMEV,0.0042
200610,iEVDMEV,0.0186
200611,iEVDMEV,0.0233
200612,iEVDMEV,0.0173
200701,iEVDMEV,0.029
200702,iEVDMEV,0.0156
200703,iEVDMEV,0.025
200704,iEVDMEV,0.0249
200705,iEVDMEV,0.0291
200706,iEVDMEV,0.0014
200707,iEVDMEV,0.0118
200708,iEVDMEV,-0.0171
200709,iEVDMEV,0.0186
200710,iEVDMEV,0.0311
200711,iEVDMEV,-0.0091
200712,iEVDMEV,0.0048
200801,iEVDMEV,-0.0269
200802,iEVDMEV,0.0192
200803,iEVDMEV,-0.0168
200804,iEVDMEV,0.0107
200805,iEVDMEV,0.0241
200806,iEVDMEV,-0.0095
200807,iEVDMEV,-0.0268
200808,iEVDMEV,-0.0064
200809,iEVDMEV,-0.0799
200810,iEVDMEV,-0.0661
200811,iEVDMEV,-0.0401
200812,iEVDMEV,-0.0162
200901,iEVDMEV,0.025
200902,iEVDMEV,-0.0059
200903,iEVDMEV,0.0096
200904,iEVDMEV,0.0413
200905,iEVDMEV,0.0514
200906,iEVDMEV,0.025
200907,iEVDMEV,0.0376
200908,iEVDMEV,0.0348
200909,iEVDMEV,0.0366
200910,iEVDMEV,0.0116
200911,iEVDMEV,0.018
200912,iEVDMEV,0.0324
201001,iEVDMEV,0.0209
201002,iEVDMEV,0.0073
201003,iEVDMEV,0.0272
201004,iEVDMEV,0.0178
201005,iEVDMEV,-0.0262
201006,iEVDMEV,-0.0125
201007,iEVDMEV,0.015
201008,iEVDMEV,0.0023
201009,iEVDMEV,0.0222
201010,iEVDMEV,0.0188
201011,iEVDMEV,-0.0006
201012,iEVDMEV,0.0264
201101,iEVDMEV,0.0155
201102,iEVDMEV,0.0152
201103,iEVDMEV,0.004
201104,iEVDMEV,0.0104
201105,iEVDMEV,-0.0062
201106,iEVDMEV,-0.0169
201107,iEVDMEV,-0.0089
201108,iEVDMEV,-0.0511
201109,iEVDMEV,-0.0432
201110,iEVDMEV,0.0384
201111,iEVDMEV,-0.0079
201112,iEVDMEV,-0.0028
201201,iEVDMEV,0.0383
201202,iEVDMEV,0.024
201203,iEVDMEV,0.0134
201204,iEVDMEV,-0.003
201205,iEVDMEV,-0.0289
201206,iEVDMEV,0.0043
201207,iEVDMEV,0.004
201208,iEVDMEV,0.016
201209,iEVDMEV,0.0124
201210,iEVDMEV,0.0062
201211,iEVDMEV,0.0087
201212,iEVDMEV,0.0248
201301,iEVDMEV,0.0252
201302,iEVDMEV,0.0052
201303,iEVDMEV,0.017
201304,iEVDMEV,0.0118
201305,iEVDMEV,0.0218
201306,iEVDMEV,-0.0081
201307,iEVDMEV,0.018
201308,iEVDMEV,-0.0012
201309,iEVDMEV,0.022
201310,iEVDMEV,0.0213
201311,iEVDMEV,0.0195
201312,iEVDMEV,0.0168
201401,iEVDMEV,0.0072
201402,iEVDMEV,0.0277
201403,iEVDMEV,0.0016
201404,iEVDMEV,-0.0003
201405,iEVDMEV,0.0101
201406,iEVDMEV,0.0174
201407,iEVDMEV,-0.0104
201408,iEVDMEV,0.0061
201409,iEVDMEV,-0.0106
201410,iEVDMEV,-0.0143
201411,iEVDMEV,0.0094
201412,iEVDMEV,-0.004
201501,iEVDMEV,-0.0087
201502,iEVDMEV,0.031
201503,iEVDMEV,0.0075
201504,iEVDMEV,0.0081
201505,iEVDMEV,0.0113
201506,iEVDMEV,-0.015
201507,iEVDMEV,-0.0077
201508,iEVDMEV,-0.0195
201509,iEVDMEV,-0.0296
201510,iEVDMEV,0.0164
201511,iEVDMEV,-0.0027
201512,iEVDMEV,-0.0128
201601,iEVDMEV,-0.0319
201602,iEVDMEV,-0.0062
201603,iEVDMEV,0.0188
201604,iEVDMEV,0.0143
201605,iEVDMEV,0.0133
201606,iEVDMEV,-0.0136
201607,iEVDMEV,0.0214
201608,iEVDMEV,0.018
201609,iEVDMEV,0.0058
201610,iEVDMEV,-0.0033
201611,iEVDMEV,0.0113
201612,iEVDMEV,0.0158
201701,iEVDMEV,0.0177
201702,iEVDMEV,0.0119
201703,iEVDMEV,0.0058
201704,iEVDMEV,0.0132
201705,iEVDMEV,0.0049
201706,iEVDMEV,0.0059
201707,iEVDMEV,0.012
201708,iEVDMEV,0.0005
201709,iEVDMEV,0.0076
201710,iEVDMEV,0.0098
201711,iEVDMEV,-0.0033
201712,iEVDMEV,0.0174
201801,iEVDMEV,0.0156
201802,iEVDMEV,-0.006
201803,iEVDMEV,-0.0102
201804,iEVDMEV,0.0005
201805,iEVDMEV,0.0102
201806,iEVDMEV,0.0075
201807,iEVDMEV,0.0015
201808,iEVDMEV,0.0004
201809,iEVDMEV,-0.0019
201810,iEVDMEV,-0.0157
201811,iEVDMEV,-0.0088
201812,iEVDMEV,-0.0243
201901,iEVDMEV,0.0351
201902,iEVDMEV,0.0159
201903,iEVDMEV,0.0033
201904,iEVDMEV,0.0157
201905,iEVDMEV,-0.0133
201906,iEVDMEV,0.0121
201907,iEVDMEV,0.0016
201908,iEVDMEV,-0.0094
201909,iEVDMEV,-0.0049
201910,iEVDMEV,0.0079
201911,iEVDMEV,0.0098
201912,iEVDMEV,0.0196
202001,iEVDMEV,-0.0016
202002,iEVDMEV,-0.0191
202003,iEVDMEV,-0.1
202004,iEVDMEV,0.0496
202005,iEVDMEV,0.0314
202006,iEVDMEV,0.0185
202007,iEVDMEV,0.0182
202008,iEVDMEV,0.0282
202009,iEVDMEV,0.0009
202010,iEVDMEV,0.0042
202011,iEVDMEV,0.0731
202012,iEVDMEV,0.0676
202101,iEVDMEV,0.0126
202102,iEVDMEV,0.0439
202103,iEVDMEV,0.0055
202104,iEVDMEV,0.0277
202105,iEVDMEV,0.0116
202106,iEVDMEV,0.0004
202107,iEVDMEV,-0.0164
202108,iEVDMEV,0.0108
202109,iEVDMEV,0.0053
202110,iEVDMEV,0.0123
202111,iEVDMEV,-0.0202
202112,iEVDMEV,0.0117
202201,iEVDMEV,-0.0199
202202,iEVDMEV,0.0042
202203,iEVDMEV,0.0008
202204,iEVDMEV,-0.0044
202205,iEVDMEV,-0.0171
202206,iEVDMEV,-0.0412
202207,iEVDMEV,0.0099
202208,iEVDMEV,0.009
202209,iEVDMEV,-0.0266
202210,iEVDMEV,0.0094
202211,iEVDMEV,0.0126
202212,iEVDMEV,0.0039
202301,iEVDMEV,0.0312
202302,iEVDMEV,-0.0015
202303,iEVDMEV,-0.0125
202304,iEVDMEV,0.0011
202305,iEVDMEV,-0.0169
202306,iEVDMEV,0.024
202307,iEVDMEV,0.0206
202308,iEVDMEV,-0.0017
202309,iEVDMEV,-0.0084
202310,iEVDMEV,-0.0248
202311,iEVDMEV,0.0292
202312,iEVDMEV,0.0328
202401,iEVDMEV,-0.0002
202402,iEVDMEV,0.0152
202403,iEVDMEV,0.0221
202404,iEVDMEV,-0.0092
202405,iEVDMEV,0.0167
202406,iEVDMEV,0.0011
202407,iEVDMEV,0.0165
202408,iEVDMEV,0.0087
202409,iEVDMEV,0.0147
202410,iEVDMEV,0.0028
202411,iEVDMEV,0.0323
202412,iEVDMEV,-0.0085
202501,iEVDMEV,0.0166
202502,iEVDMEV,0.0005
202503,iEVDMEV,-0.0269
202504,iEVDMEV,0.0038
202505,iEVDMEV,0.0345
202506,iEVDMEV,0.0295
202507,iEVDMEV,0.0181
202508,iEVDMEV,0.0158
202509,iEVDMEV,0.0184
202510,iEVDMEV,0.0138
202511,iEVDMEV,-0.0036
202512,iEVDMEV,0.0125
202601,iEVDMEV,0.0176
202602,iEVDMEV,0.0103
202603,iEVDMEV,-0.0299
202604,iEVDMEV,0.0551
199801,iGBM,0.0328
199802,iGBM,0.048
199803,iGBM,0.0392
199804,iGBM,0.0068
199805,iGBM,0.0028
199806,iGBM,0.0018
199807,iGBM,-0.0093
199808,iGBM,0.0463
199809,iGBM,0.0396
199810,iGBM,0.0415
199811,iGBM,-0.0049
199812,iGBM,0.0416
199901,iGBM,0.0007
199902,iGBM,0.0452
199903,iGBM,-0.015
199904,iGBM,0.0235
199905,iGBM,0.0059
199906,iGBM,0.0172
199907,iGBM,-0.002
199908,iGBM,-0.0041
199909,iGBM,-0.0002
199910,iGBM,-0.0281
199911,iGBM,0.0142
199912,iGBM,-0.0041
200001,iGBM,0.0148
200002,iGBM,0.0146
200003,iGBM,-0.0279
200004,iGBM,-0.0271
200005,iGBM,0.037
200006,iGBM,0.0043
200007,iGBM,0.0034
200008,iGBM,-0.0095
200009,iGBM,-0.0414
200010,iGBM,-0.0348
200011,iGBM,0.0447
200012,iGBM,0.0688
200101,iGBM,0.0063
200102,iGBM,0.032
200103,iGBM,0.04
200104,iGBM,-0.0334
200105,iGBM,0.0022
200106,iGBM,0.0191
200107,iGBM,0.0029
200108,iGBM,0.0427
200109,iGBM,0.0435
200110,iGBM,0.0506
200111,iGBM,-0.0502
200112,iGBM,0.0044
200201,iGBM,-0.0092
200202,iGBM,0.0029
200203,iGBM,0.0127
200204,iGBM,0.0148
200205,iGBM,0.0431
200206,iGBM,0.0651
200207,iGBM,0.0151
200208,iGBM,0.0275
200209,iGBM,0.0149
200210,iGBM,-0.0065
200211,iGBM,-0.0108
200212,iGBM,0.0389
200301,iGBM,0.0425
200302,iGBM,0.0336
200303,iGBM,-0.0271
200304,iGBM,0.0159
200305,iGBM,0.0537
200306,iGBM,-0.009
200307,iGBM,-0.0234
200308,iGBM,0.0128
200309,iGBM,0.0044
200310,iGBM,0.0365
200311,iGBM,0.0042
200312,iGBM,0.0372
200401,iGBM,0.0084
200402,iGBM,0.0277
200403,iGBM,0.0167
200404,iGBM,-0.0348
200405,iGBM,-0.0054
200406,iGBM,-0.0053
200407,iGBM,-0.006
200408,iGBM,-0.0088
200409,iGBM,0.0111
200410,iGBM,0.0208
200411,iGBM,0.0396
200412,iGBM,0.0074
200501,iGBM,0.0009
200502,iGBM,0.0106
200503,iGBM,-0.0053
200504,iGBM,-0.0018
200505,iGBM,0.0098
200506,iGBM,0.0188
200507,iGBM,-0.0029
200508,iGBM,-0.0082
200509,iGBM,0.022
200510,iGBM,-0.004
200511,iGBM,0.0174
200512,iGBM,0.0065
200601,iGBM,0.0185
200602,iGBM,0.0065
200603,iGBM,0.0124
200604,iGBM,0.0291
200605,iGBM,-0.0126
200606,iGBM,-0.0075
200607,iGBM,-0.0083
200608,iGBM,-0.0028
200609,iGBM,-0.0032
200610,iGBM,0.0092
200611,iGBM,0.0169
200612,iGBM,0.0186
200701,iGBM,0.0098
200702,iGBM,-0.0046
200703,iGBM,-0.0014
200704,iGBM,0.0265
200705,iGBM,0.0293
200706,iGBM,0.0206
200707,iGBM,-0.0215
200708,iGBM,-0.044
200709,iGBM,0.0319
200710,iGBM,0.039
200711,iGBM,-0.0038
200712,iGBM,0.0035
200801,iGBM,0.0152
200802,iGBM,0.0311
200803,iGBM,0.0025
200804,iGBM,-0.0179
200805,iGBM,0.0162
200806,iGBM,0.0187
200807,iGBM,-0.0227
200808,iGBM,-0.0056
200809,iGBM,-0.0247
200810,iGBM,0.0024
200811,iGBM,0.0173
200812,iGBM,0.0173
200901,iGBM,0.0125
200902,iGBM,-0.0013
200903,iGBM,0.0062
200904,iGBM,0.0095
200905,iGBM,0.0328
200906,iGBM,-0.0094
200907,iGBM,0.0291
200908,iGBM,0.0172
200909,iGBM,0.0318
200910,iGBM,-0.0014
200911,iGBM,0.0346
200912,iGBM,-0.0108
201001,iGBM,-0.0057
201002,iGBM,0.0117
201003,iGBM,0.0209
201004,iGBM,0.0185
201005,iGBM,-0.0074
201006,iGBM,0.0094
201007,iGBM,0.0032
201008,iGBM,0.0211
201009,iGBM,0.0278
201010,iGBM,0.0238
201011,iGBM,-0.0078
201012,iGBM,0.0312
201101,iGBM,0.0017
201102,iGBM,0.0094
201103,iGBM,-0.0021
201104,iGBM,0.0338
201105,iGBM,-0.0158
201106,iGBM,-0.0085
201107,iGBM,0.0197
201108,iGBM,-0.0036
201109,iGBM,-0.0019
201110,iGBM,-0.0041
201111,iGBM,0.0021
201112,iGBM,0.0111
201201,iGBM,0.014
201202,iGBM,0.0185
201203,iGBM,-0.0021
201204,iGBM,0.0015
201205,iGBM,-0.0024
201206,iGBM,-0.012
201207,iGBM,0.0328
201208,iGBM,0.0036
201209,iGBM,-0.0024
201210,iGBM,-0.0108
201211,iGBM,0.0078
201212,iGBM,0.0199
201301,iGBM,0.0232
201302,iGBM,0.0019
201303,iGBM,0.01
201304,iGBM,0.0231
201305,iGBM,-0.0027
201306,iGBM,-0.0198
201307,iGBM,0.0046
201308,iGBM,-0.0127
201309,iGBM,0.0093
201310,iGBM,0.0195
201311,iGBM,0.015
201312,iGBM,0.0064
201401,iGBM,-0.0089
201402,iGBM,0.0089
201403,iGBM,-0.0019
201404,iGBM,0.003
201405,iGBM,0.013
201406,iGBM,0.0037
201407,iGBM,-0.0074
201408,iGBM,0.0236
201409,iGBM,0.0165
201410,iGBM,0.0022
201411,iGBM,0.0285
201412,iGBM,0.0103
201501,iGBM,0.0343
201502,iGBM,0.0031
201503,iGBM,0.0119
201504,iGBM,-0.0152
201505,iGBM,0.0063
201506,iGBM,-0.0244
201507,iGBM,0.0192
201508,iGBM,-0.0145
201509,iGBM,0.0052
201510,iGBM,-0.0048
201511,iGBM,0.0141
201512,iGBM,-0.0106
201601,iGBM,0.014
201602,iGBM,0.0068
201603,iGBM,-0.0081
201604,iGBM,0.0006
201605,iGBM,-0.0027
201606,iGBM,0.0159
201607,iGBM,0.0049
201608,iGBM,-0.0039
201609,iGBM,-0.0012
201610,iGBM,0.0045
201611,iGBM,0.0066
201612,iGBM,0.0127
201701,iGBM,-0.0057
201702,iGBM,0.0066
201703,iGBM,-0.0031
201704,iGBM,-0.0018
201705,iGBM,-0.0044
201706,iGBM,-0.0122
201707,iGBM,0.0066
201708,iGBM,0.01
201709,iGBM,-0.0015
201710,iGBM,0.0153
201711,iGBM,-0.0034
201712,iGBM,0.0032
201801,iGBM,0.0246
201802,iGBM,-0.0217
201803,iGBM,-0.0012
201804,iGBM,0.0037
201805,iGBM,-0.0048
201806,iGBM,0.0009
201807,iGBM,-0.0055
201808,iGBM,-0.0033
201809,iGBM,0.0067
201810,iGBM,-0.0056
201811,iGBM,-0.0128
201812,iGBM,-0.0001
201901,iGBM,0.0108
201902,iGBM,0.0005
201903,iGBM,0.0079
201904,iGBM,0.0108
201905,iGBM,-0.0063
201906,iGBM,0.0182
201907,iGBM,0.007
201908,iGBM,0.0019
201909,iGBM,0.0004
201910,iGBM,-0.0009
201911,iGBM,-0.0021
201912,iGBM,0.0063
202001,iGBM,0.0027
202002,iGBM,-0.0082
202003,iGBM,-0.0402
202004,iGBM,0.0145
202005,iGBM,0.0105
202006,iGBM,0.0048
202007,iGBM,0.0226
202008,iGBM,0.0057
202009,iGBM,-0.0085
202010,iGBM,-0.0072
202011,iGBM,0.0208
202012,iGBM,0.0321
202101,iGBM,0.0034
202102,iGBM,0.01
202103,iGBM,0.0118
202104,iGBM,0.0112
202105,iGBM,0.0154
202106,iGBM,-0.0093
202107,iGBM,-0.0076
202108,iGBM,0.0016
202109,iGBM,0.0038
202110,iGBM,-0.0047
202111,iGBM,-0.0086
202112,iGBM,0.0161
202201,iGBM,0.0253
202202,iGBM,0.0071
202203,iGBM,0.0255
202204,iGBM,0.0324
202205,iGBM,-0.0006
202206,iGBM,-0.0033
202207,iGBM,-0.0032
202208,iGBM,0.0174
202209,iGBM,0.0155
202210,iGBM,0.005
202211,iGBM,-0.0158
202212,iGBM,0.005
202301,iGBM,0.0024
202302,iGBM,0.0102
202303,iGBM,-0.0242
202304,iGBM,0.0026
202305,iGBM,-0.0078
202306,iGBM,0.0116
202307,iGBM,0.0039
202308,iGBM,0.0054
202309,iGBM,0.0164
202310,iGBM,0.0014
202311,iGBM,-0.0084
202312,iGBM,-0.0017
202401,iGBM,0.0144
202402,iGBM,0.0078
202403,iGBM,0.0229
202404,iGBM,0.0067
202405,iGBM,-0.0054
202406,iGBM,-0.0054
202407,iGBM,0.0007
202408,iGBM,-0.0135
202409,iGBM,0.0075
202410,iGBM,0.0002
202411,iGBM,0.0113
202412,iGBM,0.0153
202501,iGBM,0.0178
202502,iGBM,0.0015
202503,iGBM,0.0094
202504,iGBM,-0.0042
202505,iGBM,0.0025
202506,iGBM,0.01
202507,iGBM,0.0015
202508,iGBM,0.0117
202509,iGBM,0.0196
202510,iGBM,0.0082
202511,iGBM,0.0042
202512,iGBM,0.012
202601,iGBM,0.032
202602,iGBM,0.0177
202603,iGBM,-0.0243
202604,iGBM,0.0175
200601,iGBMCOM,0.067
200602,iGBMCOM,-0.0103
200603,iGBMCOM,0.0512
200604,iGBMCOM,0.0201
200605,iGBMCOM,0.031
200606,iGBMCOM,0.0092
200607,iGBMCOM,-0.0127
200608,iGBMCOM,-0.0052
200609,iGBMCOM,0.0141
200610,iGBMCOM,0.0513
200611,iGBMCOM,0.0458
200612,iGBMCOM,0.0414
200701,iGBMCOM,0.0052
200702,iGBMCOM,0.019
200703,iGBMCOM,0.0676
200704,iGBMCOM,0.026
200705,iGBMCOM,0.0332
200706,iGBMCOM,0.0038
200707,iGBMCOM,0.0011
200708,iGBMCOM,-0.0442
200709,iGBMCOM,0.032
200710,iGBMCOM,-0.0026
200711,iGBMCOM,-0.0017
200712,iGBMCOM,0.0522
200801,iGBMCOM,0.037
200802,iGBMCOM,0.0974
200803,iGBMCOM,-0.0809
200804,iGBMCOM,0.0274
200805,iGBMCOM,0.0072
200806,iGBMCOM,0.0354
200807,iGBMCOM,-0.1264
200808,iGBMCOM,-0.0136
200809,iGBMCOM,0.0062
200810,iGBMCOM,0.079
200811,iGBMCOM,-0.0035
200812,iGBMCOM,0.0184
200901,iGBMCOM,0.0602
200902,iGBMCOM,0.0466
200903,iGBMCOM,0.0104
200904,iGBMCOM,0.0346
200905,iGBMCOM,0.0237
200906,iGBMCOM,0.0025
200907,iGBMCOM,0.0293
200908,iGBMCOM,0.0112
200909,iGBMCOM,0.0105
200910,iGBMCOM,0.0056
200911,iGBMCOM,0.0388
200912,iGBMCOM,0.0242
201001,iGBMCOM,-0.0014
201002,iGBMCOM,0.0222
201003,iGBMCOM,-0.0235
201004,iGBMCOM,0.0161
201005,iGBMCOM,-0.0056
201006,iGBMCOM,0.0306
201007,iGBMCOM,0.0283
201008,iGBMCOM,-0.0247
201009,iGBMCOM,0.0368
201010,iGBMCOM,0.0484
201011,iGBMCOM,0.0083
201012,iGBMCOM,0.0697
201101,iGBMCOM,0.0136
201102,iGBMCOM,-0.0012
201103,iGBMCOM,0.0056
201104,iGBMCOM,0.0109
201105,iGBMCOM,0.0081
201106,iGBMCOM,-0.0211
201107,iGBMCOM,0.0126
201108,iGBMCOM,-0.0098
201109,iGBMCOM,-0.0296
201110,iGBMCOM,0.0261
201111,iGBMCOM,0.0216
201112,iGBMCOM,0.0543
201201,iGBMCOM,0.0129
201202,iGBMCOM,0.0216
201203,iGBMCOM,0.0194
201204,iGBMCOM,0.0088
201205,iGBMCOM,-0.032
201206,iGBMCOM,0.0077
201207,iGBMCOM,0.0343
201208,iGBMCOM,0.0069
201209,iGBMCOM,-0.0043
201210,iGBMCOM,-0.0134
201211,iGBMCOM,0.0017
201212,iGBMCOM,0.0418
201301,iGBMCOM,0.0104
201302,iGBMCOM,0.0182
201303,iGBMCOM,0.0205
201304,iGBMCOM,0.0143
201305,iGBMCOM,0.0164
201306,iGBMCOM,0.0007
201307,iGBMCOM,-0.001
201308,iGBMCOM,0.0021
201309,iGBMCOM,-0.0051
201310,iGBMCOM,0.0104
201311,iGBMCOM,0.0078
201312,iGBMCOM,0.0115
201401,iGBMCOM,0.0285
201402,iGBMCOM,0.04
201403,iGBMCOM,0.0007
201404,iGBMCOM,0.0045
201405,iGBMCOM,-0.0008
201406,iGBMCOM,0.0093
201407,iGBMCOM,-0.0103
201408,iGBMCOM,0.0101
201409,iGBMCOM,0.0146
201410,iGBMCOM,0.0063
201411,iGBMCOM,-0.003
201412,iGBMCOM,0.0414
201501,iGBMCOM,0.034
201502,iGBMCOM,-0.0083
201503,iGBMCOM,-0.003
201504,iGBMCOM,0.0014
201505,iGBMCOM,0.001
201506,iGBMCOM,-0.0025
201507,iGBMCOM,-0.0118
201508,iGBMCOM,-0.0094
201509,iGBMCOM,-0.0113
201510,iGBMCOM,0.0098
201511,iGBMCOM,-0.0042
201512,iGBMCOM,-0.0049
201601,iGBMCOM,-0.0052
201602,iGBMCOM,0.016
201603,iGBMCOM,0.0129
201604,iGBMCOM,0.0349
201605,iGBMCOM,0.0011
201606,iGBMCOM,0.0098
201607,iGBMCOM,-0.0196
201608,iGBMCOM,0.013
201609,iGBMCOM,0.0202
201610,iGBMCOM,0.0063
201611,iGBMCOM,-0.0046
201612,iGBMCOM,0.0148
201701,iGBMCOM,-0.0036
201702,iGBMCOM,-0.018
201703,iGBMCOM,0.0026
201704,iGBMCOM,-0.0333
201705,iGBMCOM,-0.0366
201706,iGBMCOM,-0.0087
201707,iGBMCOM,0.0139
201708,iGBMCOM,0.0046
201709,iGBMCOM,0.0067
201710,iGBMCOM,0.0017
201711,iGBMCOM,-0.0086
201712,iGBMCOM,0.0185
201801,iGBMCOM,0.0134
201802,iGBMCOM,-0.0301
201803,iGBMCOM,0.0148
201804,iGBMCOM,0.0288
201805,iGBMCOM,0.0177
201806,iGBMCOM,-0.0073
201807,iGBMCOM,-0.0032
201808,iGBMCOM,0.0212
201809,iGBMCOM,0.0341
201810,iGBMCOM,-0.0142
201811,iGBMCOM,-0.0208
201812,iGBMCOM,0.0253
201901,iGBMCOM,0.0053
201902,iGBMCOM,-0.0071
201903,iGBMCOM,0.0433
201904,iGBMCOM,0.0324
201905,iGBMCOM,-0.0062
201906,iGBMCOM,0.0122
201907,iGBMCOM,0.0095
201908,iGBMCOM,-0.0307
201909,iGBMCOM,0.0118
201910,iGBMCOM,-0.0085
201911,iGBMCOM,0.001
201912,iGBMCOM,0.0361
202001,iGBMCOM,-0.0122
202002,iGBMCOM,0.0019
202003,iGBMCOM,0.1193
202004,iGBMCOM,0.06
202005,iGBMCOM,0.0307
202006,iGBMCOM,-0.0007
202007,iGBMCOM,0.0141
202008,iGBMCOM,0.0168
202009,iGBMCOM,0.0047
202010,iGBMCOM,0.0128
202011,iGBMCOM,0.0137
202012,iGBMCOM,0.0062
202101,iGBMCOM,0.0099
202102,iGBMCOM,0.0325
202103,iGBMCOM,-0.0133
202104,iGBMCOM,0.0492
202105,iGBMCOM,0.0106
202106,iGBMCOM,0.0256
202107,iGBMCOM,0.0082
202108,iGBMCOM,0.0108
202109,iGBMCOM,0.0395
202110,iGBMCOM,0.0379
202111,iGBMCOM,0.0203
202112,iGBMCOM,0.0145
202201,iGBMCOM,0.0269
202202,iGBMCOM,0.0136
202203,iGBMCOM,0.0598
202204,iGBMCOM,0.0408
202205,iGBMCOM,0.0154
202206,iGBMCOM,-0.0202
202207,iGBMCOM,-0.0079
202208,iGBMCOM,-0.0178
202209,iGBMCOM,0.0054
202210,iGBMCOM,0.0216
202211,iGBMCOM,-0.0096
202212,iGBMCOM,0.0236
202301,iGBMCOM,0.0125
202302,iGBMCOM,-0.0023
202303,iGBMCOM,-0.0007
202304,iGBMCOM,-0.0004
202305,iGBMCOM,-0.0282
202306,iGBMCOM,0.0063
202307,iGBMCOM,0.0433
202308,iGBMCOM,-0.0112
202309,iGBMCOM,0.0077
202310,iGBMCOM,-0.0089
202311,iGBMCOM,-0.0031
202312,iGBMCOM,0.0061
202401,iGBMCOM,0.0068
202402,iGBMCOM,-0.0007
202403,iGBMCOM,0.0285
202404,iGBMCOM,0.0247
202405,iGBMCOM,-0.0019
202406,iGBMCOM,-0.0336
202407,iGBMCOM,-0.0134
202408,iGBMCOM,-0.0096
202409,iGBMCOM,-0.0014
202410,iGBMCOM,0.0109
202411,iGBMCOM,-0.0064
202412,iGBMCOM,0.0153
202501,iGBMCOM,-0.0056
202502,iGBMCOM,-0.0039
202503,iGBMCOM,0.002
202504,iGBMCOM,-0.0191
202505,iGBMCOM,0.0063
202506,iGBMCOM,0.0089
202507,iGBMCOM,-0.0057
202508,iGBMCOM,0.0056
202509,iGBMCOM,0.0152
202510,iGBMCOM,0.0075
202511,iGBMCOM,0.0043
202512,iGBMCOM,0.0178
202601,iGBMCOM,-0.0055
202602,iGBMCOM,-0.0017
202603,iGBMCOM,-0.007
202604,iGBMCOM,0.0199
200101,iGBMDSC,0.0608
200102,iGBMDSC,0.0088
200103,iGBMDSC,0.0227
200104,iGBMDSC,0.0036
200105,iGBMDSC,0.0074
200106,iGBMDSC,0.023
200107,iGBMDSC,0.0146
200108,iGBMDSC,0.0207
200109,iGBMDSC,0.007
200110,iGBMDSC,-0.0013
200111,iGBMDSC,0.0066
200112,iGBMDSC,0.0213
200201,iGBMDSC,0.0105
200202,iGBMDSC,0.022
200203,iGBMDSC,0.0108
200204,iGBMDSC,0.0235
200205,iGBMDSC,0.01
200206,iGBMDSC,0.0144
200207,iGBMDSC,0.0194
200208,iGBMDSC,0.0032
200209,iGBMDSC,0.0125
200210,iGBMDSC,0.0062
200211,iGBMDSC,0.0152
200212,iGBMDSC,0.0038
200301,iGBMDSC,0.0144
200302,iGBMDSC,0.0125
200303,iGBMDSC,0.011
200304,iGBMDSC,0.0282
200305,iGBMDSC,0.0662
200306,iGBMDSC,0.0122
200307,iGBMDSC,-0.0089
200308,iGBMDSC,0.0186
200309,iGBMDSC,0.0313
200310,iGBMDSC,0.0183
200311,iGBMDSC,-0.0129
200312,iGBMDSC,0.0404
200401,iGBMDSC,0.0028
200402,iGBMDSC,0.0133
200403,iGBMDSC,0.0239
200404,iGBMDSC,-0.0173
200405,iGBMDSC,-0.0133
200406,iGBMDSC,0.0036
200407,iGBMDSC,-0.0078
200408,iGBMDSC,0.0059
200409,iGBMDSC,0.0155
200410,iGBMDSC,0.0245
200411,iGBMDSC,0.0401
200412,iGBMDSC,0.0205
200501,iGBMDSC,-0.0015
200502,iGBMDSC,0.0274
200503,iGBMDSC,-0.013
200504,iGBMDSC,-0.0002
200505,iGBMDSC,0.0135
200506,iGBMDSC,0.0141
200507,iGBMDSC,0.0193
200508,iGBMDSC,0.0113
200509,iGBMDSC,0.0421
200510,iGBMDSC,-0.0245
200511,iGBMDSC,0.0184
200512,iGBMDSC,0.026
200601,iGBMDSC,0.0458
200602,iGBMDSC,0.0116
200603,iGBMDSC,0.0008
200604,iGBMDSC,0.0278
200605,iGBMDSC,-0.0386
200606,iGBMDSC,-0.0019
200607,iGBMDSC,0.0143
200608,iGBMDSC,0.0001
200609,iGBMDSC,-0.0182
200610,iGBMDSC,0.0174
200611,iGBMDSC,0.02
200612,iGBMDSC,0.0192
200701,iGBMDSC,0.0067
200702,iGBMDSC,0.0096
200703,iGBMDSC,0.013
200704,iGBMDSC,0.0152
200705,iGBMDSC,0.0171
200706,iGBMDSC,0.0274
200707,iGBMDSC,0.0583
200708,iGBMDSC,0.0031
200709,iGBMDSC,0.0356
200710,iGBMDSC,0.0489
200711,iGBMDSC,0.0157
200712,iGBMDSC,0.0141
200801,iGBMDSC,0.0164
200802,iGBMDSC,0.0379
200803,iGBMDSC,-0.0178
200804,iGBMDSC,-0.0002
200805,iGBMDSC,0.0109
200806,iGBMDSC,-0.003
200807,iGBMDSC,-0.0176
200808,iGBMDSC,-0.0107
200809,iGBMDSC,-0.045
200810,iGBMDSC,-0.0379
200811,iGBMDSC,0.0056
200812,iGBMDSC,0.0051
200901,iGBMDSC,0.0312
200902,iGBMDSC,0.0019
200903,iGBMDSC,0.0196
200904,iGBMDSC,0.0299
200905,iGBMDSC,0.0631
200906,iGBMDSC,-0.0015
200907,iGBMDSC,0.0287
200908,iGBMDSC,0.0077
200909,iGBMDSC,0.0344
200910,iGBMDSC,0.0128
200911,iGBMDSC,0.017
200912,iGBMDSC,0.0197
201001,iGBMDSC,0.013
201002,iGBMDSC,0.0073
201003,iGBMDSC,0.0177
201004,iGBMDSC,0.0142
201005,iGBMDSC,-0.0047
201006,iGBMDSC,0.0117
201007,iGBMDSC,-0.0049
201008,iGBMDSC,0.0182
201009,iGBMDSC,0.012
201010,iGBMDSC,0.0082
201011,iGBMDSC,0.0131
201012,iGBMDSC,0.0139
201101,iGBMDSC,-0.018
201102,iGBMDSC,0.0017
201103,iGBMDSC,0.0131
201104,iGBMDSC,0.0216
201105,iGBMDSC,-0.0114
201106,iGBMDSC,-0.0012
201107,iGBMDSC,0.0191
201108,iGBMDSC,0.0069
201109,iGBMDSC,0.0034
201110,iGBMDSC,0.0035
201111,iGBMDSC,0.0098
201112,iGBMDSC,0.0006
201201,iGBMDSC,0.0049
201202,iGBMDSC,0.0093
201203,iGBMDSC,-0.0028
201204,iGBMDSC,-0.0057
201205,iGBMDSC,0.0055
201206,iGBMDSC,-0.0097
201207,iGBMDSC,0.0114
201208,iGBMDSC,0.0089
201209,iGBMDSC,0.0112
201210,iGBMDSC,-0.003
201211,iGBMDSC,0.0134
201212,iGBMDSC,0.0229
201301,iGBMDSC,0.0288
201302,iGBMDSC,0.0
201303,iGBMDSC,0.0077
201304,iGBMDSC,0.0275
201305,iGBMDSC,0.0104
201306,iGBMDSC,-0.0153
201307,iGBMDSC,0.0004
201308,iGBMDSC,-0.0097
201309,iGBMDSC,0.0129
201310,iGBMDSC,0.0113
201311,iGBMDSC,0.0105
201312,iGBMDSC,0.0146
201401,iGBMDSC,-0.0038
201402,iGBMDSC,0.0071
201403,iGBMDSC,-0.0023
201404,iGBMDSC,-0.0048
201405,iGBMDSC,0.0041
201406,iGBMDSC,0.0011
201407,iGBMDSC,0.0037
201408,iGBMDSC,0.0108
201409,iGBMDSC,0.0186
201410,iGBMDSC,-0.0059
201411,iGBMDSC,0.0251
201412,iGBMDSC,0.0027
201501,iGBMDSC,0.0334
201502,iGBMDSC,0.0108
201503,iGBMDSC,0.0111
201504,iGBMDSC,-0.0226
201505,iGBMDSC,0.0122
201506,iGBMDSC,-0.0224
201507,iGBMDSC,0.0165
201508,iGBMDSC,0.0089
201509,iGBMDSC,-0.0076
201510,iGBMDSC,-0.0089
201511,iGBMDSC,0.022
201512,iGBMDSC,-0.0116
201601,iGBMDSC,0.0024
201602,iGBMDSC,-0.012
201603,iGBMDSC,-0.0049
201604,iGBMDSC,0.0122
201605,iGBMDSC,0.0061
201606,iGBMDSC,0.0008
201607,iGBMDSC,0.0029
201608,iGBMDSC,0.008
201609,iGBMDSC,-0.0117
201610,iGBMDSC,0.0202
201611,iGBMDSC,0.0345
201612,iGBMDSC,0.0242
201701,iGBMDSC,-0.0173
201702,iGBMDSC,-0.0095
201703,iGBMDSC,-0.0054
201704,iGBMDSC,-0.0026
201705,iGBMDSC,-0.0073
201706,iGBMDSC,-0.0015
201707,iGBMDSC,0.0055
201708,iGBMDSC,0.0064
201709,iGBMDSC,0.0029
201710,iGBMDSC,-0.0004
201711,iGBMDSC,-0.0099
201712,iGBMDSC,-0.0036
201801,iGBMDSC,0.0208
201802,iGBMDSC,-0.0053
201803,iGBMDSC,-0.0078
201804,iGBMDSC,-0.0057
201805,iGBMDSC,-0.0047
201806,iGBMDSC,0.0006
201807,iGBMDSC,-0.0063
201808,iGBMDSC,-0.0159
201809,iGBMDSC,0.0044
201810,iGBMDSC,0.0066
201811,iGBMDSC,-0.0121
201812,iGBMDSC,-0.0067
201901,iGBMDSC,0.0191
201902,iGBMDSC,-0.004
201903,iGBMDSC,-0.0009
201904,iGBMDSC,0.0017
201905,iGBMDSC,0.0118
201906,iGBMDSC,0.0113
201907,iGBMDSC,0.0036
201908,iGBMDSC,-0.0063
201909,iGBMDSC,0.0041
201910,iGBMDSC,0.0061
201911,iGBMDSC,-0.0202
201912,iGBMDSC,0.0211
202001,iGBMDSC,0.0033
202002,iGBMDSC,0.0056
202003,iGBMDSC,-0.0239
202004,iGBMDSC,0.0274
202005,iGBMDSC,0.0201
202006,iGBMDSC,0.0128
202007,iGBMDSC,0.0313
202008,iGBMDSC,0.01
202009,iGBMDSC,-0.0145
202010,iGBMDSC,-0.0011
202011,iGBMDSC,0.0285
202012,iGBMDSC,0.0364
202101,iGBMDSC,0.0026
202102,iGBMDSC,0.0116
202103,iGBMDSC,0.0021
202104,iGBMDSC,0.0092
202105,iGBMDSC,0.02
202106,iGBMDSC,-0.0181
202107,iGBMDSC,-0.0086
202108,iGBMDSC,0.0046
202109,iGBMDSC,0.0035
202110,iGBMDSC,-0.001
202111,iGBMDSC,-0.007
202112,iGBMDSC,0.009
202201,iGBMDSC,0.0173
202202,iGBMDSC,0.0123
202203,iGBMDSC,0.0372
202204,iGBMDSC,0.0162
202205,iGBMDSC,-0.0058
202206,iGBMDSC,-0.0086
202207,iGBMDSC,-0.0009
202208,iGBMDSC,0.0192
202209,iGBMDSC,0.014
202210,iGBMDSC,-0.0029
202211,iGBMDSC,-0.0058
202212,iGBMDSC,0.0085
202301,iGBMDSC,0.0053
202302,iGBMDSC,-0.0036
202303,iGBMDSC,-0.0299
202304,iGBMDSC,-0.004
202305,iGBMDSC,-0.0077
202306,iGBMDSC,0.0237
202307,iGBMDSC,0.0045
202308,iGBMDSC,-0.0092
202309,iGBMDSC,0.0114
202310,iGBMDSC,0.0038
202311,iGBMDSC,-0.0041
202312,iGBMDSC,0.0165
202401,iGBMDSC,0.0005
202402,iGBMDSC,-0.0056
202403,iGBMDSC,0.022
202404,iGBMDSC,-0.0001
202405,iGBMDSC,0.002
202406,iGBMDSC,-0.006
202407,iGBMDSC,0.0093
202408,iGBMDSC,-0.003
202409,iGBMDSC,0.0136
202410,iGBMDSC,0.0013
202411,iGBMDSC,0.0212
202412,iGBMDSC,0.0047
202501,iGBMDSC,0.0229
202502,iGBMDSC,0.0049
202503,iGBMDSC,0.0149
202504,iGBMDSC,0.0146
202505,iGBMDSC,0.0059
202506,iGBMDSC,0.024
202507,iGBMDSC,-0.0044
202508,iGBMDSC,0.018
202509,iGBMDSC,0.0221
202510,iGBMDSC,0.0145
202511,iGBMDSC,0.0023
202512,iGBMDSC,0.0183
202601,iGBMDSC,0.047
202602,iGBMDSC,0.0148
202603,iGBMDSC,-0.042
202604,iGBMDSC,0.0125
199901,iGBMMMA,-0.0078
199902,iGBMMMA,-0.0124
199903,iGBMMMA,-0.007
199904,iGBMMMA,0.035
199905,iGBMMMA,0.0133
199906,iGBMMMA,0.0347
199907,iGBMMMA,0.0003
199908,iGBMMMA,0.0047
199909,iGBMMMA,0.0349
199910,iGBMMMA,0.0114
199911,iGBMMMA,0.0473
199912,iGBMMMA,0.0596
200001,iGBMMMA,0.0332
200002,iGBMMMA,0.0318
200003,iGBMMMA,0.028
200004,iGBMMMA,0.0269
200005,iGBMMMA,-0.0001
200006,iGBMMMA,0.0056
200007,iGBMMMA,0.0269
200008,iGBMMMA,0.0253
200009,iGBMMMA,0.0208
200010,iGBMMMA,0.0146
200011,iGBMMMA,0.0282
200012,iGBMMMA,0.0301
200101,iGBMMMA,0.0316
200102,iGBMMMA,0.054
200103,iGBMMMA,0.0559
200104,iGBMMMA,-0.0157
200105,iGBMMMA,0.0103
200106,iGBMMMA,0.0028
200107,iGBMMMA,0.0355
200108,iGBMMMA,0.0289
200109,iGBMMMA,0.0465
200110,iGBMMMA,0.0353
200111,iGBMMMA,-0.0123
200112,iGBMMMA,0.0067
200201,iGBMMMA,0.0452
200202,iGBMMMA,0.0144
200203,iGBMMMA,0.0146
200204,iGBMMMA,0.0429
200205,iGBMMMA,0.0302
200206,iGBMMMA,0.0437
200207,iGBMMMA,0.0181
200208,iGBMMMA,0.013
200209,iGBMMMA,0.0143
200210,iGBMMMA,-0.0174
200211,iGBMMMA,-0.0054
200212,iGBMMMA,0.0253
200301,iGBMMMA,0.0158
200302,iGBMMMA,0.0051
200303,iGBMMMA,-0.0061
200304,iGBMMMA,0.0072
200305,iGBMMMA,0.0239
200306,iGBMMMA,-0.009
200307,iGBMMMA,-0.0053
200308,iGBMMMA,0.0054
200309,iGBMMMA,0.0253
200310,iGBMMMA,-0.0124
200311,iGBMMMA,0.0047
200312,iGBMMMA,0.0244
200401,iGBMMMA,0.0108
200402,iGBMMMA,0.0134
200403,iGBMMMA,0.0107
200404,iGBMMMA,0.0001
200405,iGBMMMA,0.0032
200406,iGBMMMA,-0.0008
200407,iGBMMMA,-0.0014
200408,iGBMMMA,-0.0009
200409,iGBMMMA,0.0056
200410,iGBMMMA,0.0085
200411,iGBMMMA,0.0325
200412,iGBMMMA,-0.0022
200501,iGBMMMA,-0.0027
200502,iGBMMMA,0.0079
200503,iGBMMMA,0.0101
200504,iGBMMMA,-0.0119
200505,iGBMMMA,0.0138
200506,iGBMMMA,0.0082
200507,iGBMMMA,0.0054
200508,iGBMMMA,0.0063
200509,iGBMMMA,0.0161
200510,iGBMMMA,-0.0111
200511,iGBMMMA,0.0093
200512,iGBMMMA,0.0129
200601,iGBMMMA,0.02
200602,iGBMMMA,0.0127
200603,iGBMMMA,0.011
200604,iGBMMMA,0.0202
200605,iGBMMMA,-0.0155
200606,iGBMMMA,0.0004
200607,iGBMMMA,0.003
200608,iGBMMMA,0.0012
200609,iGBMMMA,0.0171
200610,iGBMMMA,0.0089
200611,iGBMMMA,0.0169
200612,iGBMMMA,0.0092
200701,iGBMMMA,0.012
200702,iGBMMMA,0.0146
200703,iGBMMMA,0.0098
200704,iGBMMMA,0.022
200705,iGBMMMA,0.0188
200706,iGBMMMA,-0.0042
200707,iGBMMMA,-0.0144
200708,iGBMMMA,-0.0144
200709,iGBMMMA,0.0125
200710,iGBMMMA,0.0012
200711,iGBMMMA,0.0367
200712,iGBMMMA,-0.0034
200801,iGBMMMA,0.0303
200802,iGBMMMA,0.0261
200803,iGBMMMA,-0.0015
200804,iGBMMMA,-0.0398
200805,iGBMMMA,-0.0055
200806,iGBMMMA,0.0116
200807,iGBMMMA,0.0045
200808,iGBMMMA,0.0151
200809,iGBMMMA,-0.008
200810,iGBMMMA,0.0341
200811,iGBMMMA,0.0322
200812,iGBMMMA,0.0388
200901,iGBMMMA,0.0344
200902,iGBMMMA,0.0157
200903,iGBMMMA,0.0117
200904,iGBMMMA,0.0181
200905,iGBMMMA,0.0406
200906,iGBMMMA,-0.0048
200907,iGBMMMA,0.0288
200908,iGBMMMA,0.0073
200909,iGBMMMA,0.017
200910,iGBMMMA,0.0143
200911,iGBMMMA,0.0152
200912,iGBMMMA,0.0118
201001,iGBMMMA,0.0082
201002,iGBMMMA,0.0026
201003,iGBMMMA,0.0249
201004,iGBMMMA,0.0103
201005,iGBMMMA,-0.0105
201006,iGBMMMA,0.0062
201007,iGBMMMA,-0.0035
201008,iGBMMMA,0.0204
201009,iGBMMMA,0.0128
201010,iGBMMMA,0.0089
201011,iGBMMMA,-0.0006
201012,iGBMMMA,0.0064
201101,iGBMMMA,0.0098
201102,iGBMMMA,0.0064
201103,iGBMMMA,0.0034
201104,iGBMMMA,0.0196
201105,iGBMMMA,-0.0112
201106,iGBMMMA,-0.0097
201107,iGBMMMA,0.012
201108,iGBMMMA,-0.0004
201109,iGBMMMA,0.0126
201110,iGBMMMA,-0.0063
201111,iGBMMMA,0.0036
201112,iGBMMMA,0.0097
201201,iGBMMMA,0.0174
201202,iGBMMMA,0.0106
201203,iGBMMMA,0.0082
201204,iGBMMMA,-0.003
201205,iGBMMMA,0.0011
201206,iGBMMMA,-0.0086
201207,iGBMMMA,0.0137
201208,iGBMMMA,0.0096
201209,iGBMMMA,0.0132
201210,iGBMMMA,-0.0021
201211,iGBMMMA,0.0119
201212,iGBMMMA,0.0262
201301,iGBMMMA,0.0198
201302,iGBMMMA,0.0026
201303,iGBMMMA,0.003
201304,iGBMMMA,0.0291
201305,iGBMMMA,0.0232
201306,iGBMMMA,-0.0102
201307,iGBMMMA,-0.0028
201308,iGBMMMA,-0.0094
201309,iGBMMMA,0.0021
201310,iGBMMMA,0.0135
201311,iGBMMMA,0.0157
201312,iGBMMMA,0.0176
201401,iGBMMMA,-0.0062
201402,iGBMMMA,-0.0008
201403,iGBMMMA,-0.0029
201404,iGBMMMA,-0.0071
201405,iGBMMMA,-0.0008
201406,iGBMMMA,-0.0008
201407,iGBMMMA,0.0026
201408,iGBMMMA,0.0041
201409,iGBMMMA,0.0346
201410,iGBMMMA,-0.0111
201411,iGBMMMA,0.0213
201412,iGBMMMA,0.0003
201501,iGBMMMA,0.0286
201502,iGBMMMA,0.0049
201503,iGBMMMA,0.0174
201504,iGBMMMA,-0.0134
201505,iGBMMMA,0.0113
201506,iGBMMMA,-0.0153
201507,iGBMMMA,0.0187
201508,iGBMMMA,0.003
201509,iGBMMMA,-0.0062
201510,iGBMMMA,-0.008
201511,iGBMMMA,0.0182
201512,iGBMMMA,-0.013
201601,iGBMMMA,0.0
201602,iGBMMMA,0.0001
201603,iGBMMMA,-0.0149
201604,iGBMMMA,0.0106
201605,iGBMMMA,-0.0042
201606,iGBMMMA,0.0072
201607,iGBMMMA,-0.0012
201608,iGBMMMA,-0.0001
201609,iGBMMMA,0.0032
201610,iGBMMMA,0.0136
201611,iGBMMMA,0.0185
201612,iGBMMMA,0.0131
201701,iGBMMMA,-0.0045
201702,iGBMMMA,-0.003
201703,iGBMMMA,0.003
201704,iGBMMMA,-0.0069
201705,iGBMMMA,-0.0072
201706,iGBMMMA,0.0033
201707,iGBMMMA,0.0142
201708,iGBMMMA,0.0013
201709,iGBMMMA,0.0071
201710,iGBMMMA,-0.0063
201711,iGBMMMA,-0.0058
201712,iGBMMMA,0.0046
201801,iGBMMMA,0.0376
201802,iGBMMMA,-0.0034
201803,iGBMMMA,-0.0064
201804,iGBMMMA,0.0077
201805,iGBMMMA,0.0007
201806,iGBMMMA,0.0017
201807,iGBMMMA,-0.005
201808,iGBMMMA,-0.0031
201809,iGBMMMA,0.0015
201810,iGBMMMA,0.0023
201811,iGBMMMA,-0.0104
201812,iGBMMMA,-0.0154
201901,iGBMMMA,0.019
201902,iGBMMMA,0.0019
201903,iGBMMMA,0.0034
201904,iGBMMMA,0.0035
201905,iGBMMMA,0.0113
201906,iGBMMMA,0.0226
201907,iGBMMMA,-0.0045
201908,iGBMMMA,0.0108
201909,iGBMMMA,-0.0103
201910,iGBMMMA,0.0148
201911,iGBMMMA,-0.0079
201912,iGBMMMA,0.0176
202001,iGBMMMA,0.0006
202002,iGBMMMA,0.0116
202003,iGBMMMA,-0.0418
202004,iGBMMMA,0.0172
202005,iGBMMMA,0.0197
202006,iGBMMMA,0.0151
202007,iGBMMMA,0.02
202008,iGBMMMA,0.0153
202009,iGBMMMA,-0.0029
202010,iGBMMMA,0.002
202011,iGBMMMA,0.021
202012,iGBMMMA,0.0333
202101,iGBMMMA,-0.0001
202102,iGBMMMA,0.024
202103,iGBMMMA,0.0087
202104,iGBMMMA,0.0039
202105,iGBMMMA,0.0052
202106,iGBMMMA,-0.0173
202107,iGBMMMA,-0.027
202108,iGBMMMA,0.0031
202109,iGBMMMA,0.0179
202110,iGBMMMA,0.0083
202111,iGBMMMA,-0.0118
202112,iGBMMMA,0.0052
202201,iGBMMMA,0.0185
202202,iGBMMMA,0.0156
202203,iGBMMMA,0.0279
202204,iGBMMMA,0.0223
202205,iGBMMMA,0.0054
202206,iGBMMMA,0.0006
202207,iGBMMMA,-0.0042
202208,iGBMMMA,0.0208
202209,iGBMMMA,0.0254
202210,iGBMMMA,-0.0037
202211,iGBMMMA,-0.0164
202212,iGBMMMA,0.0094
202301,iGBMMMA,0.0062
202302,iGBMMMA,0.0026
202303,iGBMMMA,-0.0185
202304,iGBMMMA,-0.0035
202305,iGBMMMA,-0.0064
202306,iGBMMMA,0.0037
202307,iGBMMMA,0.0132
202308,iGBMMMA,0.0083
202309,iGBMMMA,0.0143
202310,iGBMMMA,0.0065
202311,iGBMMMA,-0.0018
202312,iGBMMMA,0.0083
202401,iGBMMMA,0.0091
202402,iGBMMMA,-0.0045
202403,iGBMMMA,0.0095
202404,iGBMMMA,0.0044
202405,iGBMMMA,0.0063
202406,iGBMMMA,0.0057
202407,iGBMMMA,0.0039
202408,iGBMMMA,-0.0014
202409,iGBMMMA,0.0153
202410,iGBMMMA,-0.0085
202411,iGBMMMA,0.0239
202412,iGBMMMA,0.0054
202501,iGBMMMA,0.0064
202502,iGBMMMA,0.0005
202503,iGBMMMA,0.0042
202504,iGBMMMA,0.0096
202505,iGBMMMA,-0.0054
202506,iGBMMMA,0.0122
202507,iGBMMMA,-0.0052
202508,iGBMMMA,0.0137
202509,iGBMMMA,0.0052
202510,iGBMMMA,0.0119
202511,iGBMMMA,0.0023
202512,iGBMMMA,0.0103
202601,iGBMMMA,0.0189
202602,iGBMMMA,0.0083
202603,iGBMMMA,-0.059
202604,iGBMMMA,0.023
199801,iGBMQNT,0.0328
199802,iGBMQNT,0.048
199803,iGBMQNT,0.0392
199804,iGBMQNT,0.0068
199805,iGBMQNT,0.0028
199806,iGBMQNT,0.0018
199807,iGBMQNT,-0.0093
199808,iGBMQNT,0.0463
199809,iGBMQNT,0.0396
199810,iGBMQNT,0.0415
199811,iGBMQNT,-0.0049
199812,iGBMQNT,0.0416
199901,iGBMQNT,0.0012
199902,iGBMQNT,0.0486
199903,iGBMQNT,-0.0155
199904,iGBMQNT,0.0228
199905,iGBMQNT,0.0055
199906,iGBMQNT,0.0162
199907,iGBMQNT,-0.0022
199908,iGBMQNT,-0.0046
199909,iGBMQNT,-0.0023
199910,iGBMQNT,-0.0304
199911,iGBMQNT,0.0122
199912,iGBMQNT,-0.008
200001,iGBMQNT,0.0137
200002,iGBMQNT,0.0136
200003,iGBMQNT,-0.0312
200004,iGBMQNT,-0.0304
200005,iGBMQNT,0.0393
200006,iGBMQNT,0.0042
200007,iGBMQNT,0.002
200008,iGBMQNT,-0.0116
200009,iGBMQNT,-0.0452
200010,iGBMQNT,-0.0378
200011,iGBMQNT,0.0457
200012,iGBMQNT,0.0712
200101,iGBMQNT,0.004
200102,iGBMQNT,0.031
200103,iGBMQNT,0.0393
200104,iGBMQNT,-0.035
200105,iGBMQNT,0.0016
200106,iGBMQNT,0.02
200107,iGBMQNT,0.0007
200108,iGBMQNT,0.0438
200109,iGBMQNT,0.0439
200110,iGBMQNT,0.0524
200111,iGBMQNT,-0.0533
200112,iGBMQNT,0.004
200201,iGBMQNT,-0.0159
200202,iGBMQNT,-0.0011
200203,iGBMQNT,0.0129
200204,iGBMQNT,0.0116
200205,iGBMQNT,0.0497
200206,iGBMQNT,0.0753
200207,iGBMQNT,0.0141
200208,iGBMQNT,0.0326
200209,iGBMQNT,0.0154
200210,iGBMQNT,-0.008
200211,iGBMQNT,-0.0157
200212,iGBMQNT,0.0459
200301,iGBMQNT,0.0498
200302,iGBMQNT,0.0395
200303,iGBMQNT,-0.0359
200304,iGBMQNT,0.014
200305,iGBMQNT,0.053
200306,iGBMQNT,-0.0132
200307,iGBMQNT,-0.0274
200308,iGBMQNT,0.0121
200309,iGBMQNT,-0.0023
200310,iGBMQNT,0.0431
200311,iGBMQNT,0.0076
200312,iGBMQNT,0.0374
200401,iGBMQNT,0.0093
200402,iGBMQNT,0.0315
200403,iGBMQNT,0.0158
200404,iGBMQNT,-0.041
200405,iGBMQNT,-0.0047
200406,iGBMQNT,-0.0073
200407,iGBMQNT,-0.006
200408,iGBMQNT,-0.0122
200409,iGBMQNT,0.0107
200410,iGBMQNT,0.0211
200411,iGBMQNT,0.0401
200412,iGBMQNT,0.0057
200501,iGBMQNT,0.002
200502,iGBMQNT,0.008
200503,iGBMQNT,-0.0066
200504,iGBMQNT,-0.0004
200505,iGBMQNT,0.0084
200506,iGBMQNT,0.0214
200507,iGBMQNT,-0.0084
200508,iGBMQNT,-0.0143
200509,iGBMQNT,0.0194
200510,iGBMQNT,0.001
200511,iGBMQNT,0.0186
200512,iGBMQNT,0.0018
200601,iGBMQNT,0.0117
200602,iGBMQNT,0.0042
200603,iGBMQNT,0.0151
200604,iGBMQNT,0.0313
200605,iGBMQNT,-0.0063
200606,iGBMQNT,-0.0105
200607,iGBMQNT,-0.0157
200608,iGBMQNT,-0.0042
200609,iGBMQNT,-0.0038
200610,iGBMQNT,0.0071
200611,iGBMQNT,0.016
200612,iGBMQNT,0.0201
200701,iGBMQNT,0.0099
200702,iGBMQNT,-0.0139
200703,iGBMQNT,-0.0086
200704,iGBMQNT,0.0306
200705,iGBMQNT,0.0354
200706,iGBMQNT,0.0263
200707,iGBMQNT,-0.0434
200708,iGBMQNT,-0.0643
200709,iGBMQNT,0.0368
200710,iGBMQNT,0.048
200711,iGBMQNT,-0.0206
200712,iGBMQNT,0.0026
200801,iGBMQNT,0.0144
200802,iGBMQNT,0.0304
200803,iGBMQNT,0.0113
200804,iGBMQNT,-0.0224
200805,iGBMQNT,0.025
200806,iGBMQNT,0.0331
200807,iGBMQNT,-0.0327
200808,iGBMQNT,-0.0101
200809,iGBMQNT,-0.0156
200810,iGBMQNT,0.0261
200811,iGBMQNT,0.0148
200812,iGBMQNT,0.0099
200901,iGBMQNT,0.0098
200902,iGBMQNT,-0.0031
200903,iGBMQNT,-0.0053
200904,iGBMQNT,0.0002
200905,iGBMQNT,0.0263
200906,iGBMQNT,-0.0143
200907,iGBMQNT,0.0195
200908,iGBMQNT,0.0131
200909,iGBMQNT,0.0283
200910,iGBMQNT,-0.0039
200911,iGBMQNT,0.0362
200912,iGBMQNT,-0.0254
201001,iGBMQNT,-0.0148
201002,iGBMQNT,0.0131
201003,iGBMQNT,0.0203
201004,iGBMQNT,0.0167
201005,iGBMQNT,-0.0081
201006,iGBMQNT,0.005
201007,iGBMQNT,-0.0027
201008,iGBMQNT,0.022
201009,iGBMQNT,0.026
201010,iGBMQNT,0.0292
201011,iGBMQNT,-0.0139
201012,iGBMQNT,0.0388
201101,iGBMQNT,0.006
201102,iGBMQNT,0.0112
201103,iGBMQNT,-0.0146
201104,iGBMQNT,0.039
201105,iGBMQNT,-0.025
201106,iGBMQNT,-0.0088
201107,iGBMQNT,0.0199
201108,iGBMQNT,-0.0108
201109,iGBMQNT,0.0074
201110,iGBMQNT,-0.0191
201111,iGBMQNT,-0.0015
201112,iGBMQNT,0.0123
201201,iGBMQNT,0.01
201202,iGBMQNT,0.022
201203,iGBMQNT,-0.0039
201204,iGBMQNT,0.0035
201205,iGBMQNT,0.0018
201206,iGBMQNT,-0.0184
201207,iGBMQNT,0.0447
201208,iGBMQNT,-0.0036
201209,iGBMQNT,-0.0136
201210,iGBMQNT,-0.0188
201211,iGBMQNT,0.0015
201212,iGBMQNT,0.0153
201301,iGBMQNT,0.0236
201302,iGBMQNT,-0.0008
201303,iGBMQNT,0.0105
201304,iGBMQNT,0.0184
201305,iGBMQNT,-0.0115
201306,iGBMQNT,-0.0177
201307,iGBMQNT,0.0036
201308,iGBMQNT,-0.0145
201309,iGBMQNT,0.0049
201310,iGBMQNT,0.0223
201311,iGBMQNT,0.0174
201312,iGBMQNT,0.0001
201401,iGBMQNT,-0.0165
201402,iGBMQNT,0.0003
201403,iGBMQNT,-0.0021
201404,iGBMQNT,0.0072
201405,iGBMQNT,0.0165
201406,iGBMQNT,0.0044
201407,iGBMQNT,-0.0102
201408,iGBMQNT,0.0329
201409,iGBMQNT,0.0222
201410,iGBMQNT,0.0075
201411,iGBMQNT,0.0372
201412,iGBMQNT,0.0209
201501,iGBMQNT,0.0407
201502,iGBMQNT,-0.0002
201503,iGBMQNT,0.0126
201504,iGBMQNT,-0.0144
201505,iGBMQNT,0.0025
201506,iGBMQNT,-0.0286
201507,iGBMQNT,0.0233
201508,iGBMQNT,-0.023
201509,iGBMQNT,0.0128
201510,iGBMQNT,-0.012
201511,iGBMQNT,0.0168
201512,iGBMQNT,-0.0087
201601,iGBMQNT,0.0305
201602,iGBMQNT,0.0188
201603,iGBMQNT,-0.0189
201604,iGBMQNT,-0.0126
201605,iGBMQNT,-0.0107
201606,iGBMQNT,0.0239
201607,iGBMQNT,0.0101
201608,iGBMQNT,-0.0146
201609,iGBMQNT,-0.0031
201610,iGBMQNT,-0.0031
201611,iGBMQNT,-0.0018
201612,iGBMQNT,0.0023
201701,iGBMQNT,0.0002
201702,iGBMQNT,0.0132
201703,iGBMQNT,-0.0064
201704,iGBMQNT,0.001
201705,iGBMQNT,-0.0002
201706,iGBMQNT,-0.0247
201707,iGBMQNT,-0.0007
201708,iGBMQNT,0.0121
201709,iGBMQNT,-0.007
201710,iGBMQNT,0.0298
201711,iGBMQNT,-0.0009
201712,iGBMQNT,0.0001
201801,iGBMQNT,0.0279
201802,iGBMQNT,-0.0261
201803,iGBMQNT,-0.003
201804,iGBMQNT,0.0033
201805,iGBMQNT,-0.0072
201806,iGBMQNT,0.0056
201807,iGBMQNT,-0.0065
201808,iGBMQNT,0.0006
201809,iGBMQNT,0.0065
201810,iGBMQNT,-0.0021
201811,iGBMQNT,-0.0135
201812,iGBMQNT,0.0095
201901,iGBMQNT,-0.0016
201902,iGBMQNT,0.0002
201903,iGBMQNT,0.0081
201904,iGBMQNT,0.0183
201905,iGBMQNT,-0.0174
201906,iGBMQNT,0.0184
201907,iGBMQNT,0.0065
201908,iGBMQNT,0.0044
201909,iGBMQNT,-0.0012
201910,iGBMQNT,-0.0055
201911,iGBMQNT,0.0088
201912,iGBMQNT,-0.0033
202001,iGBMQNT,0.0075
202002,iGBMQNT,-0.0053
202003,iGBMQNT,-0.0338
202004,iGBMQNT,-0.0014
202005,iGBMQNT,-0.0045
202006,iGBMQNT,-0.0009
202007,iGBMQNT,0.0129
202008,iGBMQNT,0.0005
202009,iGBMQNT,-0.0053
202010,iGBMQNT,-0.0059
202011,iGBMQNT,0.0185
202012,iGBMQNT,0.0294
202101,iGBMQNT,0.0016
202102,iGBMQNT,0.0078
202103,iGBMQNT,0.0097
202104,iGBMQNT,0.0075
202105,iGBMQNT,0.0127
202106,iGBMQNT,-0.0064
202107,iGBMQNT,-0.0108
202108,iGBMQNT,-0.0028
202109,iGBMQNT,0.002
202110,iGBMQNT,-0.0123
202111,iGBMQNT,-0.012
202112,iGBMQNT,0.0143
202201,iGBMQNT,0.0347
202202,iGBMQNT,0.0076
202203,iGBMQNT,0.0236
202204,iGBMQNT,0.0482
202205,iGBMQNT,-0.0065
202206,iGBMQNT,0.01
202207,iGBMQNT,-0.0089
202208,iGBMQNT,0.0283
202209,iGBMQNT,0.0248
202210,iGBMQNT,0.0005
202211,iGBMQNT,-0.0277
202212,iGBMQNT,0.0045
202301,iGBMQNT,-0.0055
202302,iGBMQNT,0.0228
202303,iGBMQNT,-0.0304
202304,iGBMQNT,0.0052
202305,iGBMQNT,-0.0018
202306,iGBMQNT,0.001
202307,iGBMQNT,-0.0047
202308,iGBMQNT,0.0107
202309,iGBMQNT,0.0202
202310,iGBMQNT,0.0009
202311,iGBMQNT,-0.0196
202312,iGBMQNT,-0.0158
202401,iGBMQNT,0.0187
202402,iGBMQNT,0.0194
202403,iGBMQNT,0.0228
202404,iGBMQNT,0.0104
202405,iGBMQNT,-0.0161
202406,iGBMQNT,-0.0085
202407,iGBMQNT,-0.0039
202408,iGBMQNT,-0.0261
202409,iGBMQNT,0.0056
202410,iGBMQNT,0.0029
202411,iGBMQNT,0.0079
202412,iGBMQNT,0.0246
202501,iGBMQNT,0.0189
202502,iGBMQNT,-0.0035
202503,iGBMQNT,0.0056
202504,iGBMQNT,-0.0206
202505,iGBMQNT,0.0
202506,iGBMQNT,-0.0028
202507,iGBMQNT,0.0114
202508,iGBMQNT,0.0014
202509,iGBMQNT,0.0233
202510,iGBMQNT,0.0048
202511,iGBMQNT,0.0022
202512,iGBMQNT,0.0077
202601,iGBMQNT,0.023
202602,iGBMQNT,0.0165
202603,iGBMQNT,-0.0005
202604,iGBMQNT,0.0219
200801,iGBMRPM,-0.0124
200802,iGBMRPM,0.0283
200803,iGBMRPM,-0.0022
200804,iGBMRPM,0.0157
200805,iGBMRPM,0.0109
200806,iGBMRPM,-0.0197
200807,iGBMRPM,-0.0146
200808,iGBMRPM,-0.0044
200809,iGBMRPM,-0.0772
200810,iGBMRPM,-0.1387
200811,iGBMRPM,0.0316
200812,iGBMRPM,0.0521
200901,iGBMRPM,-0.0568
200902,iGBMRPM,-0.0353
200903,iGBMRPM,0.0454
200904,iGBMRPM,0.0102
200905,iGBMRPM,0.0008
200906,iGBMRPM,-0.0026
200907,iGBMRPM,0.0949
200908,iGBMRPM,0.0842
200909,iGBMRPM,0.0815
200910,iGBMRPM,-0.0452
200911,iGBMRPM,0.0976
200912,iGBMRPM,-0.0233
201001,iGBMRPM,-0.0175
201002,iGBMRPM,0.0246
201003,iGBMRPM,0.0417
201004,iGBMRPM,0.0552
201005,iGBMRPM,-0.0044
201006,iGBMRPM,0.0288
201007,iGBMRPM,0.0599
201008,iGBMRPM,0.0416
201009,iGBMRPM,0.0976
201010,iGBMRPM,0.0417
201011,iGBMRPM,-0.0357
201012,iGBMRPM,0.0509
201101,iGBMRPM,0.0095
201102,iGBMRPM,0.0322
201103,iGBMRPM,0.0135
201104,iGBMRPM,0.0766
201105,iGBMRPM,0.004
201106,iGBMRPM,-0.0183
201107,iGBMRPM,0.0384
201108,iGBMRPM,0.0069
201109,iGBMRPM,-0.0813
201110,iGBMRPM,0.0495
201111,iGBMRPM,-0.0122
201112,iGBMRPM,0.0122
201201,iGBMRPM,0.0574
201202,iGBMRPM,0.0366
201203,iGBMRPM,-0.0205
201204,iGBMRPM,0.0147
201205,iGBMRPM,-0.0392
201206,iGBMRPM,0.0021
201207,iGBMRPM,0.0564
201208,iGBMRPM,0.0186
201209,iGBMRPM,-0.0012
201210,iGBMRPM,0.0006
201211,iGBMRPM,0.0254
201212,iGBMRPM,0.0158
201301,iGBMRPM,0.0192
201302,iGBMRPM,0.013
201303,iGBMRPM,0.0209
201304,iGBMRPM,0.032
201305,iGBMRPM,-0.0509
201306,iGBMRPM,-0.078
201307,iGBMRPM,0.0406
201308,iGBMRPM,-0.0268
201309,iGBMRPM,0.0487
201310,iGBMRPM,0.0445
201311,iGBMRPM,0.0172
201312,iGBMRPM,-0.0055
201401,iGBMRPM,-0.0109
201402,iGBMRPM,0.0398
201403,iGBMRPM,0.0
201404,iGBMRPM,0.0162
201405,iGBMRPM,0.0399
201406,iGBMRPM,0.0097
201407,iGBMRPM,-0.0306
201408,iGBMRPM,0.047
201409,iGBMRPM,-0.0263
201410,iGBMRPM,0.0154
201411,iGBMRPM,0.027
201412,iGBMRPM,-0.0066
201501,iGBMRPM,0.0244
201502,iGBMRPM,0.0011
201503,iGBMRPM,0.011
201504,iGBMRPM,-0.0132
201505,iGBMRPM,0.0032
201506,iGBMRPM,-0.0341
201507,iGBMRPM,0.024
201508,iGBMRPM,-0.0507
201509,iGBMRPM,0.0237
201510,iGBMRPM,0.0199
201511,iGBMRPM,-0.0042
201512,iGBMRPM,-0.0138
201601,iGBMRPM,0.0112
201602,iGBMRPM,0.0092
201603,iGBMRPM,0.0153
201604,iGBMRPM,-0.006
201605,iGBMRPM,0.0048
201606,iGBMRPM,0.0309
201607,iGBMRPM,0.01
201608,iGBMRPM,-0.0052
201609,iGBMRPM,0.0084
201610,iGBMRPM,-0.0112
201611,iGBMRPM,-0.0247
201612,iGBMRPM,0.0204
201701,iGBMRPM,-0.0055
201702,iGBMRPM,0.0313
201703,iGBMRPM,0.0
201704,iGBMRPM,0.009
201705,iGBMRPM,0.004
201706,iGBMRPM,-0.0128
201707,iGBMRPM,0.0157
201708,iGBMRPM,0.0202
201709,iGBMRPM,-0.0055
201710,iGBMRPM,0.0279
201711,iGBMRPM,0.004
201712,iGBMRPM,0.0132
201801,iGBMRPM,0.0145
201802,iGBMRPM,-0.0473
201803,iGBMRPM,0.0113
201804,iGBMRPM,0.0051
201805,iGBMRPM,-0.012
201806,iGBMRPM,-0.0074
201807,iGBMRPM,-0.0031
201808,iGBMRPM,-0.004
201809,iGBMRPM,0.0054
201810,iGBMRPM,-0.0344
201811,iGBMRPM,-0.0114
201812,iGBMRPM,-0.0087
201901,iGBMRPM,0.0217
201902,iGBMRPM,0.0071
201903,iGBMRPM,0.0183
201904,iGBMRPM,0.0085
201905,iGBMRPM,-0.0184
201906,iGBMRPM,0.0243
201907,iGBMRPM,0.0208
201908,iGBMRPM,0.0048
201909,iGBMRPM,0.0056
201910,iGBMRPM,-0.0103
201911,iGBMRPM,0.0015
201912,iGBMRPM,-0.0044
202001,iGBMRPM,0.0018
202002,iGBMRPM,-0.0422
202003,iGBMRPM,-0.0865
202004,iGBMRPM,-0.0017
202005,iGBMRPM,-0.0018
202006,iGBMRPM,-0.0082
202007,iGBMRPM,0.0182
202008,iGBMRPM,-0.0043
202009,iGBMRPM,-0.0063
202010,iGBMRPM,-0.0244
202011,iGBMRPM,0.0119
202012,iGBMRPM,0.03
202101,iGBMRPM,0.0097
202102,iGBMRPM,0.0001
202103,iGBMRPM,0.0356
202104,iGBMRPM,0.0212
202105,iGBMRPM,0.0231
202106,iGBMRPM,-0.0043
202107,iGBMRPM,0.0112
202108,iGBMRPM,0.0054
202109,iGBMRPM,-0.0064
202110,iGBMRPM,-0.0075
202111,iGBMRPM,-0.0058
202112,iGBMRPM,0.0373
202201,iGBMRPM,0.0187
202202,iGBMRPM,-0.0075
202203,iGBMRPM,0.0071
202204,iGBMRPM,0.0227
202205,iGBMRPM,0.0126
202206,iGBMRPM,-0.0263
202207,iGBMRPM,0.008
202208,iGBMRPM,-0.0056
202209,iGBMRPM,-0.0083
202210,iGBMRPM,0.0281
202211,iGBMRPM,-0.0026
202212,iGBMRPM,-0.0047
202301,iGBMRPM,0.0119
202302,iGBMRPM,0.0121
202303,iGBMRPM,-0.01
202304,iGBMRPM,0.0132
202305,iGBMRPM,-0.018
202306,iGBMRPM,0.0264
202307,iGBMRPM,0.0043
202308,iGBMRPM,0.0214
202309,iGBMRPM,0.0199
202310,iGBMRPM,-0.0016
202311,iGBMRPM,0.0067
202312,iGBMRPM,-0.0073
202401,iGBMRPM,0.0342
202402,iGBMRPM,0.0115
202403,iGBMRPM,0.0335
202404,iGBMRPM,0.0015
202405,iGBMRPM,0.0013
202406,iGBMRPM,0.0081
202407,iGBMRPM,0.0032
202408,iGBMRPM,-0.0072
202409,iGBMRPM,-0.0002
202410,iGBMRPM,-0.007
202411,iGBMRPM,0.0019
202412,iGBMRPM,0.0146
202501,iGBMRPM,0.0221
202502,iGBMRPM,0.0104
202503,iGBMRPM,0.0138
202504,iGBMRPM,-0.0231
202505,iGBMRPM,0.0058
202506,iGBMRPM,0.0016
202507,iGBMRPM,0.0003
202508,iGBMRPM,0.0227
202509,iGBMRPM,0.0174
202510,iGBMRPM,-0.0053
202511,iGBMRPM,0.0179
202512,iGBMRPM,0.0048
202601,iGBMRPM,0.0262
202602,iGBMRPM,0.038
202603,iGBMRPM,-0.0076
202604,iGBMRPM,0.0194
199801,iHFC,0.0134
199802,iHFC,0.0267
199803,iHFC,0.04
199804,iHFC,0.0075
199805,iHFC,0.0048
199806,iHFC,-0.0048
199807,iHFC,-0.0031
199808,iHFC,-0.0153
199809,iHFC,-0.0047
199810,iHFC,0.0018
199811,iHFC,0.0113
199812,iHFC,0.0334
199901,iHFC,0.0101
199902,iHFC,0.0159
199903,iHFC,0.0106
199904,iHFC,0.0311
199905,iHFC,0.0158
199906,iHFC,0.0274
199907,iHFC,0.0085
199908,iHFC,0.0005
199909,iHFC,0.0096
199910,iHFC,-0.0062
199911,iHFC,0.0177
199912,iHFC,0.0263
200001,iHFC,0.0123
200002,iHFC,0.0335
200003,iHFC,0.0044
200004,iHFC,0.001
200005,iHFC,0.014
200006,iHFC,0.0122
200007,iHFC,0.0081
200008,iHFC,0.0178
200009,iHFC,-0.0034
200010,iHFC,-0.0016
200011,iHFC,0.0161
200012,iHFC,0.0361
200101,iHFC,0.0185
200102,iHFC,0.0159
200103,iHFC,0.0175
200104,iHFC,-0.0008
200105,iHFC,0.0156
200106,iHFC,0.0067
200107,iHFC,0.0025
200108,iHFC,0.0179
200109,iHFC,0.0
200110,iHFC,0.025
200111,iHFC,-0.0043
200112,iHFC,0.0197
200201,iHFC,0.0056
200202,iHFC,-0.0024
200203,iHFC,0.0172
200204,iHFC,0.0048
200205,iHFC,0.0125
200206,iHFC,0.0089
200207,iHFC,-0.0028
200208,iHFC,0.0128
200209,iHFC,0.0023
200210,iHFC,-0.0012
200211,iHFC,0.0116
200212,iHFC,0.0217
200301,iHFC,0.0217
200302,iHFC,0.0138
200303,iHFC,-0.0067
200304,iHFC,0.0223
200305,iHFC,0.0397
200306,iHFC,0.01
200307,iHFC,0.003
200308,iHFC,0.0136
200309,iHFC,0.0128
200310,iHFC,0.0237
200311,iHFC,0.0094
200312,iHFC,0.0239
200401,iHFC,0.0185
200402,iHFC,0.0183
200403,iHFC,0.0072
200404,iHFC,-0.0109
200405,iHFC,-0.0022
200406,iHFC,0.0008
200407,iHFC,-0.0068
200408,iHFC,0.0012
200409,iHFC,0.0158
200410,iHFC,0.0159
200411,iHFC,0.0326
200412,iHFC,0.0166
200501,iHFC,0.0013
200502,iHFC,0.0147
200503,iHFC,-0.0025
200504,iHFC,-0.0091
200505,iHFC,0.0095
200506,iHFC,0.0195
200507,iHFC,0.0184
200508,iHFC,0.0085
200509,iHFC,0.0165
200510,iHFC,-0.0076
200511,iHFC,0.0185
200512,iHFC,0.0167
200601,iHFC,0.0295
200602,iHFC,0.0072
200603,iHFC,0.0185
200604,iHFC,0.0207
200605,iHFC,-0.0086
200606,iHFC,-0.0033
200607,iHFC,-0.0004
200608,iHFC,0.0102
200609,iHFC,0.0059
200610,iHFC,0.0171
200611,iHFC,0.0211
200612,iHFC,0.0184
200701,iHFC,0.0181
200702,iHFC,0.0078
200703,iHFC,0.0104
200704,iHFC,0.0224
200705,iHFC,0.0265
200706,iHFC,0.013
200707,iHFC,0.0039
200708,iHFC,-0.0149
200709,iHFC,0.0232
200710,iHFC,0.0324
200711,iHFC,-0.0039
200712,iHFC,0.0066
200801,iHFC,-0.0104
200802,iHFC,0.0186
200803,iHFC,-0.0155
200804,iHFC,0.0088
200805,iHFC,0.0203
200806,iHFC,-0.0016
200807,iHFC,-0.0165
200808,iHFC,-0.0033
200809,iHFC,-0.0515
200810,iHFC,-0.0448
200811,iHFC,-0.0168
200812,iHFC,0.0046
200901,iHFC,0.0186
200902,iHFC,-0.0008
200903,iHFC,0.0114
200904,iHFC,0.0308
200905,iHFC,0.048
200906,iHFC,0.0129
200907,iHFC,0.0327
200908,iHFC,0.0233
200909,iHFC,0.0316
200910,iHFC,0.0026
200911,iHFC,0.0189
200912,iHFC,0.0138
201001,iHFC,0.0037
201002,iHFC,0.0102
201003,iHFC,0.0252
201004,iHFC,0.0174
201005,iHFC,-0.0204
201006,iHFC,-0.0059
201007,iHFC,0.0125
201008,iHFC,0.0067
201009,iHFC,0.0289
201010,iHFC,0.0218
201011,iHFC,0.0019
201012,iHFC,0.0267
201101,iHFC,0.0098
201102,iHFC,0.0136
201103,iHFC,0.0034
201104,iHFC,0.0191
201105,iHFC,-0.0037
201106,iHFC,-0.0068
201107,iHFC,0.0052
201108,iHFC,-0.025
201109,iHFC,-0.0223
201110,iHFC,0.0191
201111,iHFC,-0.003
201112,iHFC,0.0033
201201,iHFC,0.0239
201202,iHFC,0.0196
201203,iHFC,0.0087
201204,iHFC,0.002
201205,iHFC,-0.0118
201206,iHFC,0.0011
201207,iHFC,0.0141
201208,iHFC,0.011
201209,iHFC,0.0094
201210,iHFC,0.0005
201211,iHFC,0.0089
201212,iHFC,0.0156
201301,iHFC,0.0259
201302,iHFC,0.0067
201303,iHFC,0.0148
201304,iHFC,0.0133
201305,iHFC,0.0111
201306,iHFC,-0.0089
201307,iHFC,0.0158
201308,iHFC,-0.0041
201309,iHFC,0.0171
201310,iHFC,0.0172
201311,iHFC,0.0157
201312,iHFC,0.0141
201401,iHFC,0.0037
201402,iHFC,0.0195
201403,iHFC,-0.0033
201404,iHFC,-0.0038
201405,iHFC,0.013
201406,iHFC,0.011
201407,iHFC,-0.0063
201408,iHFC,0.013
201409,iHFC,0.0013
201410,iHFC,-0.0009
201411,iHFC,0.016
201412,iHFC,0.0054
201501,iHFC,0.0089
201502,iHFC,0.0178
201503,iHFC,0.0099
201504,iHFC,0.0007
201505,iHFC,0.0113
201506,iHFC,-0.0109
201507,iHFC,0.007
201508,iHFC,-0.0143
201509,iHFC,-0.0119
201510,iHFC,0.0086
201511,iHFC,0.0051
201512,iHFC,-0.0073
201601,iHFC,-0.0173
201602,iHFC,-0.0058
201603,iHFC,0.0099
201604,iHFC,0.0076
201605,iHFC,0.0093
201606,iHFC,-0.0016
201607,iHFC,0.0168
201608,iHFC,0.0067
201609,iHFC,0.0073
201610,iHFC,-0.0018
201611,iHFC,0.0073
201612,iHFC,0.0107
201701,iHFC,0.0095
201702,iHFC,0.0095
201703,iHFC,0.0039
201704,iHFC,0.0065
201705,iHFC,0.0032
201706,iHFC,0.0004
201707,iHFC,0.0101
201708,iHFC,0.0084
201709,iHFC,0.0059
201710,iHFC,0.0125
201711,iHFC,-0.0006
201712,iHFC,0.0078
201801,iHFC,0.0231
201802,iHFC,-0.0109
201803,iHFC,-0.0027
201804,iHFC,0.0042
201805,iHFC,0.0081
201806,iHFC,-0.0004
201807,iHFC,0.0025
201808,iHFC,0.0044
201809,iHFC,0.0014
201810,iHFC,-0.0218
201811,iHFC,-0.0083
201812,iHFC,-0.0151
201901,iHFC,0.0252
201902,iHFC,0.0102
201903,iHFC,0.0074
201904,iHFC,0.0118
201905,iHFC,-0.0088
201906,iHFC,0.0141
201907,iHFC,0.006
201908,iHFC,-0.0025
201909,iHFC,-0.005
201910,iHFC,0.0038
201911,iHFC,0.0096
201912,iHFC,0.0148
202001,iHFC,0.0023
202002,iHFC,-0.0136
202003,iHFC,-0.0759
202004,iHFC,0.0352
202005,iHFC,0.0241
202006,iHFC,0.0193
202007,iHFC,0.0207
202008,iHFC,0.0182
202009,iHFC,-0.0018
202010,iHFC,0.0003
202011,iHFC,0.0459
202012,iHFC,0.0393
202101,iHFC,0.0016
202102,iHFC,0.0309
202103,iHFC,0.0047
202104,iHFC,0.0199
202105,iHFC,0.0073
202106,iHFC,0.0028
202107,iHFC,-0.0041
202108,iHFC,0.0079
202109,iHFC,0.0008
202110,iHFC,0.0102
202111,iHFC,-0.0166
202112,iHFC,0.0103
202201,iHFC,-0.0125
202202,iHFC,0.0009
202203,iHFC,0.0094
202204,iHFC,-0.0016
202205,iHFC,-0.0105
202206,iHFC,-0.0167
202207,iHFC,0.0094
202208,iHFC,0.007
202209,iHFC,-0.0135
202210,iHFC,0.0096
202211,iHFC,0.0062
202212,iHFC,0.002
202301,iHFC,0.021
202302,iHFC,0.0009
202303,iHFC,-0.0087
202304,iHFC,0.0044
202305,iHFC,0.0016
202306,iHFC,0.0141
202307,iHFC,0.0102
202308,iHFC,0.0008
202309,iHFC,0.0006
202310,iHFC,-0.0088
202311,iHFC,0.0187
202312,iHFC,0.0193
202401,iHFC,0.0108
202402,iHFC,0.0189
202403,iHFC,0.0207
202404,iHFC,-0.002
202405,iHFC,0.0091
202406,iHFC,0.001
202407,iHFC,0.0081
202408,iHFC,0.0023
202409,iHFC,0.0106
202410,iHFC,0.0013
202411,iHFC,0.0189
202412,iHFC,0.0019
202501,iHFC,0.0159
202502,iHFC,-0.0041
202503,iHFC,-0.012
202504,iHFC,0.0006
202505,iHFC,0.0198
202506,iHFC,0.0196
202507,iHFC,0.0095
202508,iHFC,0.0164
202509,iHFC,0.019
202510,iHFC,0.0111
202511,iHFC,0.006
202512,iHFC,0.0122
202601,iHFC,0.0203
202602,iHFC,0.012
202603,iHFC,-0.0228
202604,iHFC,0.0383
199801,iHFCEW,0.0036
199802,iHFCEW,0.025
199803,iHFCEW,0.0391
199804,iHFCEW,0.0025
199805,iHFCEW,0.0035
199806,iHFCEW,0.0005
199807,iHFCEW,-0.0027
199808,iHFCEW,-0.0246
199809,iHFCEW,0.0144
199810,iHFCEW,0.0077
199811,iHFCEW,0.0098
199812,iHFCEW,0.0358
199901,iHFCEW,0.0064
199902,iHFCEW,0.0043
199903,iHFCEW,0.0202
199904,iHFCEW,0.0461
199905,iHFCEW,0.0186
199906,iHFCEW,0.0295
199907,iHFCEW,0.0102
199908,iHFCEW,-0.0042
199909,iHFCEW,0.0101
199910,iHFCEW,-0.0021
199911,iHFCEW,0.0187
199912,iHFCEW,0.043
200001,iHFCEW,0.0067
200002,iHFCEW,0.0317
200003,iHFCEW,0.0145
200004,iHFCEW,0.0021
200005,iHFCEW,0.01
200006,iHFCEW,0.0137
200007,iHFCEW,0.0106
200008,iHFCEW,0.0304
200009,iHFCEW,0.0053
200010,iHFCEW,0.0085
200011,iHFCEW,0.0144
200012,iHFCEW,0.0414
200101,iHFCEW,0.0241
200102,iHFCEW,0.0129
200103,iHFCEW,0.0159
200104,iHFCEW,0.0051
200105,iHFCEW,0.0212
200106,iHFCEW,0.0049
200107,iHFCEW,0.0015
200108,iHFCEW,0.0126
200109,iHFCEW,-0.0091
200110,iHFCEW,0.0265
200111,iHFCEW,0.0044
200112,iHFCEW,0.0208
200201,iHFCEW,0.0081
200202,iHFCEW,-0.0038
200203,iHFCEW,0.02
200204,iHFCEW,0.0032
200205,iHFCEW,0.0083
200206,iHFCEW,0.002
200207,iHFCEW,-0.0052
200208,iHFCEW,0.0125
200209,iHFCEW,0.0021
200210,iHFCEW,-0.0008
200211,iHFCEW,0.0144
200212,iHFCEW,0.0197
200301,iHFCEW,0.0173
200302,iHFCEW,0.01
200303,iHFCEW,-0.0025
200304,iHFCEW,0.0264
200305,iHFCEW,0.0441
200306,iHFCEW,0.0128
200307,iHFCEW,0.0093
200308,iHFCEW,0.0155
200309,iHFCEW,0.0129
200310,iHFCEW,0.024
200311,iHFCEW,0.009
200312,iHFCEW,0.0263
200401,iHFCEW,0.0208
200402,iHFCEW,0.0202
200403,iHFCEW,0.0051
200404,iHFCEW,-0.011
200405,iHFCEW,-0.0024
200406,iHFCEW,0.003
200407,iHFCEW,-0.0087
200408,iHFCEW,0.0037
200409,iHFCEW,0.019
200410,iHFCEW,0.0172
200411,iHFCEW,0.0322
200412,iHFCEW,0.0184
200501,iHFCEW,0.0001
200502,iHFCEW,0.0168
200503,iHFCEW,-0.0032
200504,iHFCEW,-0.0106
200505,iHFCEW,0.0125
200506,iHFCEW,0.0208
200507,iHFCEW,0.0235
200508,iHFCEW,0.0116
200509,iHFCEW,0.0168
200510,iHFCEW,-0.0104
200511,iHFCEW,0.0215
200512,iHFCEW,0.0188
200601,iHFCEW,0.0323
200602,iHFCEW,0.0067
200603,iHFCEW,0.02
200604,iHFCEW,0.0206
200605,iHFCEW,-0.0118
200606,iHFCEW,-0.0032
200607,iHFCEW,0.0001
200608,iHFCEW,0.0126
200609,iHFCEW,0.0056
200610,iHFCEW,0.0194
200611,iHFCEW,0.0218
200612,iHFCEW,0.0188
200701,iHFCEW,0.0185
200702,iHFCEW,0.009
200703,iHFCEW,0.0115
200704,iHFCEW,0.0226
200705,iHFCEW,0.0269
200706,iHFCEW,0.012
200707,iHFCEW,0.0059
200708,iHFCEW,-0.0087
200709,iHFCEW,0.0256
200710,iHFCEW,0.031
200711,iHFCEW,-0.0059
200712,iHFCEW,0.0074
200801,iHFCEW,-0.0164
200802,iHFCEW,0.0193
200803,iHFCEW,-0.0183
200804,iHFCEW,0.0131
200805,iHFCEW,0.0207
200806,iHFCEW,-0.0079
200807,iHFCEW,-0.0161
200808,iHFCEW,-0.0034
200809,iHFCEW,-0.053
200810,iHFCEW,-0.0482
200811,iHFCEW,-0.0193
200812,iHFCEW,0.0086
200901,iHFCEW,0.0162
200902,iHFCEW,-0.0034
200903,iHFCEW,0.015
200904,iHFCEW,0.0363
200905,iHFCEW,0.0542
200906,iHFCEW,0.0141
200907,iHFCEW,0.0337
200908,iHFCEW,0.0233
200909,iHFCEW,0.0313
200910,iHFCEW,0.0001
200911,iHFCEW,0.019
200912,iHFCEW,0.0177
201001,iHFCEW,0.0022
201002,iHFCEW,0.0111
201003,iHFCEW,0.0276
201004,iHFCEW,0.0176
201005,iHFCEW,-0.0241
201006,iHFCEW,-0.0076
201007,iHFCEW,0.0148
201008,iHFCEW,0.0028
201009,iHFCEW,0.0314
201010,iHFCEW,0.0223
201011,iHFCEW,0.0041
201012,iHFCEW,0.0289
201101,iHFCEW,0.0088
201102,iHFCEW,0.014
201103,iHFCEW,0.0042
201104,iHFCEW,0.0187
201105,iHFCEW,-0.0028
201106,iHFCEW,-0.0079
201107,iHFCEW,0.0042
201108,iHFCEW,-0.0276
201109,iHFCEW,-0.0264
201110,iHFCEW,0.0242
201111,iHFCEW,-0.0033
201112,iHFCEW,0.0033
201201,iHFCEW,0.0249
201202,iHFCEW,0.0218
201203,iHFCEW,0.01
201204,iHFCEW,0.0021
201205,iHFCEW,-0.0153
201206,iHFCEW,0.0031
201207,iHFCEW,0.0116
201208,iHFCEW,0.0121
201209,iHFCEW,0.0114
201210,iHFCEW,0.0014
201211,iHFCEW,0.0095
201212,iHFCEW,0.0157
201301,iHFCEW,0.0287
201302,iHFCEW,0.0077
201303,iHFCEW,0.017
201304,iHFCEW,0.0136
201305,iHFCEW,0.0125
201306,iHFCEW,-0.0082
201307,iHFCEW,0.0177
201308,iHFCEW,-0.0042
201309,iHFCEW,0.0186
201310,iHFCEW,0.0173
201311,iHFCEW,0.0166
201312,iHFCEW,0.0152
201401,iHFCEW,0.0041
201402,iHFCEW,0.0213
201403,iHFCEW,-0.0026
201404,iHFCEW,-0.0047
201405,iHFCEW,0.0131
201406,iHFCEW,0.0123
201407,iHFCEW,-0.0069
201408,iHFCEW,0.0129
201409,iHFCEW,-0.0004
201410,iHFCEW,-0.0002
201411,iHFCEW,0.0147
201412,iHFCEW,0.0059
201501,iHFCEW,0.0072
201502,iHFCEW,0.0198
201503,iHFCEW,0.0103
201504,iHFCEW,0.0025
201505,iHFCEW,0.0123
201506,iHFCEW,-0.0094
201507,iHFCEW,0.0053
201508,iHFCEW,-0.0151
201509,iHFCEW,-0.0144
201510,iHFCEW,0.0112
201511,iHFCEW,0.0049
201512,iHFCEW,-0.0068
201601,iHFCEW,-0.023
201602,iHFCEW,-0.0083
201603,iHFCEW,0.0126
201604,iHFCEW,0.0089
201605,iHFCEW,0.0113
201606,iHFCEW,-0.0038
201607,iHFCEW,0.0182
201608,iHFCEW,0.008
201609,iHFCEW,0.0081
201610,iHFCEW,-0.0032
201611,iHFCEW,0.009
201612,iHFCEW,0.011
201701,iHFCEW,0.0106
201702,iHFCEW,0.0096
201703,iHFCEW,0.0054
201704,iHFCEW,0.0066
201705,iHFCEW,0.0035
201706,iHFCEW,0.0029
201707,iHFCEW,0.0111
201708,iHFCEW,0.0083
201709,iHFCEW,0.0074
201710,iHFCEW,0.0114
201711,iHFCEW,0.0005
201712,iHFCEW,0.0091
201801,iHFCEW,0.0237
201802,iHFCEW,-0.0105
201803,iHFCEW,-0.0032
201804,iHFCEW,0.0049
201805,iHFCEW,0.0106
201806,iHFCEW,-0.0013
201807,iHFCEW,0.0024
201808,iHFCEW,0.0038
201809,iHFCEW,0.0002
201810,iHFCEW,-0.0266
201811,iHFCEW,-0.0074
201812,iHFCEW,-0.0202
201901,iHFCEW,0.0289
201902,iHFCEW,0.0123
201903,iHFCEW,0.0074
201904,iHFCEW,0.0117
201905,iHFCEW,-0.0104
201906,iHFCEW,0.0149
201907,iHFCEW,0.0057
201908,iHFCEW,-0.0044
201909,iHFCEW,-0.0045
201910,iHFCEW,0.0058
201911,iHFCEW,0.0117
201912,iHFCEW,0.0169
202001,iHFCEW,0.0007
202002,iHFCEW,-0.0146
202003,iHFCEW,-0.0743
202004,iHFCEW,0.0399
202005,iHFCEW,0.0252
202006,iHFCEW,0.0203
202007,iHFCEW,0.0214
202008,iHFCEW,0.0202
202009,iHFCEW,-0.0027
202010,iHFCEW,0.0014
202011,iHFCEW,0.0494
202012,iHFCEW,0.0397
202101,iHFCEW,0.0012
202102,iHFCEW,0.0321
202103,iHFCEW,0.0043
202104,iHFCEW,0.0213
202105,iHFCEW,0.0069
202106,iHFCEW,0.0033
202107,iHFCEW,-0.0053
202108,iHFCEW,0.0083
202109,iHFCEW,-0.0011
202110,iHFCEW,0.0124
202111,iHFCEW,-0.0179
202112,iHFCEW,0.0102
202201,iHFCEW,-0.0189
202202,iHFCEW,-0.0003
202203,iHFCEW,0.0078
202204,iHFCEW,-0.0081
202205,iHFCEW,-0.0107
202206,iHFCEW,-0.0177
202207,iHFCEW,0.0115
202208,iHFCEW,0.0056
202209,iHFCEW,-0.018
202210,iHFCEW,0.0112
202211,iHFCEW,0.0114
202212,iHFCEW,0.0014
202301,iHFCEW,0.0242
202302,iHFCEW,-0.0026
202303,iHFCEW,-0.0084
202304,iHFCEW,0.0045
202305,iHFCEW,0.0004
202306,iHFCEW,0.0154
202307,iHFCEW,0.0128
202308,iHFCEW,-0.0009
202309,iHFCEW,-0.0023
202310,iHFCEW,-0.0107
202311,iHFCEW,0.0221
202312,iHFCEW,0.023
202401,iHFCEW,0.0093
202402,iHFCEW,0.0211
202403,iHFCEW,0.0209
202404,iHFCEW,-0.0039
202405,iHFCEW,0.011
202406,iHFCEW,0.0003
202407,iHFCEW,0.0098
202408,iHFCEW,0.0033
202409,iHFCEW,0.0132
202410,iHFCEW,0.0013
202411,iHFCEW,0.0201
202412,iHFCEW,-0.0016
202501,iHFCEW,0.0152
202502,iHFCEW,-0.0043
202503,iHFCEW,-0.0145
202504,iHFCEW,0.0008
202505,iHFCEW,0.0223
202506,iHFCEW,0.0218
202507,iHFCEW,0.0117
202508,iHFCEW,0.0192
202509,iHFCEW,0.0197
202510,iHFCEW,0.0117
202511,iHFCEW,0.0069
202512,iHFCEW,0.0123
202601,iHFCEW,0.0199
202602,iHFCEW,0.0121
202603,iHFCEW,-0.0255
202604,iHFCEW,0.045
199801,iMFT,0.0308
199802,iMFT,-0.0204
199803,iMFT,0.0119
199804,iMFT,-0.0565
199805,iMFT,0.0268
199806,iMFT,0.0022
199807,iMFT,-0.01
199808,iMFT,0.1259
199809,iMFT,0.077
199810,iMFT,0.0518
199811,iMFT,-0.0409
199812,iMFT,0.0559
199901,iMFT,-0.0258
199902,iMFT,0.0274
199903,iMFT,-0.0098
199904,iMFT,0.0232
199905,iMFT,-0.0117
199906,iMFT,0.018
199907,iMFT,-0.0262
199908,iMFT,0.0077
199909,iMFT,0.0185
199910,iMFT,-0.0528
199911,iMFT,-0.0102
199912,iMFT,0.0235
200001,iMFT,0.0133
200002,iMFT,0.0012
200003,iMFT,-0.0292
200004,iMFT,0.0005
200005,iMFT,0.0148
200006,iMFT,-0.0223
200007,iMFT,-0.0133
200008,iMFT,0.0235
200009,iMFT,-0.0231
200010,iMFT,0.022
200011,iMFT,0.0793
200012,iMFT,0.094
200101,iMFT,0.0111
200102,iMFT,0.0092
200103,iMFT,0.0766
200104,iMFT,-0.0483
200105,iMFT,0.0111
200106,iMFT,-0.0144
200107,iMFT,0.0002
200108,iMFT,0.0252
200109,iMFT,0.0406
200110,iMFT,0.0676
200111,iMFT,-0.0685
200112,iMFT,0.0108
200201,iMFT,-0.0065
200202,iMFT,-0.0365
200203,iMFT,0.0326
200204,iMFT,-0.0158
200205,iMFT,0.0123
200206,iMFT,0.0825
200207,iMFT,0.0743
200208,iMFT,0.0307
200209,iMFT,0.0559
200210,iMFT,-0.0483
200211,iMFT,-0.0295
200212,iMFT,0.0936
200301,iMFT,0.0403
200302,iMFT,0.0619
200303,iMFT,-0.0541
200304,iMFT,0.0013
200305,iMFT,0.0758
200306,iMFT,-0.0232
200307,iMFT,-0.0151
200308,iMFT,0.0052
200309,iMFT,0.0098
200310,iMFT,-0.0029
200311,iMFT,-0.0099
200312,iMFT,0.0323
200401,iMFT,0.0057
200402,iMFT,0.0581
200403,iMFT,-0.0047
200404,iMFT,-0.0593
200405,iMFT,-0.0044
200406,iMFT,-0.0372
200407,iMFT,-0.0103
200408,iMFT,0.0133
200409,iMFT,0.0182
200410,iMFT,0.0417
200411,iMFT,0.0408
200412,iMFT,0.0014
200501,iMFT,-0.0326
200502,iMFT,0.0008
200503,iMFT,0.0073
200504,iMFT,-0.0197
200505,iMFT,0.0313
200506,iMFT,0.031
200507,iMFT,-0.0124
200508,iMFT,0.0117
200509,iMFT,0.002
200510,iMFT,-0.0046
200511,iMFT,0.0378
200512,iMFT,-0.012
200601,iMFT,0.0134
200602,iMFT,-0.0093
200603,iMFT,0.023
200604,iMFT,0.0403
200605,iMFT,-0.0117
200606,iMFT,-0.0035
200607,iMFT,-0.0183
200608,iMFT,0.0094
200609,iMFT,-0.0049
200610,iMFT,0.0209
200611,iMFT,0.0291
200612,iMFT,0.0176
200701,iMFT,0.021
200702,iMFT,-0.0234
200703,iMFT,-0.0132
200704,iMFT,0.0331
200705,iMFT,0.0297
200706,iMFT,0.0313
200707,iMFT,-0.0152
200708,iMFT,-0.0229
200709,iMFT,0.0473
200710,iMFT,0.0402
200711,iMFT,0.0123
200712,iMFT,0.0124
200801,iMFT,0.0369
200802,iMFT,0.0678
200803,iMFT,-0.0039
200804,iMFT,-0.0148
200805,iMFT,0.0201
200806,iMFT,0.0321
200807,iMFT,-0.0336
200808,iMFT,-0.0136
200809,iMFT,0.0233
200810,iMFT,0.0611
200811,iMFT,0.0395
200812,iMFT,0.0279
200901,iMFT,0.0024
200902,iMFT,0.0046
200903,iMFT,-0.0194
200904,iMFT,-0.0224
200905,iMFT,0.014
200906,iMFT,-0.0181
200907,iMFT,0.0031
200908,iMFT,0.0081
200909,iMFT,0.0221
200910,iMFT,-0.0192
200911,iMFT,0.0354
200912,iMFT,-0.0339
201001,iMFT,-0.025
201002,iMFT,0.0167
201003,iMFT,0.0267
201004,iMFT,0.017
201005,iMFT,-0.0086
201006,iMFT,0.0088
201007,iMFT,-0.0069
201008,iMFT,0.0448
201009,iMFT,0.0117
201010,iMFT,0.0274
201011,iMFT,-0.0311
201012,iMFT,0.0393
201101,iMFT,-0.0106
201102,iMFT,0.0219
201103,iMFT,-0.0226
201104,iMFT,0.0406
201105,iMFT,-0.0241
201106,iMFT,-0.0293
201107,iMFT,0.0427
201108,iMFT,0.018
201109,iMFT,0.0074
201110,iMFT,-0.0342
201111,iMFT,0.0043
201112,iMFT,0.013
201201,iMFT,0.0076
201202,iMFT,0.0033
201203,iMFT,-0.0122
201204,iMFT,0.0056
201205,iMFT,0.0275
201206,iMFT,-0.0336
201207,iMFT,0.0345
201208,iMFT,-0.0161
201209,iMFT,-0.0142
201210,iMFT,-0.0294
201211,iMFT,0.0041
201212,iMFT,0.0058
201301,iMFT,0.0127
201302,iMFT,0.0042
201303,iMFT,0.0112
201304,iMFT,0.0313
201305,iMFT,-0.0275
201306,iMFT,-0.0219
201307,iMFT,-0.0071
201308,iMFT,-0.0157
201309,iMFT,-0.0027
201310,iMFT,0.022
201311,iMFT,0.0188
201312,iMFT,0.0033
201401,iMFT,-0.0061
201402,iMFT,0.0073
201403,iMFT,-0.0129
201404,iMFT,0.0047
201405,iMFT,0.0227
201406,iMFT,0.0113
201407,iMFT,-0.0098
201408,iMFT,0.0396
201409,iMFT,0.0291
201410,iMFT,0.0132
201411,iMFT,0.054
201412,iMFT,0.02
201501,iMFT,0.0488
201502,iMFT,-0.0009
201503,iMFT,0.0193
201504,iMFT,-0.0309
201505,iMFT,-0.0002
201506,iMFT,-0.0383
201507,iMFT,0.0314
201508,iMFT,-0.0218
201509,iMFT,0.0232
201510,iMFT,-0.0142
201511,iMFT,0.033
201512,iMFT,-0.0207
201601,iMFT,0.038
201602,iMFT,0.0319
201603,iMFT,-0.0257
201604,iMFT,-0.0183
201605,iMFT,-0.0089
201606,iMFT,0.0434
201607,iMFT,0.0096
201608,iMFT,-0.028
201609,iMFT,-0.0058
201610,iMFT,-0.0303
201611,iMFT,-0.0047
201612,iMFT,0.0084
201701,iMFT,-0.0177
201702,iMFT,0.0174
201703,iMFT,-0.0121
201704,iMFT,0.0017
201705,iMFT,0.0006
201706,iMFT,-0.0264
201707,iMFT,0.0087
201708,iMFT,0.0174
201709,iMFT,-0.0169
201710,iMFT,0.0426
201711,iMFT,-0.0042
201712,iMFT,0.0082
201801,iMFT,0.0416
201802,iMFT,-0.065
201803,iMFT,-0.005
201804,iMFT,0.008
201805,iMFT,-0.0057
201806,iMFT,-0.0003
201807,iMFT,-0.0007
201808,iMFT,0.0248
201809,iMFT,-0.0059
201810,iMFT,-0.0364
201811,iMFT,-0.0039
201812,iMFT,0.0146
201901,iMFT,-0.0164
201902,iMFT,0.0006
201903,iMFT,0.0414
201904,iMFT,0.0144
201905,iMFT,-0.0127
201906,iMFT,0.0281
201907,iMFT,0.0238
201908,iMFT,0.0394
201909,iMFT,-0.0329
201910,iMFT,-0.0257
201911,iMFT,0.0134
201912,iMFT,-0.001
202001,iMFT,0.0144
202002,iMFT,-0.0133
202003,iMFT,-0.003
202004,iMFT,0.0005
202005,iMFT,-0.0112
202006,iMFT,-0.0127
202007,iMFT,0.0162
202008,iMFT,-0.0151
202009,iMFT,-0.0121
202010,iMFT,-0.0072
202011,iMFT,0.0151
202012,iMFT,0.0421
202101,iMFT,-0.0114
202102,iMFT,0.0333
202103,iMFT,0.012
202104,iMFT,0.0261
202105,iMFT,0.0181
202106,iMFT,-0.0081
202107,iMFT,0.01
202108,iMFT,0.0016
202109,iMFT,0.0032
202110,iMFT,0.0292
202111,iMFT,-0.0293
202112,iMFT,0.0022
202201,iMFT,0.0071
202202,iMFT,0.0223
202203,iMFT,0.0628
202204,iMFT,0.047
202205,iMFT,-0.0046
202206,iMFT,0.0167
202207,iMFT,-0.0233
202208,iMFT,0.0285
202209,iMFT,0.0388
202210,iMFT,-0.0013
202211,iMFT,-0.0508
202212,iMFT,0.0001
202301,iMFT,-0.0091
202302,iMFT,0.0152
202303,iMFT,-0.0474
202304,iMFT,0.0165
202305,iMFT,0.0145
202306,iMFT,0.0134
202307,iMFT,-0.0021
202308,iMFT,-0.0045
202309,iMFT,0.0284
202310,iMFT,-0.0101
202311,iMFT,-0.0304
202312,iMFT,-0.0038
202401,iMFT,0.0102
202402,iMFT,0.0415
202403,iMFT,0.0324
202404,iMFT,0.014
202405,iMFT,-0.0125
202406,iMFT,-0.0217
202407,iMFT,-0.0154
202408,iMFT,-0.0258
202409,iMFT,0.0053
202410,iMFT,-0.0233
202411,iMFT,0.0174
202412,iMFT,0.0099
202501,iMFT,0.0016
202502,iMFT,-0.0293
202503,iMFT,-0.0098
202504,iMFT,-0.044
202505,iMFT,-0.0163
202506,iMFT,-0.0
202507,iMFT,0.0035
202508,iMFT,0.0147
202509,iMFT,0.0331
202510,iMFT,0.0103
202511,iMFT,0.0111
202512,iMFT,0.0178
202601,iMFT,0.0372
202602,iMFT,0.0311
202603,iMFT,-0.0094
202604,iMFT,0.0255
199801,iMFTNTF,0.03276666666666667
199802,iMFTNTF,-0.03256666666666667
199803,iMFTNTF,-0.010200000000000002
199804,iMFTNTF,-0.028800000000000003
199805,iMFTNTF,0.03136666666666667
199806,iMFTNTF,0.0177
199807,iMFTNTF,-0.0007999999999999998
199808,iMFTNTF,0.07196666666666666
199809,iMFTNTF,0.1053
199810,iMFTNTF,0.06616666666666667
199811,iMFTNTF,-0.027399999999999994
199812,iMFTNTF,0.06766666666666667
199901,iMFTNTF,-0.0038999999999999985
199902,iMFTNTF,0.013333333333333334
199903,iMFTNTF,0.0067
199904,iMFTNTF,-0.002566666666666667
199905,iMFTNTF,-0.010033333333333337
199906,iMFTNTF,-0.013233333333333333
199907,iMFTNTF,-0.0462
199908,iMFTNTF,-0.0233
199909,iMFTNTF,0.05146666666666666
199910,iMFTNTF,-0.0712
199911,iMFTNTF,-0.06486666666666667
199912,iMFTNTF,0.024966666666666665
200001,iMFTNTF,0.036419999999999994
200002,iMFTNTF,0.02304
200003,iMFTNTF,0.00912
200004,iMFTNTF,0.018959999999999998
200005,iMFTNTF,0.030559999999999997
200006,iMFTNTF,-0.007720000000000002
200007,iMFTNTF,-0.01464
200008,iMFTNTF,0.00678
200009,iMFTNTF,0.0008799999999999988
200010,iMFTNTF,0.0045
200011,iMFTNTF,0.04618
200012,iMFTNTF,0.055319999999999994
200101,iMFTNTF,0.0032000000000000006
200102,iMFTNTF,0.0021571428571428575
200103,iMFTNTF,0.07964285714285714
200104,iMFTNTF,-0.023485714285714283
200105,iMFTNTF,0.026985714285714283
200106,iMFTNTF,-0.007671428571428571
200107,iMFTNTF,0.011257142857142858
200108,iMFTNTF,0.017971428571428572
200109,iMFTNTF,0.005342857142857142
200110,iMFTNTF,0.03962857142857142
200111,iMFTNTF,-0.0419
200112,iMFTNTF,0.02532857142857143
200201,iMFTNTF,0.013650000000000002
200202,iMFTNTF,-0.0354125
200203,iMFTNTF,0.0584125
200204,iMFTNTF,-0.00325
200205,iMFTNTF,0.00825
200206,iMFTNTF,0.05905
200207,iMFTNTF,0.0670625
200208,iMFTNTF,0.014037499999999998
200209,iMFTNTF,0.03975
200210,iMFTNTF,-0.024412500000000004
200211,iMFTNTF,-0.0117
200212,iMFTNTF,0.068225
200301,iMFTNTF,0.0060125
200302,iMFTNTF,0.029387500000000004
200303,iMFTNTF,-0.024099999999999996
200304,iMFTNTF,-0.0134875
200305,iMFTNTF,0.061274999999999996
200306,iMFTNTF,-0.0011875000000000006
200307,iMFTNTF,-0.0052
200308,iMFTNTF,0.0017749999999999997
200309,iMFTNTF,0.0275
200310,iMFTNTF,-0.0366875
200311,iMFTNTF,-0.0131125
200312,iMFTNTF,0.009062499999999998
200401,iMFTNTF,-0.0035375000000000007
200402,iMFTNTF,0.0207875
200403,iMFTNTF,0.004125
200404,iMFTNTF,-0.014512499999999998
200405,iMFTNTF,0.013337499999999999
200406,iMFTNTF,-0.0421875
200407,iMFTNTF,-0.0032625
200408,iMFTNTF,0.014875
200409,iMFTNTF,0.0034124999999999997
200410,iMFTNTF,0.036525
200411,iMFTNTF,0.00885
200412,iMFTNTF,0.0041375
200501,iMFTNTF,-0.027975
200502,iMFTNTF,-0.002787499999999999
200503,iMFTNTF,0.0129375
200504,iMFTNTF,0.0053875
200505,iMFTNTF,0.0204625
200506,iMFTNTF,0.0199625
200507,iMFTNTF,-0.019075
200508,iMFTNTF,0.0087
200509,iMFTNTF,0.0114375
200510,iMFTNTF,0.0041125
200511,iMFTNTF,0.0187875
200512,iMFTNTF,-0.002462500000000001
200601,iMFTNTF,0.009388888888888888
200602,iMFTNTF,0.0025888888888888875
200603,iMFTNTF,0.015277777777777779
200604,iMFTNTF,0.049944444444444444
200605,iMFTNTF,0.01655555555555556
200606,iMFTNTF,0.011755555555555554
200607,iMFTNTF,-0.014422222222222222
200608,iMFTNTF,0.0015111111111111113
200609,iMFTNTF,0.0055222222222222235
200610,iMFTNTF,0.024911111111111113
200611,iMFTNTF,0.05168888888888888
200612,iMFTNTF,-0.007133333333333333
200701,iMFTNTF,0.016022222222222222
200702,iMFTNTF,-0.0018333333333333342
200703,iMFTNTF,-0.006988888888888888
200704,iMFTNTF,0.008311111111111111
200705,iMFTNTF,-0.0035333333333333345
200706,iMFTNTF,0.030699999999999998
200707,iMFTNTF,0.028766666666666663
200708,iMFTNTF,0.028999999999999995
200709,iMFTNTF,0.033355555555555555
200710,iMFTNTF,0.02337777777777778
200711,iMFTNTF,0.03056666666666667
200712,iMFTNTF,0.024355555555555557
200801,iMFTNTF,0.030580000000000006
200802,iMFTNTF,0.04994
200803,iMFTNTF,0.011890000000000001
200804,iMFTNTF,0.0023900000000000006
200805,iMFTNTF,0.0071400000000000005
200806,iMFTNTF,0.005840000000000001
200807,iMFTNTF,-0.0033100000000000017
200808,iMFTNTF,-0.001959999999999999
200809,iMFTNTF,0.039400000000000004
200810,iMFTNTF,0.04043
200811,iMFTNTF,0.03001
200812,iMFTNTF,0.022650000000000003
200901,iMFTNTF,0.01874
200902,iMFTNTF,-0.00262
200903,iMFTNTF,-0.01899
200904,iMFTNTF,-0.01132
200905,iMFTNTF,0.04462000000000001
200906,iMFTNTF,-0.0013999999999999998
200907,iMFTNTF,-0.005210000000000001
200908,iMFTNTF,-0.0027699999999999995
200909,iMFTNTF,0.01092
200910,iMFTNTF,-0.00971
200911,iMFTNTF,0.00266
200912,iMFTNTF,-0.04283
201001,iMFTNTF,-0.01639
201002,iMFTNTF,0.01742
201003,iMFTNTF,-0.01356
201004,iMFTNTF,0.014819999999999996
201005,iMFTNTF,0.03065
201006,iMFTNTF,0.00412
201007,iMFTNTF,0.004710000000000001
201008,iMFTNTF,0.04348
201009,iMFTNTF,-0.002639999999999999
201010,iMFTNTF,0.010170000000000002
201011,iMFTNTF,-0.03215
201012,iMFTNTF,0.02074
201101,iMFTNTF,-0.0313
201102,iMFTNTF,0.018529999999999998
201103,iMFTNTF,-0.019690000000000003
201104,iMFTNTF,0.028460000000000003
201105,iMFTNTF,0.0022600000000000007
201106,iMFTNTF,-0.01266
201107,iMFTNTF,0.03388
201108,iMFTNTF,0.010939999999999998
201109,iMFTNTF,0.013000000000000001
201110,iMFTNTF,-0.022789999999999998
201111,iMFTNTF,-0.0007099999999999992
201112,iMFTNTF,0.006660000000000001
201201,iMFTNTF,0.010083333333333335
201202,iMFTNTF,-0.004425000000000001
201203,iMFTNTF,-0.01626666666666667
201204,iMFTNTF,0.003025
201205,iMFTNTF,0.0271
201206,iMFTNTF,-0.018
201207,iMFTNTF,0.014449999999999998
201208,iMFTNTF,-0.022558333333333333
201209,iMFTNTF,-0.01199166666666667
201210,iMFTNTF,-0.016200000000000003
201211,iMFTNTF,0.003941666666666667
201212,iMFTNTF,0.004266666666666666
201301,iMFTNTF,0.0029571428571428587
201302,iMFTNTF,0.00815
201303,iMFTNTF,0.004121428571428572
201304,iMFTNTF,0.03675
201305,iMFTNTF,-0.021114285714285714
201306,iMFTNTF,-0.003135714285714287
201307,iMFTNTF,-0.012921428571428573
201308,iMFTNTF,-0.0023571428571428576
201309,iMFTNTF,-0.012307142857142859
201310,iMFTNTF,0.01612857142857143
201311,iMFTNTF,0.010071428571428573
201312,iMFTNTF,0.0184
201401,iMFTNTF,0.023966666666666667
201402,iMFTNTF,-0.005300000000000001
201403,iMFTNTF,-0.012086666666666667
201404,iMFTNTF,-0.008426666666666666
201405,iMFTNTF,0.02591333333333333
201406,iMFTNTF,0.0005666666666666666
201407,iMFTNTF,-0.010020000000000001
201408,iMFTNTF,0.027133333333333332
201409,iMFTNTF,0.017986666666666668
201410,iMFTNTF,0.006053333333333335
201411,iMFTNTF,0.03322
201412,iMFTNTF,0.016766666666666666
201501,iMFTNTF,0.04457058823529412
201502,iMFTNTF,0.003111764705882353
201503,iMFTNTF,0.011423529411764706
201504,iMFTNTF,-0.012058823529411766
201505,iMFTNTF,-0.002588235294117647
201506,iMFTNTF,-0.0333235294117647
201507,iMFTNTF,0.016582352941176468
201508,iMFTNTF,-0.0039058823529411766
201509,iMFTNTF,0.011629411764705881
201510,iMFTNTF,-0.007635294117647057
201511,iMFTNTF,0.02503529411764706
201512,iMFTNTF,-0.022141176470588234
201601,iMFTNTF,0.03975294117647059
201602,iMFTNTF,0.04137058823529411
201603,iMFTNTF,-0.01500588235294118
201604,iMFTNTF,-0.004605882352941176
201605,iMFTNTF,-0.0048823529411764705
201606,iMFTNTF,0.030811764705882354
201607,iMFTNTF,0.008776470588235295
201608,iMFTNTF,-0.028770588235294117
201609,iMFTNTF,-0.016676470588235296
201610,iMFTNTF,-0.023847058823529416
201611,iMFTNTF,-0.003023529411764706
201612,iMFTNTF,0.007929411764705883
201701,iMFTNTF,-0.02955882352941177
201702,iMFTNTF,-0.009170588235294116
201703,iMFTNTF,-0.002494117647058823
201704,iMFTNTF,-0.003847058823529411
201705,iMFTNTF,0.0038529411764705876
201706,iMFTNTF,-0.012541176470588236
201707,iMFTNTF,0.007494117647058825
201708,iMFTNTF,0.005470588235294118
201709,iMFTNTF,-0.004658823529411765
201710,iMFTNTF,0.021543750000000004
201711,iMFTNTF,-0.011006249999999999
201712,iMFTNTF,-0.006687500000000001
201801,iMFTNTF,0.042027777777777775
201802,iMFTNTF,-0.053117647058823526
201803,iMFTNTF,-0.011711764705882352
201804,iMFTNTF,0.006905882352941176
201805,iMFTNTF,0.0097
201806,iMFTNTF,-0.009623529411764706
201807,iMFTNTF,0.006035294117647061
201808,iMFTNTF,0.014570588235294116
201809,iMFTNTF,-0.0032176470588235295
201810,iMFTNTF,-0.02175294117647059
201811,iMFTNTF,-0.0015823529411764688
201812,iMFTNTF,0.02774375
201901,iMFTNTF,-0.013021428571428571
201902,iMFTNTF,-0.00455
201903,iMFTNTF,0.03675
201904,iMFTNTF,0.00040000000000000024
201905,iMFTNTF,-0.02013076923076923
201906,iMFTNTF,0.01780769230769231
201907,iMFTNTF,-0.0034230769230769215
201908,iMFTNTF,0.024369230769230768
201909,iMFTNTF,-0.01598461538461539
201910,iMFTNTF,-0.004061538461538463
201911,iMFTNTF,0.016
201912,iMFTNTF,0.005476923076923078
202001,iMFTNTF,0.022192307692307692
202002,iMFTNTF,-0.0023307692307692283
202003,iMFTNTF,-0.01916153846153846
202004,iMFTNTF,0.00023076923076923084
202005,iMFTNTF,-0.0012615384615384613
202006,iMFTNTF,-0.010292307692307693
202007,iMFTNTF,-0.003930769230769225
202008,iMFTNTF,-0.021746153846153846
202009,iMFTNTF,0.006092307692307692
202010,iMFTNTF,-0.005415384615384617
202011,iMFTNTF,0.013515384615384611
202012,iMFTNTF,0.01423076923076923
202101,iMFTNTF,-0.019280000000000002
202102,iMFTNTF,0.03853333333333333
202103,iMFTNTF,0.005166666666666666
202104,iMFTNTF,0.013360000000000002
202105,iMFTNTF,0.007206666666666667
202106,iMFTNTF,-0.009273333333333331
202107,iMFTNTF,0.006606666666666667
202108,iMFTNTF,0.0009866666666666654
202109,iMFTNTF,-0.012373333333333335
202110,iMFTNTF,0.024006666666666666
202111,iMFTNTF,-0.0152
202112,iMFTNTF,-0.006684615384615385
202201,iMFTNTF,-0.010707692307692307
202202,iMFTNTF,0.013292307692307694
202203,iMFTNTF,0.04083076923076923
202204,iMFTNTF,0.03582307692307692
202205,iMFTNTF,-0.004792307692307693
202206,iMFTNTF,0.014607692307692313
202207,iMFTNTF,-0.002285714285714286
202208,iMFTNTF,0.013442857142857144
202209,iMFTNTF,0.020069230769230766
202210,iMFTNTF,-0.008846153846153846
202211,iMFTNTF,-0.033615384615384616
202212,iMFTNTF,-0.0027230769230769235
202301,iMFTNTF,-0.001921428571428572
202302,iMFTNTF,0.005057142857142857
202303,iMFTNTF,-0.023049999999999998
202304,iMFTNTF,0.004014285714285714
202305,iMFTNTF,-0.0013357142857142853
202306,iMFTNTF,6.153846153846197e-05
202307,iMFTNTF,-0.008323076923076923
202308,iMFTNTF,-0.014130769230769228
202309,iMFTNTF,0.026771428571428574
202310,iMFTNTF,-0.010107142857142854
202311,iMFTNTF,-0.020085714285714287
202312,iMFTNTF,0.0034285714285714293
202401,iMFTNTF,-0.007064285714285713
202402,iMFTNTF,0.014385714285714288
202403,iMFTNTF,0.017942857142857146
202404,iMFTNTF,0.021085714285714284
202405,iMFTNTF,-0.015035714285714288
202406,iMFTNTF,-0.028733333333333333
202407,iMFTNTF,-0.0176
202408,iMFTNTF,-0.0033
202409,iMFTNTF,0.006
202410,iMFTNTF,-0.0129
202411,iMFTNTF,0.0099
202412,iMFTNTF,0.0083
202501,iMFTNTF,-0.0031
202502,iMFTNTF,-0.0184
202503,iMFTNTF,0.0032
202504,iMFTNTF,-0.0004
202505,iMFTNTF,-0.0197
202506,iMFTNTF,-0.009
202507,iMFTNTF,0.0123
202508,iMFTNTF,-0.0018
202509,iMFTNTF,0.008
202510,iMFTNTF,0.003
202511,iMFTNTF,-0.0063
202512,iMFTNTF,0.0006
202601,iMFTNTF,0.0431
202602,iMFTNTF,0.0253
202603,iMFTNTF,0.0363
202604,iMFTNTF,0.0141
199801,iMFTTFO,0.034466666666666666
199802,iMFTTFO,-0.018133333333333335
199803,iMFTTFO,0.020283333333333334
199804,iMFTTFO,-0.07073333333333333
199805,iMFTTFO,0.023016666666666668
199806,iMFTTFO,-0.007383333333333333
199807,iMFTTFO,-0.0084
199808,iMFTTFO,0.14125000000000001
199809,iMFTTFO,0.07253333333333334
199810,iMFTTFO,0.05181666666666667
199811,iMFTTFO,-0.05263333333333333
199812,iMFTTFO,0.054866666666666675
199901,iMFTTFO,-0.0324875
199902,iMFTTFO,0.034499999999999996
199903,iMFTTFO,-0.0138
199904,iMFTTFO,0.03185
199905,iMFTTFO,-0.0099125
199906,iMFTTFO,0.0262625
199907,iMFTTFO,-0.0244375
199908,iMFTTFO,0.023400000000000004
199909,iMFTTFO,0.007600000000000001
199910,iMFTTFO,-0.0439125
199911,iMFTTFO,0.0067625
199912,iMFTTFO,0.0205125
200001,iMFTTFO,0.006730000000000002
200002,iMFTTFO,-0.00928
200003,iMFTTFO,-0.048549999999999996
200004,iMFTTFO,-0.010780000000000001
200005,iMFTTFO,0.007699999999999997
200006,iMFTTFO,-0.030369999999999998
200007,iMFTTFO,-0.00998
200008,iMFTTFO,0.03159
200009,iMFTTFO,-0.03257
200010,iMFTTFO,0.03048
200011,iMFTTFO,0.09838
200012,iMFTTFO,0.11080999999999999
200101,iMFTTFO,0.013454545454545453
200102,iMFTTFO,0.014309090909090912
200103,iMFTTFO,0.07592727272727272
200104,iMFTTFO,-0.06661818181818181
200105,iMFTTFO,0.004145454545454546
200106,iMFTTFO,-0.01761818181818182
200107,iMFTTFO,-0.011763636363636363
200108,iMFTTFO,0.0317
200109,iMFTTFO,0.059000000000000004
200110,iMFTTFO,0.08429999999999999
200111,iMFTTFO,-0.08861818181818182
200112,iMFTTFO,0.003845454545454546
200201,iMFTTFO,-0.011725
200202,iMFTTFO,-0.037875
200203,iMFTTFO,0.00841666666666667
200204,iMFTTFO,-0.022966666666666666
200205,iMFTTFO,0.018133333333333335
200206,iMFTTFO,0.09798333333333335
200207,iMFTTFO,0.08237499999999999
200208,iMFTTFO,0.03936666666666667
200209,iMFTTFO,0.06649166666666667
200210,iMFTTFO,-0.06364166666666667
200211,iMFTTFO,-0.04447500000000001
200212,iMFTTFO,0.10857499999999999
200301,iMFTTFO,0.060349999999999994
200302,iMFTTFO,0.08044166666666668
200303,iMFTTFO,-0.07006666666666667
200304,iMFTTFO,0.006000000000000001
200305,iMFTTFO,0.08456666666666666
200306,iMFTTFO,-0.03555
200307,iMFTTFO,-0.02185833333333333
200308,iMFTTFO,0.007775000000000001
200309,iMFTTFO,0.0010499999999999986
200310,iMFTTFO,0.013083333333333336
200311,iMFTTFO,-0.006908333333333333
200312,iMFTTFO,0.04438333333333333
200401,iMFTTFO,0.008633333333333331
200402,iMFTTFO,0.078725
200403,iMFTTFO,-0.009
200404,iMFTTFO,-0.08929166666666667
200405,iMFTTFO,-0.017191666666666668
200406,iMFTTFO,-0.035708333333333335
200407,iMFTTFO,-0.016675
200408,iMFTTFO,0.012183333333333332
200409,iMFTTFO,0.025466666666666665
200410,iMFTTFO,0.0461
200411,iMFTTFO,0.056183333333333335
200412,iMFTTFO,-0.0014249999999999998
200501,iMFTTFO,-0.032830769230769226
200502,iMFTTFO,-0.0028923076923076914
200503,iMFTTFO,0.00029230769230769214
200504,iMFTTFO,-0.032992307692307696
200505,iMFTTFO,0.03667692307692308
200506,iMFTTFO,0.03697692307692308
200507,iMFTTFO,-0.011076923076923078
200508,iMFTTFO,0.009953846153846153
200509,iMFTTFO,1.5384615384615292e-05
200510,iMFTTFO,-0.007915384615384614
200511,iMFTTFO,0.04698461538461539
200512,iMFTTFO,-0.014038461538461538
200601,iMFTTFO,0.014468749999999997
200602,iMFTTFO,-0.0142
200603,iMFTTFO,0.0304625
200604,iMFTTFO,0.040825
200605,iMFTTFO,-0.02280625
200606,iMFTTFO,-0.01169375
200607,iMFTTFO,-0.022175
200608,iMFTTFO,0.006843750000000001
200609,iMFTTFO,-0.01030625
200610,iMFTTFO,0.0152
200611,iMFTTFO,0.0165
200612,iMFTTFO,0.026099999999999998
200701,iMFTTFO,0.022188888888888886
200702,iMFTTFO,-0.03331666666666667
200703,iMFTTFO,-0.010072222222222222
200704,iMFTTFO,0.044144444444444444
200705,iMFTTFO,0.04663333333333333
200706,iMFTTFO,0.03434444444444444
200707,iMFTTFO,-0.03914444444444444
200708,iMFTTFO,-0.049433333333333336
200709,iMFTTFO,0.05249444444444444
200710,iMFTTFO,0.04702222222222222
200711,iMFTTFO,0.007194444444444444
200712,iMFTTFO,0.00558888888888889
200801,iMFTTFO,0.04452
200802,iMFTTFO,0.07796499999999999
200803,iMFTTFO,-0.010535
200804,iMFTTFO,-0.030369999999999998
200805,iMFTTFO,0.02505
200806,iMFTTFO,0.044895000000000004
200807,iMFTTFO,-0.05199499999999999
200808,iMFTTFO,-0.020685000000000002
200809,iMFTTFO,0.017070000000000002
200810,iMFTTFO,0.074345
200811,iMFTTFO,0.0498
200812,iMFTTFO,0.03301
200901,iMFTTFO,-0.004545454545454546
200902,iMFTTFO,0.008068181818181818
200903,iMFTTFO,-0.02243181818181818
200904,iMFTTFO,-0.03125
200905,iMFTTFO,0.0036409090909090905
200906,iMFTTFO,-0.027759090909090914
200907,iMFTTFO,0.00874090909090909
200908,iMFTTFO,0.013772727272727272
200909,iMFTTFO,0.0315090909090909
200910,iMFTTFO,-0.024490909090909094
200911,iMFTTFO,0.05411818181818182
200912,iMFTTFO,-0.036713636363636365
201001,iMFTTFO,-0.02944782608695652
201002,iMFTTFO,0.018230434782608697
201003,iMFTTFO,0.03925217391304348
201004,iMFTTFO,0.01891304347826087
201005,iMFTTFO,-0.020465217391304347
201006,iMFTTFO,0.013700000000000002
201007,iMFTTFO,-0.011656521739130435
201008,iMFTTFO,0.05390434782608695
201009,iMFTTFO,0.014517391304347827
201010,iMFTTFO,0.035108695652173914
201011,iMFTTFO,-0.035456521739130435
201012,iMFTTFO,0.04721304347826087
201101,iMFTTFO,-0.0032739130434782603
201102,iMFTTFO,0.024443478260869567
201103,iMFTTFO,-0.027391304347826086
201104,iMFTTFO,0.05018695652173912
201105,iMFTTFO,-0.03530869565217391
201106,iMFTTFO,-0.03672608695652174
201107,iMFTTFO,0.054186956521739126
201108,iMFTTFO,0.024613043478260873
201109,iMFTTFO,0.0036347826086956525
201110,iMFTTFO,-0.04167826086956522
201111,iMFTTFO,0.005343478260869564
201112,iMFTTFO,0.01507391304347826
201201,iMFTTFO,0.009007999999999999
201202,iMFTTFO,0.006595999999999999
201203,iMFTTFO,-0.013992
201204,iMFTTFO,0.00962
201205,iMFTTFO,0.027131999999999996
201206,iMFTTFO,-0.041148000000000004
201207,iMFTTFO,0.04759200000000001
201208,iMFTTFO,-0.014844000000000001
201209,iMFTTFO,-0.013420000000000001
201210,iMFTTFO,-0.037936
201211,iMFTTFO,0.005908
201212,iMFTTFO,0.008364
201301,iMFTTFO,0.02007692307692308
201302,iMFTTFO,0.0029692307692307687
201303,iMFTTFO,0.016765384615384613
201304,iMFTTFO,0.034892307692307695
201305,iMFTTFO,-0.037303846153846146
201306,iMFTTFO,-0.03856153846153846
201307,iMFTTFO,-0.0034769230769230767
201308,iMFTTFO,-0.024615384615384615
201309,iMFTTFO,0.004523076923076922
201310,iMFTTFO,0.029834615384615383
201311,iMFTTFO,0.025888461538461534
201312,iMFTTFO,-0.003503846153846155
201401,iMFTTFO,-0.024650000000000002
201402,iMFTTFO,0.0173
201403,iMFTTFO,-0.01559642857142857
201404,iMFTTFO,0.011571428571428571
201405,iMFTTFO,0.02334642857142857
201406,iMFTTFO,0.01967142857142857
201407,iMFTTFO,-0.010721428571428573
201408,iMFTTFO,0.04894642857142857
201409,iMFTTFO,0.03275714285714286
201410,iMFTTFO,0.018449999999999998
201411,iMFTTFO,0.071175
201412,iMFTTFO,0.023142857142857142
201501,iMFTTFO,0.057667741935483866
201502,iMFTTFO,-0.005396774193548387
201503,iMFTTFO,0.022535483870967744
201504,iMFTTFO,-0.04034838709677419
201505,iMFTTFO,0.0001741935483870969
201506,iMFTTFO,-0.04505483870967742
201507,iMFTTFO,0.03928064516129033
201508,iMFTTFO,-0.030277419354838714
201509,iMFTTFO,0.031075000000000005
201510,iMFTTFO,-0.0203375
201511,iMFTTFO,0.03749999999999999
201512,iMFTTFO,-0.022653125000000003
201601,iMFTTFO,0.041697142857142856
201602,iMFTTFO,0.03182571428571429
201603,iMFTTFO,-0.032362857142857145
201604,iMFTTFO,-0.028211428571428575
201605,iMFTTFO,-0.012374285714285714
201606,iMFTTFO,0.05530285714285714
201607,iMFTTFO,0.012625714285714285
201608,iMFTTFO,-0.030734285714285717
201609,iMFTTFO,-0.0010314285714285714
201610,iMFTTFO,-0.03864285714285714
201611,iMFTTFO,-0.009602857142857144
201612,iMFTTFO,0.01092857142857143
201701,iMFTTFO,-0.013791666666666666
201702,iMFTTFO,0.03376944444444444
201703,iMFTTFO,-0.017305555555555557
201704,iMFTTFO,0.005841666666666668
201705,iMFTTFO,0.0033083333333333337
201706,iMFTTFO,-0.038455555555555555
201707,iMFTTFO,0.013252777777777778
201708,iMFTTFO,0.02195277777777778
201709,iMFTTFO,-0.026294444444444443
201710,iMFTTFO,0.05864722222222222
201711,iMFTTFO,0.00043333333333333353
201712,iMFTTFO,0.013586111111111111
201801,iMFTTFO,0.04817837837837837
201802,iMFTTFO,-0.08114594594594594
201803,iMFTTFO,-0.003310810810810811
201804,iMFTTFO,0.007245945945945946
201805,iMFTTFO,-0.015508108108108107
201806,iMFTTFO,0.002167567567567568
201807,iMFTTFO,-0.003524324324324325
201808,iMFTTFO,0.032529729729729735
201809,iMFTTFO,-0.009321621621621623
201810,iMFTTFO,-0.04883513513513513
201811,iMFTTFO,-0.00922972972972973
201812,iMFTTFO,0.01142972972972973
201901,iMFTTFO,-0.015677777777777777
201902,iMFTTFO,0.0020277777777777785
201903,iMFTTFO,0.049933333333333337
201904,iMFTTFO,0.022542857142857142
201905,iMFTTFO,-0.013765714285714284
201906,iMFTTFO,0.03854
201907,iMFTTFO,0.03620882352941176
201908,iMFTTFO,0.050802941176470585
201909,iMFTTFO,-0.041258823529411764
201910,iMFTTFO,-0.03496285714285715
201911,iMFTTFO,0.01302
201912,iMFTTFO,-0.004464705882352941
202001,iMFTTFO,0.012545945945945948
202002,iMFTTFO,-0.0195054054054054
202003,iMFTTFO,-0.004639473684210527
202004,iMFTTFO,0.0013216216216216216
202005,iMFTTFO,-0.013324999999999998
202006,iMFTTFO,-0.01426111111111111
202007,iMFTTFO,0.02692
202008,iMFTTFO,-0.011620000000000002
202009,iMFTTFO,-0.023042857142857143
202010,iMFTTFO,-0.007845714285714286
202011,iMFTTFO,0.02126857142857143
202012,iMFTTFO,0.05769714285714286
202101,iMFTTFO,-0.00978421052631579
202102,iMFTTFO,0.03348947368421053
202103,iMFTTFO,0.01451081081081081
202104,iMFTTFO,0.03288918918918919
202105,iMFTTFO,0.02342972972972973
202106,iMFTTFO,-0.013232432432432432
202107,iMFTTFO,0.011366666666666666
202108,iMFTTFO,0.0016777777777777774
202109,iMFTTFO,0.005663888888888889
202110,iMFTTFO,0.03622222222222222
202111,iMFTTFO,-0.03975142857142857
202112,iMFTTFO,0.005177142857142858
202201,iMFTTFO,0.011054285714285714
202202,iMFTTFO,0.02639714285714285
202203,iMFTTFO,0.07711142857142857
202204,iMFTTFO,0.05208333333333333
202205,iMFTTFO,-0.004116666666666667
202206,iMFTTFO,0.017056756756756754
202207,iMFTTFO,-0.03511351351351351
202208,iMFTTFO,0.035924324324324325
202209,iMFTTFO,0.049499999999999995
202210,iMFTTFO,-0.0005054054054054048
202211,iMFTTFO,-0.05925405405405406
202212,iMFTTFO,0.001986486486486487
202301,iMFTTFO,-0.01205
202302,iMFTTFO,0.019502702702702705
202303,iMFTTFO,-0.062156756756756755
202304,iMFTTFO,0.023348648648648645
202305,iMFTTFO,0.01935135135135135
202306,iMFTTFO,0.024086486486486487
202307,iMFTTFO,-0.0013081081081081076
202308,iMFTTFO,-0.004058333333333334
202309,iMFTTFO,0.02833888888888889
202310,iMFTTFO,-0.008080555555555556
202311,iMFTTFO,-0.03803611111111111
202312,iMFTTFO,-0.006624999999999999
202401,iMFTTFO,0.013905405405405408
202402,iMFTTFO,0.055421621621621626
202403,iMFTTFO,0.0415027027027027
202404,iMFTTFO,0.013956756756756755
202405,iMFTTFO,-0.011967567567567566
202406,iMFTTFO,-0.022570270270270275
202407,iMFTTFO,-0.0156
202408,iMFTTFO,-0.034
202409,iMFTTFO,0.0071
202410,iMFTTFO,-0.0312
202411,iMFTTFO,0.0209
202412,iMFTTFO,0.0123
202501,iMFTTFO,0.0023
202502,iMFTTFO,-0.0351
202503,iMFTTFO,-0.0144
202504,iMFTTFO,-0.0629
202505,iMFTTFO,-0.016
202506,iMFTTFO,0.0066
202507,iMFTTFO,-0.0012
202508,iMFTTFO,0.0237
202509,iMFTTFO,0.0447
202510,iMFTTFO,0.0129
202511,iMFTTFO,0.0159
202512,iMFTTFO,0.0245
202601,iMFTTFO,0.0424
202602,iMFTTFO,0.0376
202603,iMFTTFO,-0.0229
202604,iMFTTFO,0.0302
199801,iMST,0.0071
199802,iMST,0.0142
199803,iMST,0.0443
199804,iMST,0.0136
199805,iMST,0.0088
199806,iMST,-0.017
199807,iMST,0.0006
199808,iMST,-0.0422
199809,iMST,-0.0555
199810,iMST,-0.0347
199811,iMST,0.018
199812,iMST,0.0276
199901,iMST,0.0161
199902,iMST,0.0111
199903,iMST,0.0206
199904,iMST,0.0219
199905,iMST,0.0192
199906,iMST,0.0339
199907,iMST,0.0161
199908,iMST,0.0111
199909,iMST,0.0178
199910,iMST,0.0066
199911,iMST,0.0166
199912,iMST,0.025
200001,iMST,0.0213
200002,iMST,0.0442
200003,iMST,0.0179
200004,iMST,0.0229
200005,iMST,0.0143
200006,iMST,0.0163
200007,iMST,0.0116
200008,iMST,0.0192
200009,iMST,0.0122
200010,iMST,0.0064
200011,iMST,0.0039
200012,iMST,0.0169
200101,iMST,0.022
200102,iMST,0.0121
200103,iMST,0.0104
200104,iMST,0.0095
200105,iMST,0.0145
200106,iMST,0.0018
200107,iMST,0.0045
200108,iMST,0.0123
200109,iMST,-0.0122
200110,iMST,0.0067
200111,iMST,0.006
200112,iMST,0.0269
200201,iMST,0.0098
200202,iMST,0.0001
200203,iMST,0.0156
200204,iMST,0.0058
200205,iMST,0.0025
200206,iMST,-0.0111
200207,iMST,-0.0044
200208,iMST,0.0015
200209,iMST,-0.0078
200210,iMST,0.0062
200211,iMST,0.0185
200212,iMST,0.014
200301,iMST,0.0113
200302,iMST,0.0058
200303,iMST,0.001
200304,iMST,0.0188
200305,iMST,0.023
200306,iMST,0.0148
200307,iMST,0.0073
200308,iMST,0.0104
200309,iMST,0.0202
200310,iMST,0.0151
200311,iMST,0.0108
200312,iMST,0.0098
200401,iMST,0.0189
200402,iMST,0.0061
200403,iMST,0.0095
200404,iMST,0.0059
200405,iMST,-0.0019
200406,iMST,-0.0027
200407,iMST,0.0004
200408,iMST,0.0023
200409,iMST,0.0074
200410,iMST,0.0078
200411,iMST,0.0241
200412,iMST,0.0168
200501,iMST,0.008
200502,iMST,0.0123
200503,iMST,0.0012
200504,iMST,-0.0074
200505,iMST,-0.0022
200506,iMST,0.0152
200507,iMST,0.0169
200508,iMST,0.0102
200509,iMST,0.0149
200510,iMST,-0.0017
200511,iMST,0.0126
200512,iMST,0.023
200601,iMST,0.0294
200602,iMST,0.0129
200603,iMST,0.018
200604,iMST,0.0176
200605,iMST,-0.0006
200606,iMST,0.0025
200607,iMST,0.0036
200608,iMST,0.0099
200609,iMST,0.0126
200610,iMST,0.0148
200611,iMST,0.0192
200612,iMST,0.02
200701,iMST,0.0185
200702,iMST,0.0108
200703,iMST,0.0126
200704,iMST,0.019
200705,iMST,0.0235
200706,iMST,0.0135
200707,iMST,0.0137
200708,iMST,-0.0123
200709,iMST,0.0134
200710,iMST,0.0303
200711,iMST,0.0043
200712,iMST,0.011
200801,iMST,-0.0026
200802,iMST,0.0158
200803,iMST,-0.0193
200804,iMST,0.0063
200805,iMST,0.0181
200806,iMST,0.0056
200807,iMST,-0.0092
200808,iMST,-0.0058
200809,iMST,-0.0588
200810,iMST,-0.0585
200811,iMST,-0.0221
200812,iMST,-0.0048
200901,iMST,0.0369
200902,iMST,0.0152
200903,iMST,0.0075
200904,iMST,0.0255
200905,iMST,0.0431
200906,iMST,0.0188
200907,iMST,0.0323
200908,iMST,0.0201
200909,iMST,0.0282
200910,iMST,0.0154
200911,iMST,0.0054
200912,iMST,0.0138
201001,iMST,0.0125
201002,iMST,0.0037
201003,iMST,0.0173
201004,iMST,0.0184
201005,iMST,-0.0174
201006,iMST,-0.0041
201007,iMST,0.0116
201008,iMST,0.0116
201009,iMST,0.0209
201010,iMST,0.0205
201011,iMST,0.0053
201012,iMST,0.0186
201101,iMST,0.0145
201102,iMST,0.0098
201103,iMST,0.0076
201104,iMST,0.0115
201105,iMST,0.0008
201106,iMST,0.0027
201107,iMST,0.0053
201108,iMST,-0.0198
201109,iMST,-0.0194
201110,iMST,0.0115
201111,iMST,-0.0044
201112,iMST,0.0001
201201,iMST,0.022
201202,iMST,0.0121
201203,iMST,0.0061
201204,iMST,0.0012
201205,iMST,-0.0056
201206,iMST,0.0027
201207,iMST,0.0125
201208,iMST,0.0119
201209,iMST,0.0102
201210,iMST,0.0068
201211,iMST,0.0087
201212,iMST,0.0193
201301,iMST,0.0195
201302,iMST,0.0025
201303,iMST,0.0084
201304,iMST,0.0107
201305,iMST,0.0133
201306,iMST,-0.0047
201307,iMST,0.011
201308,iMST,0.0008
201309,iMST,0.0154
201310,iMST,0.0136
201311,iMST,0.0121
201312,iMST,0.0153
201401,iMST,0.0072
201402,iMST,0.0161
201403,iMST,-0.0082
201404,iMST,-0.0059
201405,iMST,0.0099
201406,iMST,0.0095
201407,iMST,0.0017
201408,iMST,0.0041
201409,iMST,0.0047
201410,iMST,-0.011
201411,iMST,0.011
201412,iMST,0.0044
201501,iMST,0.0035
201502,iMST,0.0144
201503,iMST,0.0105
201504,iMST,0.0108
201505,iMST,0.01
201506,iMST,-0.0073
201507,iMST,0.0
201508,iMST,-0.0059
201509,iMST,-0.0125
201510,iMST,0.0052
201511,iMST,0.0019
201512,iMST,-0.0035
201601,iMST,-0.0135
201602,iMST,-0.0051
201603,iMST,0.009
201604,iMST,0.0096
201605,iMST,0.0045
201606,iMST,-0.0059
201607,iMST,0.0147
201608,iMST,0.0104
201609,iMST,0.0081
201610,iMST,0.0044
201611,iMST,0.0036
201612,iMST,0.0076
201701,iMST,0.0081
201702,iMST,0.0059
201703,iMST,0.0032
201704,iMST,0.0053
201705,iMST,0.0012
201706,iMST,0.002
201707,iMST,0.0064
201708,iMST,0.0067
201709,iMST,0.0099
201710,iMST,0.0123
201711,iMST,-0.0026
201712,iMST,0.0079
201801,iMST,0.0203
201802,iMST,-0.0013
201803,iMST,-0.0014
201804,iMST,-0.0004
201805,iMST,0.0054
201806,iMST,-0.0023
201807,iMST,0.0032
201808,iMST,0.0013
201809,iMST,0.0053
201810,iMST,-0.0112
201811,iMST,-0.0115
201812,iMST,0.0008
201901,iMST,0.0178
201902,iMST,0.0061
201903,iMST,0.0061
201904,iMST,0.0091
201905,iMST,-0.0058
201906,iMST,0.0087
201907,iMST,0.006
201908,iMST,0.001
201909,iMST,-0.0026
201910,iMST,0.004
201911,iMST,0.0055
201912,iMST,0.0166
202001,iMST,0.0068
202002,iMST,-0.0003
202003,iMST,-0.0636
202004,iMST,0.0195
202005,iMST,0.0214
202006,iMST,0.0259
202007,iMST,0.0223
202008,iMST,0.0141
202009,iMST,0.0071
202010,iMST,0.0023
202011,iMST,0.0315
202012,iMST,0.0392
202101,iMST,0.0127
202102,iMST,0.0329
202103,iMST,-0.0029
202104,iMST,0.0127
202105,iMST,0.0045
202106,iMST,0.0034
202107,iMST,-0.0055
202108,iMST,0.0108
202109,iMST,0.0147
202110,iMST,0.0064
202111,iMST,-0.0062
202112,iMST,0.0054
202201,iMST,0.0002
202202,iMST,0.0037
202203,iMST,-0.0021
202204,iMST,0.007
202205,iMST,-0.0104
202206,iMST,-0.0005
202207,iMST,-0.005
202208,iMST,0.0104
202209,iMST,-0.0047
202210,iMST,0.001
202211,iMST,0.0032
202212,iMST,0.0155
202301,iMST,0.0131
202302,iMST,0.002
202303,iMST,-0.0044
202304,iMST,0.002
202305,iMST,-0.0022
202306,iMST,0.0088
202307,iMST,0.0072
202308,iMST,0.0048
202309,iMST,0.0061
202310,iMST,-0.0024
202311,iMST,0.0124
202312,iMST,0.0107
202401,iMST,0.0121
202402,iMST,0.0116
202403,iMST,0.0178
202404,iMST,0.0045
202405,iMST,0.0081
202406,iMST,0.0074
202407,iMST,0.0032
202408,iMST,0.0046
202409,iMST,0.0101
202410,iMST,0.0063
202411,iMST,0.0114
202412,iMST,0.0108
202501,iMST,0.0123
202502,iMST,0.0004
202503,iMST,-0.0068
202504,iMST,0.0038
202505,iMST,0.0133
202506,iMST,0.0142
202507,iMST,0.0075
202508,iMST,0.0116
202509,iMST,0.0154
202510,iMST,0.0123
202511,iMST,0.0041
202512,iMST,0.0138
202601,iMST,0.0193
202602,iMST,0.011
202603,iMST,-0.0139
202604,iMST,0.0226
200301,iQNT,0.0198
200302,iQNT,0.0075
200303,iQNT,0.0088
200304,iQNT,-0.0112
200305,iQNT,-0.0059
200306,iQNT,0.0001
200307,iQNT,-0.0136
200308,iQNT,-0.003
200309,iQNT,0.0123
200310,iQNT,0.0094
200311,iQNT,0.0071
200312,iQNT,0.006
200401,iQNT,0.0134
200402,iQNT,-0.0021
200403,iQNT,0.0142
200404,iQNT,0.0027
200405,iQNT,0.0001
200406,iQNT,0.0091
200407,iQNT,0.0136
200408,iQNT,0.0025
200409,iQNT,-0.0008
200410,iQNT,0.0021
200411,iQNT,0.0007
200412,iQNT,-0.0023
200501,iQNT,0.0126
200502,iQNT,0.0164
200503,iQNT,0.0042
200504,iQNT,-0.0012
200505,iQNT,0.0056
200506,iQNT,0.0063
200507,iQNT,0.0108
200508,iQNT,0.0075
200509,iQNT,0.0134
200510,iQNT,0.0088
200511,iQNT,0.0062
200512,iQNT,-0.0035
200601,iQNT,0.0204
200602,iQNT,0.0016
200603,iQNT,0.0005
200604,iQNT,0.0151
200605,iQNT,-0.0023
200606,iQNT,0.0103
200607,iQNT,0.0148
200608,iQNT,-0.0143
200609,iQNT,0.0018
200610,iQNT,0.0027
200611,iQNT,-0.0027
200612,iQNT,0.0185
200701,iQNT,0.0088
200702,iQNT,-0.002
200703,iQNT,0.0199
200704,iQNT,0.01
200705,iQNT,0.0101
200706,iQNT,0.0094
200707,iQNT,-0.0072
200708,iQNT,-0.041
200709,iQNT,0.0008
200710,iQNT,0.0098
200711,iQNT,-0.0122
200712,iQNT,0.0019
200801,iQNT,-0.0364
200802,iQNT,0.0117
200803,iQNT,-0.0188
200804,iQNT,0.0076
200805,iQNT,0.0302
200806,iQNT,-0.0229
200807,iQNT,0.0291
200808,iQNT,-0.0142
200809,iQNT,-0.0575
200810,iQNT,-0.0391
200811,iQNT,-0.0112
200812,iQNT,0.0046
200901,iQNT,-0.0029
200902,iQNT,-0.0219
200903,iQNT,0.0103
200904,iQNT,-0.0272
200905,iQNT,0.0208
200906,iQNT,0.0192
200907,iQNT,0.0206
200908,iQNT,-0.0042
200909,iQNT,0.0109
200910,iQNT,0.0037
200911,iQNT,0.0062
200912,iQNT,0.0082
201001,iQNT,-0.0026
201002,iQNT,0.0207
201003,iQNT,0.0159
201004,iQNT,0.007
201005,iQNT,-0.0019
201006,iQNT,0.0059
201007,iQNT,0.0121
201008,iQNT,-0.0056
201009,iQNT,0.0302
201010,iQNT,0.0238
201011,iQNT,0.0073
201012,iQNT,0.0039
201101,iQNT,0.0057
201102,iQNT,0.0169
201103,iQNT,0.016
201104,iQNT,0.0182
201105,iQNT,0.0149
201106,iQNT,0.0141
201107,iQNT,0.0074
201108,iQNT,0.0138
201109,iQNT,-0.0064
201110,iQNT,0.0335
201111,iQNT,0.0143
201112,iQNT,0.0079
201201,iQNT,0.0129
201202,iQNT,0.0176
201203,iQNT,0.0097
201204,iQNT,-0.0004
201205,iQNT,-0.0073
201206,iQNT,0.0035
201207,iQNT,0.0118
201208,iQNT,0.0087
201209,iQNT,0.0074
201210,iQNT,-0.0034
201211,iQNT,0.0175
201212,iQNT,-0.0031
201301,iQNT,0.0237
201302,iQNT,0.0199
201303,iQNT,0.0165
201304,iQNT,0.0128
201305,iQNT,0.0022
201306,iQNT,0.0043
201307,iQNT,0.018
201308,iQNT,-0.0148
201309,iQNT,0.0047
201310,iQNT,0.0311
201311,iQNT,0.0141
201312,iQNT,0.0069
201401,iQNT,-0.0133
201402,iQNT,0.0042
201403,iQNT,0.0187
201404,iQNT,0.0131
201405,iQNT,0.0092
201406,iQNT,-0.0098
201407,iQNT,0.0075
201408,iQNT,0.011
201409,iQNT,0.0033
201410,iQNT,0.0199
201411,iQNT,0.022
201412,iQNT,0.0085
201501,iQNT,0.0211
201502,iQNT,0.0006
201503,iQNT,0.0141
201504,iQNT,-0.0193
201505,iQNT,0.0039
201506,iQNT,-0.0051
201507,iQNT,0.0237
201508,iQNT,0.0083
201509,iQNT,0.0157
201510,iQNT,0.0175
201511,iQNT,0.0057
201512,iQNT,0.0035
201601,iQNT,0.0142
201602,iQNT,0.0021
201603,iQNT,0.019
201604,iQNT,-0.0152
201605,iQNT,-0.0002
201606,iQNT,0.0061
201607,iQNT,0.0079
201608,iQNT,-0.0158
201609,iQNT,-0.0037
201610,iQNT,0.0095
201611,iQNT,0.0131
201612,iQNT,0.0041
201701,iQNT,-0.0005
201702,iQNT,0.0127
201703,iQNT,0.0051
201704,iQNT,0.0064
201705,iQNT,-0.0047
201706,iQNT,-0.0052
201707,iQNT,0.0093
201708,iQNT,0.0223
201709,iQNT,0.0034
201710,iQNT,0.0252
201711,iQNT,0.0059
201712,iQNT,-0.006
201801,iQNT,0.0213
201802,iQNT,-0.0092
201803,iQNT,0.0096
201804,iQNT,-0.0065
201805,iQNT,-0.0024
201806,iQNT,-0.0119
201807,iQNT,0.0039
201808,iQNT,0.0086
201809,iQNT,-0.0034
201810,iQNT,-0.0098
201811,iQNT,-0.0096
201812,iQNT,0.0047
201901,iQNT,0.0117
201902,iQNT,-0.0034
201903,iQNT,-0.0006
201904,iQNT,-0.0089
201905,iQNT,-0.0034
201906,iQNT,0.0099
201907,iQNT,0.0022
201908,iQNT,-0.0057
201909,iQNT,0.0057
201910,iQNT,-0.0015
201911,iQNT,0.0
201912,iQNT,-0.005
202001,iQNT,-0.0043
202002,iQNT,-0.0288
202003,iQNT,-0.0329
202004,iQNT,0.0165
202005,iQNT,-0.0029
202006,iQNT,0.0093
202007,iQNT,0.0053
202008,iQNT,-0.0015
202009,iQNT,-0.0048
202010,iQNT,-0.0119
202011,iQNT,-0.0018
202012,iQNT,0.0121
202101,iQNT,-0.0151
202102,iQNT,0.0039
202103,iQNT,0.0338
202104,iQNT,0.0286
202105,iQNT,0.004
202106,iQNT,0.0041
202107,iQNT,0.0179
202108,iQNT,0.0027
202109,iQNT,-0.0051
202110,iQNT,0.0092
202111,iQNT,0.0177
202112,iQNT,0.0377
202201,iQNT,-0.0037
202202,iQNT,-0.0029
202203,iQNT,0.0217
202204,iQNT,0.0089
202205,iQNT,0.006
202206,iQNT,-0.0064
202207,iQNT,0.0135
202208,iQNT,-0.0087
202209,iQNT,-0.0065
202210,iQNT,0.0052
202211,iQNT,0.0238
202212,iQNT,0.0084
202301,iQNT,-0.0033
202302,iQNT,0.0098
202303,iQNT,0.0099
202304,iQNT,-0.0068
202305,iQNT,-0.0156
202306,iQNT,0.0206
202307,iQNT,0.0065
202308,iQNT,0.0091
202309,iQNT,0.0148
202310,iQNT,0.0051
202311,iQNT,0.0271
202312,iQNT,-0.0032
202401,iQNT,0.0339
202402,iQNT,0.0045
202403,iQNT,0.0224
202404,iQNT,-0.0065
202405,iQNT,0.0115
202406,iQNT,0.028
202407,iQNT,0.0076
202408,iQNT,0.0237
202409,iQNT,0.0061
202410,iQNT,-0.0111
202411,iQNT,0.0208
202412,iQNT,-0.0034
202501,iQNT,0.0212
202502,iQNT,0.0064
202503,iQNT,0.0077
202504,iQNT,0.0116
202505,iQNT,0.0217
202506,iQNT,-0.0052
202507,iQNT,-0.0226
202508,iQNT,0.017
202509,iQNT,-0.0025
202510,iQNT,-0.0019
202511,iQNT,0.0145
202512,iQNT,0.0187
202601,iQNT,-0.0066
202602,iQNT,0.0095
202603,iQNT,0.0043
202604,iQNT,0.0031
199901,iRVI,0.0197
199902,iRVI,0.0175
199903,iRVI,0.0275
199904,iRVI,0.0192
199905,iRVI,0.0196
199906,iRVI,0.0326
199907,iRVI,0.0144
199908,iRVI,0.0084
199909,iRVI,0.0157
199910,iRVI,0.0096
199911,iRVI,0.0183
199912,iRVI,0.0219
200001,iRVI,0.0252
200002,iRVI,0.0336
200003,iRVI,0.0195
200004,iRVI,0.0273
200005,iRVI,0.0174
200006,iRVI,0.0173
200007,iRVI,0.015
200008,iRVI,0.02
200009,iRVI,0.0189
200010,iRVI,0.0148
200011,iRVI,0.0081
200012,iRVI,0.0198
200101,iRVI,0.0307
200102,iRVI,0.0132
200103,iRVI,0.0092
200104,iRVI,0.0054
200105,iRVI,0.0176
200106,iRVI,0.0046
200107,iRVI,0.0045
200108,iRVI,0.0156
200109,iRVI,-0.0139
200110,iRVI,0.0139
200111,iRVI,0.0082
200112,iRVI,0.0244
200201,iRVI,0.0117
200202,iRVI,0.0011
200203,iRVI,0.0123
200204,iRVI,0.0081
200205,iRVI,0.006
200206,iRVI,-0.0095
200207,iRVI,-0.004
200208,iRVI,0.0022
200209,iRVI,-0.0012
200210,iRVI,0.005
200211,iRVI,0.0167
200212,iRVI,0.0171
200301,iRVI,0.0109
200302,iRVI,0.0033
200303,iRVI,0.0023
200304,iRVI,0.0172
200305,iRVI,0.0207
200306,iRVI,0.0127
200307,iRVI,0.0068
200308,iRVI,0.0095
200309,iRVI,0.0123
200310,iRVI,0.0192
200311,iRVI,0.01
200312,iRVI,0.01
200401,iRVI,0.023
200402,iRVI,0.0076
200403,iRVI,0.0105
200404,iRVI,0.0059
200405,iRVI,-0.0032
200406,iRVI,-0.0018
200407,iRVI,0.0
200408,iRVI,0.0011
200409,iRVI,0.0061
200410,iRVI,0.0086
200411,iRVI,0.0196
200412,iRVI,0.0141
200501,iRVI,0.0117
200502,iRVI,0.0111
200503,iRVI,-0.0004
200504,iRVI,-0.0048
200505,iRVI,-0.001
200506,iRVI,0.016
200507,iRVI,0.018
200508,iRVI,0.0139
200509,iRVI,0.0181
200510,iRVI,-0.0037
200511,iRVI,0.016
200512,iRVI,0.0275
200601,iRVI,0.0267
200602,iRVI,0.0118
200603,iRVI,0.0143
200604,iRVI,0.0155
200605,iRVI,-0.0008
200606,iRVI,0.0002
200607,iRVI,0.0078
200608,iRVI,0.0085
200609,iRVI,0.0084
200610,iRVI,0.0147
200611,iRVI,0.0194
200612,iRVI,0.0162
200701,iRVI,0.0173
200702,iRVI,0.0112
200703,iRVI,0.0126
200704,iRVI,0.019
200705,iRVI,0.0246
200706,iRVI,0.0122
200707,iRVI,0.0076
200708,iRVI,-0.0076
200709,iRVI,0.0128
200710,iRVI,0.0275
200711,iRVI,0.0039
200712,iRVI,0.0106
200801,iRVI,-0.0028
200802,iRVI,0.0155
200803,iRVI,-0.016
200804,iRVI,0.0079
200805,iRVI,0.0192
200806,iRVI,0.0072
200807,iRVI,-0.009
200808,iRVI,-0.0031
200809,iRVI,-0.0524
200810,iRVI,-0.0436
200811,iRVI,-0.0107
200812,iRVI,0.0051
200901,iRVI,0.0314
200902,iRVI,0.0131
200903,iRVI,0.0082
200904,iRVI,0.025
200905,iRVI,0.0395
200906,iRVI,0.0141
200907,iRVI,0.0269
200908,iRVI,0.0189
200909,iRVI,0.0212
200910,iRVI,0.011
200911,iRVI,0.0053
200912,iRVI,0.0107
201001,iRVI,0.0111
201002,iRVI,0.0043
201003,iRVI,0.0169
201004,iRVI,0.0126
201005,iRVI,-0.0135
201006,iRVI,-0.0048
201007,iRVI,0.008
201008,iRVI,0.0092
201009,iRVI,0.0162
201010,iRVI,0.0179
201011,iRVI,0.0041
201012,iRVI,0.014
201101,iRVI,0.0102
201102,iRVI,0.0091
201103,iRVI,0.0067
201104,iRVI,0.0115
201105,iRVI,0.0017
201106,iRVI,0.0013
201107,iRVI,0.0048
201108,iRVI,-0.0147
201109,iRVI,-0.011
201110,iRVI,0.0106
201111,iRVI,0.0014
201112,iRVI,0.0007
201201,iRVI,0.014
201202,iRVI,0.0112
201203,iRVI,0.0072
201204,iRVI,0.0018
201205,iRVI,-0.0057
201206,iRVI,0.0022
201207,iRVI,0.009
201208,iRVI,0.0088
201209,iRVI,0.0068
201210,iRVI,0.0025
201211,iRVI,0.0083
201212,iRVI,0.0105
201301,iRVI,0.0146
201302,iRVI,0.0053
201303,iRVI,0.0092
201304,iRVI,0.0106
201305,iRVI,0.0108
201306,iRVI,-0.0011
201307,iRVI,0.0111
201308,iRVI,0.0021
201309,iRVI,0.012
201310,iRVI,0.0121
201311,iRVI,0.0085
201312,iRVI,0.0102
201401,iRVI,0.0066
201402,iRVI,0.0129
201403,iRVI,-0.0017
201404,iRVI,-0.0009
201405,iRVI,0.0093
201406,iRVI,0.0064
201407,iRVI,0.0001
201408,iRVI,0.0049
201409,iRVI,0.0014
201410,iRVI,-0.0021
201411,iRVI,0.0094
201412,iRVI,0.0032
201501,iRVI,0.0078
201502,iRVI,0.0114
201503,iRVI,0.0095
201504,iRVI,0.0091
201505,iRVI,0.0081
201506,iRVI,-0.0028
201507,iRVI,0.0041
201508,iRVI,0.0011
201509,iRVI,-0.0021
201510,iRVI,0.0049
201511,iRVI,0.0062
201512,iRVI,0.0013
201601,iRVI,-0.0078
201602,iRVI,-0.0065
201603,iRVI,0.0065
201604,iRVI,0.0046
201605,iRVI,0.0067
201606,iRVI,-0.0069
201607,iRVI,0.0115
201608,iRVI,0.008
201609,iRVI,0.0075
201610,iRVI,0.0049
201611,iRVI,0.0031
201612,iRVI,0.0065
201701,iRVI,0.0079
201702,iRVI,0.0043
201703,iRVI,0.0036
201704,iRVI,0.0036
201705,iRVI,0.0004
201706,iRVI,0.0018
201707,iRVI,0.007
201708,iRVI,0.0046
201709,iRVI,0.0055
201710,iRVI,0.0097
201711,iRVI,-0.0029
201712,iRVI,0.0034
201801,iRVI,0.0117
201802,iRVI,0.0024
201803,iRVI,0.0022
201804,iRVI,0.0036
201805,iRVI,0.0086
201806,iRVI,-0.0058
201807,iRVI,-0.0013
201808,iRVI,-0.0022
201809,iRVI,0.0024
201810,iRVI,-0.0115
201811,iRVI,-0.0064
201812,iRVI,-0.0035
201901,iRVI,0.0122
201902,iRVI,0.002
201903,iRVI,0.0022
201904,iRVI,0.0009
201905,iRVI,-0.0034
201906,iRVI,0.0048
201907,iRVI,0.003
201908,iRVI,0.0025
201909,iRVI,-0.0005
201910,iRVI,-0.0005
201911,iRVI,0.006
201912,iRVI,0.0085
202001,iRVI,0.0027
202002,iRVI,-0.0016
202003,iRVI,-0.0251
202004,iRVI,0.0163
202005,iRVI,0.0101
202006,iRVI,0.0151
202007,iRVI,0.0176
202008,iRVI,0.009
202009,iRVI,0.0013
202010,iRVI,0.0009
202011,iRVI,0.0224
202012,iRVI,0.029
202101,iRVI,0.0035
202102,iRVI,0.0264
202103,iRVI,0.0005
202104,iRVI,0.0069
202105,iRVI,0.0015
202106,iRVI,-0.0011
202107,iRVI,0.0005
202108,iRVI,0.0064
202109,iRVI,0.006
202110,iRVI,0.0106
202111,iRVI,-0.0024
202112,iRVI,0.0033
202201,iRVI,-0.0045
202202,iRVI,0.0048
202203,iRVI,0.0042
202204,iRVI,0.0083
202205,iRVI,-0.0073
202206,iRVI,0.0009
202207,iRVI,-0.0005
202208,iRVI,0.0102
202209,iRVI,-0.0018
202210,iRVI,0.0011
202211,iRVI,0.0009
202212,iRVI,0.0115
202301,iRVI,0.01
202302,iRVI,0.0019
202303,iRVI,0.0017
202304,iRVI,0.0029
202305,iRVI,0.0033
202306,iRVI,0.0046
202307,iRVI,0.0026
202308,iRVI,0.0078
202309,iRVI,0.0047
202310,iRVI,0.002
202311,iRVI,0.0073
202312,iRVI,0.0077
202401,iRVI,0.01
202402,iRVI,0.0088
202403,iRVI,0.0155
202404,iRVI,0.0027
202405,iRVI,0.0077
202406,iRVI,0.0048
202407,iRVI,0.0025
202408,iRVI,0.0047
202409,iRVI,0.0112
202410,iRVI,0.0066
202411,iRVI,0.0119
202412,iRVI,0.0093
202501,iRVI,0.0108
202502,iRVI,0.0002
202503,iRVI,-0.0038
202504,iRVI,0.0056
202505,iRVI,0.0112
202506,iRVI,0.01
202507,iRVI,0.0078
202508,iRVI,0.0108
202509,iRVI,0.0153
202510,iRVI,0.0107
202511,iRVI,0.004
202512,iRVI,0.0109
202601,iRVI,0.014
202602,iRVI,0.0105
202603,iRVI,-0.0091
202604,iRVI,0.0225
199801,iVOL,0.0313
199802,iVOL,-0.0309
199803,iVOL,0.0126
199804,iVOL,-0.0667
199805,iVOL,0.0306
199806,iVOL,0.0467
199807,iVOL,0.0185
199808,iVOL,0.0158
199809,iVOL,-0.0058
199810,iVOL,0.1789
199811,iVOL,0.0175
199812,iVOL,0.0037
199901,iVOL,0.0256
199902,iVOL,0.0433
199903,iVOL,0.0299
199904,iVOL,0.0064
199905,iVOL,0.0447
199906,iVOL,0.0272
199907,iVOL,0.0251
199908,iVOL,0.021
199909,iVOL,0.0195
199910,iVOL,-0.0339
199911,iVOL,0.0421
199912,iVOL,-0.0259
200001,iVOL,0.0522
200002,iVOL,-0.0158
200003,iVOL,0.0294
200004,iVOL,0.0513
200005,iVOL,0.0342
200006,iVOL,0.0236
200007,iVOL,0.0365
200008,iVOL,0.0249
200009,iVOL,0.0564
200010,iVOL,0.0582
200011,iVOL,0.0259
200012,iVOL,0.0356
200101,iVOL,0.069
200102,iVOL,-0.0016
200103,iVOL,0.0067
200104,iVOL,-0.0222
200105,iVOL,0.0273
200106,iVOL,-0.0022
200107,iVOL,0.0146
200108,iVOL,0.0344
200109,iVOL,-0.0358
200110,iVOL,0.0308
200111,iVOL,-0.0014
200112,iVOL,0.0164
200201,iVOL,0.016
200202,iVOL,0.002
200203,iVOL,-0.0212
200204,iVOL,0.018
200205,iVOL,0.0192
200206,iVOL,-0.0072
200207,iVOL,0.0022
200208,iVOL,0.0028
200209,iVOL,0.0349
200210,iVOL,-0.0073
200211,iVOL,0.0027
200212,iVOL,0.0286
200301,iVOL,0.0288
200302,iVOL,0.0135
200303,iVOL,0.0292
200304,iVOL,-0.0026
200305,iVOL,0.0086
200306,iVOL,0.0027
200307,iVOL,0.0069
200308,iVOL,0.015
200309,iVOL,0.003
200310,iVOL,0.0375
200311,iVOL,0.0192
200312,iVOL,-0.0152
200401,iVOL,0.0571
200402,iVOL,-0.0093
200403,iVOL,0.0121
200404,iVOL,-0.0002
200405,iVOL,0.0048
200406,iVOL,-0.0089
200407,iVOL,0.0244
200408,iVOL,0.0024
200409,iVOL,0.014
200410,iVOL,0.021
200411,iVOL,0.0172
200412,iVOL,-0.0099
200501,iVOL,0.0139
200502,iVOL,0.0068
200503,iVOL,0.017
200504,iVOL,0.0004
200505,iVOL,-0.0009
200506,iVOL,0.0125
200507,iVOL,-0.0003
200508,iVOL,0.0195
200509,iVOL,0.0362
200510,iVOL,0.0062
200511,iVOL,0.0251
200512,iVOL,0.025
200601,iVOL,0.0116
200602,iVOL,0.0041
200603,iVOL,0.019
200604,iVOL,0.0153
200605,iVOL,0.0042
200606,iVOL,-0.0062
200607,iVOL,0.017
200608,iVOL,-0.0022
200609,iVOL,-0.0045
200610,iVOL,0.0088
200611,iVOL,0.0035
200612,iVOL,-0.0048
200701,iVOL,0.0096
200702,iVOL,-0.0198
200703,iVOL,-0.0049
200704,iVOL,-0.002
200705,iVOL,0.0341
200706,iVOL,0.0183
200707,iVOL,-0.0098
200708,iVOL,0.0484
200709,iVOL,0.0165
200710,iVOL,0.0265
200711,iVOL,0.0446
200712,iVOL,0.0264
200801,iVOL,-0.0191
200802,iVOL,0.0437
200803,iVOL,0.032
200804,iVOL,-0.0035
200805,iVOL,0.0227
200806,iVOL,0.0265
200807,iVOL,0.0196
200808,iVOL,0.0088
200809,iVOL,-0.0212
200810,iVOL,-0.0257
200811,iVOL,0.0199
200812,iVOL,0.0623
200901,iVOL,0.012
200902,iVOL,0.0202
200903,iVOL,-0.0204
200904,iVOL,0.0116
200905,iVOL,0.0197
200906,iVOL,0.008
200907,iVOL,-0.007
200908,iVOL,0.0017
200909,iVOL,-0.0073
200910,iVOL,-0.0005
200911,iVOL,0.0004
200912,iVOL,-0.0062
201001,iVOL,0.0105
201002,iVOL,0.0086
201003,iVOL,-0.0002
201004,iVOL,0.0016
201005,iVOL,-0.0064
201006,iVOL,-0.0068
201007,iVOL,-0.009
201008,iVOL,0.0184
201009,iVOL,-0.0041
201010,iVOL,0.0098
201011,iVOL,0.0052
201012,iVOL,-0.0011
201101,iVOL,0.008
201102,iVOL,0.0028
201103,iVOL,0.0128
201104,iVOL,0.0044
201105,iVOL,0.0009
201106,iVOL,0.0026
201107,iVOL,0.0052
201108,iVOL,-0.007
201109,iVOL,0.0148
201110,iVOL,0.0048
201111,iVOL,0.0174
201112,iVOL,0.0166
201201,iVOL,0.0052
201202,iVOL,-0.0065
201203,iVOL,0.0168
201204,iVOL,0.0057
201205,iVOL,0.0115
201206,iVOL,0.0123
201207,iVOL,0.0036
201208,iVOL,0.0
201209,iVOL,0.0019
201210,iVOL,0.0025
201211,iVOL,-0.0037
201212,iVOL,0.0022
201301,iVOL,-0.0073
201302,iVOL,0.0013
201303,iVOL,0.0023
201304,iVOL,0.009
201305,iVOL,-0.0052
201306,iVOL,0.0016
201307,iVOL,-0.0064
201308,iVOL,0.0102
201309,iVOL,0.0005
201310,iVOL,-0.0035
201311,iVOL,-0.0015
201312,iVOL,-0.006
201401,iVOL,0.0093
201402,iVOL,0.0054
201403,iVOL,0.0008
201404,iVOL,0.0039
201405,iVOL,0.0035
201406,iVOL,0.0014
201407,iVOL,-0.0045
201408,iVOL,-0.0034
201409,iVOL,-0.0031
201410,iVOL,0.0015
201411,iVOL,0.0096
201412,iVOL,0.0008
201501,iVOL,0.0096
201502,iVOL,0.0106
201503,iVOL,0.0172
201504,iVOL,0.0107
201505,iVOL,0.0082
201506,iVOL,0.0052
201507,iVOL,0.0062
201508,iVOL,0.0122
201509,iVOL,0.0102
201510,iVOL,-0.0028
201511,iVOL,0.0055
201512,iVOL,0.0009
201601,iVOL,0.0078
201602,iVOL,0.0085
201603,iVOL,-0.0028
201604,iVOL,0.0067
201605,iVOL,0.0061
201606,iVOL,0.0034
201607,iVOL,0.0
201608,iVOL,0.0057
201609,iVOL,0.0068
201610,iVOL,0.0062
201611,iVOL,0.0062
201612,iVOL,0.0079
201701,iVOL,0.0066
201702,iVOL,0.0062
201703,iVOL,-0.0027
201704,iVOL,0.0008
201705,iVOL,-0.0009
201706,iVOL,-0.0011
201707,iVOL,0.0013
201708,iVOL,0.0047
201709,iVOL,-0.0076
201710,iVOL,0.0029
201711,iVOL,-0.004
201712,iVOL,-0.0047
201801,iVOL,-0.0025
201802,iVOL,0.0212
201803,iVOL,-0.001
201804,iVOL,0.0017
201805,iVOL,0.0089
201806,iVOL,-0.0045
201807,iVOL,-0.0011
201808,iVOL,0.0041
201809,iVOL,0.0027
201810,iVOL,-0.0055
201811,iVOL,0.0034
201812,iVOL,-0.0138
201901,iVOL,0.0046
201902,iVOL,0.0017
201903,iVOL,-0.0018
201904,iVOL,-0.0029
201905,iVOL,0.0029
201906,iVOL,0.0017
201907,iVOL,-0.003
201908,iVOL,0.0134
201909,iVOL,0.0029
201910,iVOL,0.002
201911,iVOL,0.0013
201912,iVOL,-0.0005
202001,iVOL,0.007
202002,iVOL,0.0034
202003,iVOL,0.0498
202004,iVOL,0.0022
202005,iVOL,0.0034
202006,iVOL,0.0086
202007,iVOL,0.0109
202008,iVOL,0.0022
202009,iVOL,-0.0062
202010,iVOL,-0.0078
202011,iVOL,0.0077
202012,iVOL,0.0145
202101,iVOL,-0.0049
202102,iVOL,0.0223
202103,iVOL,0.0031
202104,iVOL,-0.0133
202105,iVOL,0.0057
202106,iVOL,-0.0044
202107,iVOL,-0.0093
202108,iVOL,-0.01
202109,iVOL,0.0056
202110,iVOL,0.0088
202111,iVOL,0.0049
202112,iVOL,-0.0059
202201,iVOL,0.0165
202202,iVOL,0.0136
202203,iVOL,0.0211
202204,iVOL,0.0285
202205,iVOL,-0.002
202206,iVOL,0.0157
202207,iVOL,-0.005
202208,iVOL,0.0027
202209,iVOL,0.0094
202210,iVOL,0.0016
202211,iVOL,-0.0108
202212,iVOL,-0.0011
202301,iVOL,-0.0087
202302,iVOL,0.0053
202303,iVOL,-0.0007
202304,iVOL,-0.002
202305,iVOL,0.0048
202306,iVOL,-0.0044
202307,iVOL,0.0044
202308,iVOL,0.0071
202309,iVOL,0.0106
202310,iVOL,0.0105
202311,iVOL,-0.0152
202312,iVOL,-0.0023
202401,iVOL,0.0039
202402,iVOL,-0.0024
202403,iVOL,0.004
202404,iVOL,0.0054
202405,iVOL,-0.0024
202406,iVOL,0.0036
202407,iVOL,0.0058
202408,iVOL,-0.0094
202409,iVOL,0.0088
202410,iVOL,0.0031
202411,iVOL,0.0015
202412,iVOL,0.0049
202501,iVOL,0.0056
202502,iVOL,0.0084
202503,iVOL,0.0107
202504,iVOL,0.0164
202505,iVOL,-0.0061
202506,iVOL,-0.0053
202507,iVOL,-0.0045
202508,iVOL,0.005
202509,iVOL,0.0099
202510,iVOL,0.0067
202511,iVOL,0.0006
202512,iVOL,-0.0041
202601,iVOL,0.013
202602,iVOL,0.0129
202603,iVOL,0.0123
202604,iVOL,0.0043
