id,quarter,months,partial,qtd_return,as_of
iCRD,2000Q1,3,0,0.049749,2026-07
iCRD,2000Q2,3,0,0.039972,2026-07
iCRD,2000Q3,3,0,0.035715,2026-07
iCRD,2000Q4,3,0,0.000882,2026-07
iCRD,2001Q1,3,0,0.050019,2026-07
iCRD,2001Q2,3,0,0.038936,2026-07
iCRD,2001Q3,3,0,0.010432,2026-07
iCRD,2001Q4,3,0,0.039496,2026-07
iCRD,2002Q1,3,0,0.041902,2026-07
iCRD,2002Q2,3,0,-0.000979,2026-07
iCRD,2002Q3,3,0,-0.017329,2026-07
iCRD,2002Q4,3,0,0.046972,2026-07
iCRD,2003Q1,3,0,0.051767,2026-07
iCRD,2003Q2,3,0,0.073997,2026-07
iCRD,2003Q3,3,0,0.035573,2026-07
iCRD,2003Q4,3,0,0.048232,2026-07
iCRD,2004Q1,3,0,0.032138,2026-07
iCRD,2004Q2,3,0,0.026397,2026-07
iCRD,2004Q3,3,0,0.018308,2026-07
iCRD,2004Q4,3,0,0.057214,2026-07
iCRD,2005Q1,3,0,0.02141,2026-07
iCRD,2005Q2,3,0,0.01107,2026-07
iCRD,2005Q3,3,0,0.046389,2026-07
iCRD,2005Q4,3,0,0.021067,2026-07
iCRD,2006Q1,3,0,0.044169,2026-07
iCRD,2006Q2,3,0,0.022526,2026-07
iCRD,2006Q3,3,0,0.019321,2026-07
iCRD,2006Q4,3,0,0.052697,2026-07
iCRD,2007Q1,3,0,0.047618,2026-07
iCRD,2007Q2,3,0,0.038377,2026-07
iCRD,2007Q3,3,0,0.0151,2026-07
iCRD,2007Q4,3,0,0.012721,2026-07
iCRD,2008Q1,3,0,-0.01284,2026-07
iCRD,2008Q2,3,0,0.023631,2026-07
iCRD,2008Q3,3,0,-0.067983,2026-07
iCRD,2008Q4,3,0,-0.114363,2026-07
iCRD,2009Q1,3,0,0.038045,2026-07
iCRD,2009Q2,3,0,0.127621,2026-07
iCRD,2009Q3,3,0,0.114606,2026-07
iCRD,2009Q4,3,0,0.058796,2026-07
iCRD,2010Q1,3,0,0.055994,2026-07
iCRD,2010Q2,3,0,0.012985,2026-07
iCRD,2010Q3,3,0,0.039173,2026-07
iCRD,2010Q4,3,0,0.041232,2026-07
iCRD,2011Q1,3,0,0.040555,2026-07
iCRD,2011Q2,3,0,0.004542,2026-07
iCRD,2011Q3,3,0,-0.041136,2026-07
iCRD,2011Q4,3,0,0.010999,2026-07
iCRD,2012Q1,3,0,0.050085,2026-07
iCRD,2012Q2,3,0,0.007387,2026-07
iCRD,2012Q3,3,0,0.042691,2026-07
iCRD,2012Q4,3,0,0.032835,2026-07
iCRD,2013Q1,3,0,0.044177,2026-07
iCRD,2013Q2,3,0,0.017498,2026-07
iCRD,2013Q3,3,0,0.024892,2026-07
iCRD,2013Q4,3,0,0.033459,2026-07
iCRD,2014Q1,3,0,0.033451,2026-07
iCRD,2014Q2,3,0,0.024389,2026-07
iCRD,2014Q3,3,0,-0.000908,2026-07
iCRD,2014Q4,3,0,-0.009394,2026-07
iCRD,2015Q1,3,0,0.016748,2026-07
iCRD,2015Q2,3,0,0.007141,2026-07
iCRD,2015Q3,3,0,-0.021076,2026-07
iCRD,2015Q4,3,0,-0.015554,2026-07
iCRD,2016Q1,3,0,-0.013338,2026-07
iCRD,2016Q2,3,0,0.033888,2026-07
iCRD,2016Q3,3,0,0.039908,2026-07
iCRD,2016Q4,3,0,0.034171,2026-07
iCRD,2017Q1,3,0,0.026063,2026-07
iCRD,2017Q2,3,0,0.013358,2026-07
iCRD,2017Q3,3,0,0.019113,2026-07
iCRD,2017Q4,3,0,0.016784,2026-07
iCRD,2018Q1,3,0,0.013609,2026-07
iCRD,2018Q2,3,0,0.014265,2026-07
iCRD,2018Q3,3,0,0.01305,2026-07
iCRD,2018Q4,3,0,-0.028941,2026-07
iCRD,2019Q1,3,0,0.02455,2026-07
iCRD,2019Q2,3,0,0.016269,2026-07
iCRD,2019Q3,3,0,-0.009407,2026-07
iCRD,2019Q4,3,0,0.011538,2026-07
iCRD,2020Q1,3,0,-0.114592,2026-07
iCRD,2020Q2,3,0,0.080746,2026-07
iCRD,2020Q3,3,0,0.038353,2026-07
iCRD,2020Q4,3,0,0.060607,2026-07
iCRD,2021Q1,3,0,0.049051,2026-07
iCRD,2021Q2,3,0,0.029676,2026-07
iCRD,2021Q3,3,0,0.016168,2026-07
iCRD,2021Q4,3,0,0.009205,2026-07
iCRD,2022Q1,3,0,0.013753,2026-07
iCRD,2022Q2,3,0,-0.02974,2026-07
iCRD,2022Q3,3,0,0.008924,2026-07
iCRD,2022Q4,3,0,0.012242,2026-07
iCRD,2023Q1,3,0,0.017006,2026-07
iCRD,2023Q2,3,0,0.018596,2026-07
iCRD,2023Q3,3,0,0.022155,2026-07
iCRD,2023Q4,3,0,0.024423,2026-07
iCRD,2024Q1,3,0,0.030603,2026-07
iCRD,2024Q2,3,0,0.018906,2026-07
iCRD,2024Q3,3,0,0.028763,2026-07
iCRD,2024Q4,3,0,0.02388,2026-07
iCRD,2025Q1,3,0,0.015131,2026-07
iCRD,2025Q2,3,0,0.024134,2026-07
iCRD,2025Q3,3,0,0.024904,2026-07
iCRD,2025Q4,3,0,0.011637,2026-07
iCRD,2026Q1,3,0,0.007156,2026-07
iCRD,2026Q2,3,0,0.027523,2026-07
iCRD,2026Q3,1,1,0.0005,2026-07
iCRDCBA,2000Q1,3,0,0.04712,2026-07
iCRDCBA,2000Q2,3,0,0.063869,2026-07
iCRDCBA,2000Q3,3,0,0.047203,2026-07
iCRDCBA,2000Q4,3,0,0.061623,2026-07
iCRDCBA,2001Q1,3,0,0.062664,2026-07
iCRDCBA,2001Q2,3,0,0.037196,2026-07
iCRDCBA,2001Q3,3,0,0.044409,2026-07
iCRDCBA,2001Q4,3,0,0.017691,2026-07
iCRDCBA,2002Q1,3,0,0.023773,2026-07
iCRDCBA,2002Q2,3,0,0.015501,2026-07
iCRDCBA,2002Q3,3,0,0.014236,2026-07
iCRDCBA,2002Q4,3,0,0.049253,2026-07
iCRDCBA,2003Q1,3,0,0.030248,2026-07
iCRDCBA,2003Q2,3,0,0.011836,2026-07
iCRDCBA,2003Q3,3,0,0.008215,2026-07
iCRDCBA,2003Q4,3,0,0.008918,2026-07
iCRDCBA,2004Q1,3,0,0.028228,2026-07
iCRDCBA,2004Q2,3,0,-0.024601,2026-07
iCRDCBA,2004Q3,3,0,-0.021578,2026-07
iCRDCBA,2004Q4,3,0,-0.000114,2026-07
iCRDCBA,2005Q1,3,0,0.003472,2026-07
iCRDCBA,2005Q2,3,0,-0.021553,2026-07
iCRDCBA,2005Q3,3,0,0.048971,2026-07
iCRDCBA,2005Q4,3,0,0.062946,2026-07
iCRDCBA,2006Q1,3,0,0.066913,2026-07
iCRDCBA,2006Q2,3,0,0.020009,2026-07
iCRDCBA,2006Q3,3,0,0.026002,2026-07
iCRDCBA,2006Q4,3,0,0.034176,2026-07
iCRDCBA,2007Q1,3,0,0.045746,2026-07
iCRDCBA,2007Q2,3,0,0.030408,2026-07
iCRDCBA,2007Q3,3,0,0.008255,2026-07
iCRDCBA,2007Q4,3,0,0.028471,2026-07
iCRDCBA,2008Q1,3,0,-0.008575,2026-07
iCRDCBA,2008Q2,3,0,0.007754,2026-07
iCRDCBA,2008Q3,3,0,-0.103561,2026-07
iCRDCBA,2008Q4,3,0,-0.070796,2026-07
iCRDCBA,2009Q1,3,0,0.093224,2026-07
iCRDCBA,2009Q2,3,0,0.149495,2026-07
iCRDCBA,2009Q3,3,0,0.152152,2026-07
iCRDCBA,2009Q4,3,0,0.038094,2026-07
iCRDCBA,2010Q1,3,0,0.056953,2026-07
iCRDCBA,2010Q2,3,0,-0.004672,2026-07
iCRDCBA,2010Q3,3,0,0.043478,2026-07
iCRDCBA,2010Q4,3,0,0.039207,2026-07
iCRDCBA,2011Q1,3,0,0.035936,2026-07
iCRDCBA,2011Q2,3,0,-0.010367,2026-07
iCRDCBA,2011Q3,3,0,-0.051107,2026-07
iCRDCBA,2011Q4,3,0,0.006831,2026-07
iCRDCBA,2012Q1,3,0,0.046988,2026-07
iCRDCBA,2012Q2,3,0,-0.017511,2026-07
iCRDCBA,2012Q3,3,0,0.014462,2026-07
iCRDCBA,2012Q4,3,0,0.017951,2026-07
iCRDCBA,2013Q1,3,0,0.048136,2026-07
iCRDCBA,2013Q2,3,0,0.020335,2026-07
iCRDCBA,2013Q3,3,0,0.029949,2026-07
iCRDCBA,2013Q4,3,0,0.026907,2026-07
iCRDCBA,2014Q1,3,0,0.035377,2026-07
iCRDCBA,2014Q2,3,0,0.028858,2026-07
iCRDCBA,2014Q3,3,0,-0.011578,2026-07
iCRDCBA,2014Q4,3,0,0.006878,2026-07
iCRDCBA,2015Q1,3,0,0.02615,2026-07
iCRDCBA,2015Q2,3,0,0.014413,2026-07
iCRDCBA,2015Q3,3,0,-0.035136,2026-07
iCRDCBA,2015Q4,3,0,0.020254,2026-07
iCRDCBA,2016Q1,3,0,-0.001945,2026-07
iCRDCBA,2016Q2,3,0,0.015637,2026-07
iCRDCBA,2016Q3,3,0,0.050992,2026-07
iCRDCBA,2016Q4,3,0,0.024692,2026-07
iCRDCBA,2017Q1,3,0,0.025901,2026-07
iCRDCBA,2017Q2,3,0,0.019908,2026-07
iCRDCBA,2017Q3,3,0,0.012928,2026-07
iCRDCBA,2017Q4,3,0,0.022554,2026-07
iCRDCBA,2018Q1,3,0,0.009288,2026-07
iCRDCBA,2018Q2,3,0,-0.007418,2026-07
iCRDCBA,2018Q3,3,0,0.001576,2026-07
iCRDCBA,2018Q4,3,0,-0.025178,2026-07
iCRDCBA,2019Q1,3,0,0.043237,2026-07
iCRDCBA,2019Q2,3,0,0.018062,2026-07
iCRDCBA,2019Q3,3,0,0.010015,2026-07
iCRDCBA,2019Q4,3,0,0.019486,2026-07
iCRDCBA,2020Q1,3,0,-0.035506,2026-07
iCRDCBA,2020Q2,3,0,0.08424,2026-07
iCRDCBA,2020Q3,3,0,0.081824,2026-07
iCRDCBA,2020Q4,3,0,0.084114,2026-07
iCRDCBA,2021Q1,3,0,0.058642,2026-07
iCRDCBA,2021Q2,3,0,0.007309,2026-07
iCRDCBA,2021Q3,3,0,0.009242,2026-07
iCRDCBA,2021Q4,3,0,0.014103,2026-07
iCRDCBA,2022Q1,3,0,-0.003997,2026-07
iCRDCBA,2022Q2,3,0,-0.034283,2026-07
iCRDCBA,2022Q3,3,0,0.009169,2026-07
iCRDCBA,2022Q4,3,0,0.020927,2026-07
iCRDCBA,2023Q1,3,0,0.027215,2026-07
iCRDCBA,2023Q2,3,0,0.019113,2026-07
iCRDCBA,2023Q3,3,0,0.019504,2026-07
iCRDCBA,2023Q4,3,0,0.01516,2026-07
iCRDCBA,2024Q1,3,0,0.035987,2026-07
iCRDCBA,2024Q2,3,0,0.018512,2026-07
iCRDCBA,2024Q3,3,0,0.038567,2026-07
iCRDCBA,2024Q4,3,0,0.02989,2026-07
iCRDCBA,2025Q1,3,0,0.033104,2026-07
iCRDCBA,2025Q2,3,0,0.012647,2026-07
iCRDCBA,2025Q3,3,0,0.048761,2026-07
iCRDCBA,2025Q4,3,0,0.020791,2026-07
iCRDCBA,2026Q1,3,0,0.014581,2026-07
iCRDCBA,2026Q2,3,0,0.049141,2026-07
iCRDCBA,2026Q3,1,1,-0.0002,2026-07
iCRDDSS,2000Q1,3,0,0.009689,2026-07
iCRDDSS,2000Q2,3,0,-0.004232,2026-07
iCRDDSS,2000Q3,3,0,0.005187,2026-07
iCRDDSS,2000Q4,3,0,-0.034563,2026-07
iCRDDSS,2001Q1,3,0,0.092151,2026-07
iCRDDSS,2001Q2,3,0,0.068064,2026-07
iCRDDSS,2001Q3,3,0,-0.001593,2026-07
iCRDDSS,2001Q4,3,0,0.052491,2026-07
iCRDDSS,2002Q1,3,0,0.03581,2026-07
iCRDDSS,2002Q2,3,0,0.005883,2026-07
iCRDDSS,2002Q3,3,0,-0.049412,2026-07
iCRDDSS,2002Q4,3,0,0.035746,2026-07
iCRDDSS,2003Q1,3,0,0.042685,2026-07
iCRDDSS,2003Q2,3,0,0.134042,2026-07
iCRDDSS,2003Q3,3,0,0.066668,2026-07
iCRDDSS,2003Q4,3,0,0.080136,2026-07
iCRDDSS,2004Q1,3,0,0.043147,2026-07
iCRDDSS,2004Q2,3,0,0.03138,2026-07
iCRDDSS,2004Q3,3,0,0.02345,2026-07
iCRDDSS,2004Q4,3,0,0.078748,2026-07
iCRDDSS,2005Q1,3,0,0.02546,2026-07
iCRDDSS,2005Q2,3,0,0.020135,2026-07
iCRDDSS,2005Q3,3,0,0.058191,2026-07
iCRDDSS,2005Q4,3,0,0.03578,2026-07
iCRDDSS,2006Q1,3,0,0.056536,2026-07
iCRDDSS,2006Q2,3,0,0.030558,2026-07
iCRDDSS,2006Q3,3,0,0.01638,2026-07
iCRDDSS,2006Q4,3,0,0.058811,2026-07
iCRDDSS,2007Q1,3,0,0.045221,2026-07
iCRDDSS,2007Q2,3,0,0.035701,2026-07
iCRDDSS,2007Q3,3,0,-0.007014,2026-07
iCRDDSS,2007Q4,3,0,-0.001238,2026-07
iCRDDSS,2008Q1,3,0,-0.023016,2026-07
iCRDDSS,2008Q2,3,0,0.005555,2026-07
iCRDDSS,2008Q3,3,0,-0.078724,2026-07
iCRDDSS,2008Q4,3,0,-0.154584,2026-07
iCRDDSS,2009Q1,3,0,0.005842,2026-07
iCRDDSS,2009Q2,3,0,0.149752,2026-07
iCRDDSS,2009Q3,3,0,0.144917,2026-07
iCRDDSS,2009Q4,3,0,0.085163,2026-07
iCRDDSS,2010Q1,3,0,0.076635,2026-07
iCRDDSS,2010Q2,3,0,-0.000455,2026-07
iCRDDSS,2010Q3,3,0,0.030141,2026-07
iCRDDSS,2010Q4,3,0,0.050228,2026-07
iCRDDSS,2011Q1,3,0,0.049175,2026-07
iCRDDSS,2011Q2,3,0,-0.0019,2026-07
iCRDDSS,2011Q3,3,0,-0.079281,2026-07
iCRDDSS,2011Q4,3,0,0.006626,2026-07
iCRDDSS,2012Q1,3,0,0.062707,2026-07
iCRDDSS,2012Q2,3,0,-0.002118,2026-07
iCRDDSS,2012Q3,3,0,0.042378,2026-07
iCRDDSS,2012Q4,3,0,0.040157,2026-07
iCRDDSS,2013Q1,3,0,0.049835,2026-07
iCRDDSS,2013Q2,3,0,0.023806,2026-07
iCRDDSS,2013Q3,3,0,0.026393,2026-07
iCRDDSS,2013Q4,3,0,0.044843,2026-07
iCRDDSS,2014Q1,3,0,0.041396,2026-07
iCRDDSS,2014Q2,3,0,0.031913,2026-07
iCRDDSS,2014Q3,3,0,-0.016691,2026-07
iCRDDSS,2014Q4,3,0,-0.034199,2026-07
iCRDDSS,2015Q1,3,0,0.001931,2026-07
iCRDDSS,2015Q2,3,0,-0.001387,2026-07
iCRDDSS,2015Q3,3,0,-0.040871,2026-07
iCRDDSS,2015Q4,3,0,-0.034543,2026-07
iCRDDSS,2016Q1,3,0,-0.016691,2026-07
iCRDDSS,2016Q2,3,0,0.05689,2026-07
iCRDDSS,2016Q3,3,0,0.057526,2026-07
iCRDDSS,2016Q4,3,0,0.048726,2026-07
iCRDDSS,2017Q1,3,0,0.018763,2026-07
iCRDDSS,2017Q2,3,0,0.008813,2026-07
iCRDDSS,2017Q3,3,0,0.021119,2026-07
iCRDDSS,2017Q4,3,0,0.020137,2026-07
iCRDDSS,2018Q1,3,0,0.010413,2026-07
iCRDDSS,2018Q2,3,0,0.017796,2026-07
iCRDDSS,2018Q3,3,0,0.015111,2026-07
iCRDDSS,2018Q4,3,0,-0.05221,2026-07
iCRDDSS,2019Q1,3,0,0.024356,2026-07
iCRDDSS,2019Q2,3,0,0.019004,2026-07
iCRDDSS,2019Q3,3,0,-0.029902,2026-07
iCRDDSS,2019Q4,3,0,0.004876,2026-07
iCRDDSS,2020Q1,3,0,-0.123817,2026-07
iCRDDSS,2020Q2,3,0,0.079672,2026-07
iCRDDSS,2020Q3,3,0,0.030172,2026-07
iCRDDSS,2020Q4,3,0,0.074173,2026-07
iCRDDSS,2021Q1,3,0,0.059303,2026-07
iCRDDSS,2021Q2,3,0,0.05447,2026-07
iCRDDSS,2021Q3,3,0,0.027623,2026-07
iCRDDSS,2021Q4,3,0,0.018368,2026-07
iCRDDSS,2022Q1,3,0,0.018266,2026-07
iCRDDSS,2022Q2,3,0,-0.051603,2026-07
iCRDDSS,2022Q3,3,0,-0.00676,2026-07
iCRDDSS,2022Q4,3,0,0.014145,2026-07
iCRDDSS,2023Q1,3,0,0.008483,2026-07
iCRDDSS,2023Q2,3,0,0.025133,2026-07
iCRDDSS,2023Q3,3,0,0.013098,2026-07
iCRDDSS,2023Q4,3,0,0.028853,2026-07
iCRDDSS,2024Q1,3,0,0.041021,2026-07
iCRDDSS,2024Q2,3,0,0.020721,2026-07
iCRDDSS,2024Q3,3,0,0.03878,2026-07
iCRDDSS,2024Q4,3,0,0.034586,2026-07
iCRDDSS,2025Q1,3,0,-0.006294,2026-07
iCRDDSS,2025Q2,3,0,0.020963,2026-07
iCRDDSS,2025Q3,3,0,0.045264,2026-07
iCRDDSS,2025Q4,3,0,0.025065,2026-07
iCRDDSS,2026Q1,3,0,0.002675,2026-07
iCRDDSS,2026Q2,3,0,0.025024,2026-07
iCRDDSS,2026Q3,1,1,-0.0013,2026-07
iCRDLSC,2004Q1,3,0,0.028853,2026-07
iCRDLSC,2004Q2,3,0,0.036764,2026-07
iCRDLSC,2004Q3,3,0,0.049079,2026-07
iCRDLSC,2004Q4,3,0,0.061487,2026-07
iCRDLSC,2005Q1,3,0,0.017673,2026-07
iCRDLSC,2005Q2,3,0,0.010631,2026-07
iCRDLSC,2005Q3,3,0,0.024666,2026-07
iCRDLSC,2005Q4,3,0,0.01102,2026-07
iCRDLSC,2006Q1,3,0,0.039705,2026-07
iCRDLSC,2006Q2,3,0,0.021589,2026-07
iCRDLSC,2006Q3,3,0,0.023072,2026-07
iCRDLSC,2006Q4,3,0,0.035922,2026-07
iCRDLSC,2007Q1,3,0,0.038144,2026-07
iCRDLSC,2007Q2,3,0,0.02449,2026-07
iCRDLSC,2007Q3,3,0,0.004136,2026-07
iCRDLSC,2007Q4,3,0,-4.5e-05,2026-07
iCRDLSC,2008Q1,3,0,-0.030806,2026-07
iCRDLSC,2008Q2,3,0,0.040722,2026-07
iCRDLSC,2008Q3,3,0,-0.051513,2026-07
iCRDLSC,2008Q4,3,0,-0.199679,2026-07
iCRDLSC,2009Q1,3,0,0.053322,2026-07
iCRDLSC,2009Q2,3,0,0.150681,2026-07
iCRDLSC,2009Q3,3,0,0.150586,2026-07
iCRDLSC,2009Q4,3,0,0.070769,2026-07
iCRDLSC,2010Q1,3,0,0.062361,2026-07
iCRDLSC,2010Q2,3,0,0.015372,2026-07
iCRDLSC,2010Q3,3,0,0.031823,2026-07
iCRDLSC,2010Q4,3,0,0.029112,2026-07
iCRDLSC,2011Q1,3,0,0.032397,2026-07
iCRDLSC,2011Q2,3,0,0.007594,2026-07
iCRDLSC,2011Q3,3,0,-0.032113,2026-07
iCRDLSC,2011Q4,3,0,0.012197,2026-07
iCRDLSC,2012Q1,3,0,0.047515,2026-07
iCRDLSC,2012Q2,3,0,0.007299,2026-07
iCRDLSC,2012Q3,3,0,0.02592,2026-07
iCRDLSC,2012Q4,3,0,0.028974,2026-07
iCRDLSC,2013Q1,3,0,0.03078,2026-07
iCRDLSC,2013Q2,3,0,0.009702,2026-07
iCRDLSC,2013Q3,3,0,0.022854,2026-07
iCRDLSC,2013Q4,3,0,0.027332,2026-07
iCRDLSC,2014Q1,3,0,0.025406,2026-07
iCRDLSC,2014Q2,3,0,0.02074,2026-07
iCRDLSC,2014Q3,3,0,-0.006014,2026-07
iCRDLSC,2014Q4,3,0,-0.018395,2026-07
iCRDLSC,2015Q1,3,0,0.017965,2026-07
iCRDLSC,2015Q2,3,0,0.005477,2026-07
iCRDLSC,2015Q3,3,0,-0.018888,2026-07
iCRDLSC,2015Q4,3,0,-0.017135,2026-07
iCRDLSC,2016Q1,3,0,-0.001231,2026-07
iCRDLSC,2016Q2,3,0,0.031432,2026-07
iCRDLSC,2016Q3,3,0,0.027338,2026-07
iCRDLSC,2016Q4,3,0,0.019874,2026-07
iCRDLSC,2017Q1,3,0,0.018283,2026-07
iCRDLSC,2017Q2,3,0,0.016574,2026-07
iCRDLSC,2017Q3,3,0,0.016268,2026-07
iCRDLSC,2017Q4,3,0,0.016783,2026-07
iCRDLSC,2018Q1,3,0,0.014731,2026-07
iCRDLSC,2018Q2,3,0,0.018095,2026-07
iCRDLSC,2018Q3,3,0,0.007818,2026-07
iCRDLSC,2018Q4,3,0,-0.028831,2026-07
iCRDLSC,2019Q1,3,0,0.029433,2026-07
iCRDLSC,2019Q2,3,0,0.009379,2026-07
iCRDLSC,2019Q3,3,0,0.000492,2026-07
iCRDLSC,2019Q4,3,0,0.0135,2026-07
iCRDLSC,2020Q1,3,0,-0.081911,2026-07
iCRDLSC,2020Q2,3,0,0.076976,2026-07
iCRDLSC,2020Q3,3,0,0.033484,2026-07
iCRDLSC,2020Q4,3,0,0.056167,2026-07
iCRDLSC,2021Q1,3,0,0.02458,2026-07
iCRDLSC,2021Q2,3,0,0.01396,2026-07
iCRDLSC,2021Q3,3,0,0.006405,2026-07
iCRDLSC,2021Q4,3,0,0.000884,2026-07
iCRDLSC,2022Q1,3,0,-0.012944,2026-07
iCRDLSC,2022Q2,3,0,-0.03822,2026-07
iCRDLSC,2022Q3,3,0,0.003817,2026-07
iCRDLSC,2022Q4,3,0,0.027701,2026-07
iCRDLSC,2023Q1,3,0,0.020469,2026-07
iCRDLSC,2023Q2,3,0,0.020837,2026-07
iCRDLSC,2023Q3,3,0,0.020723,2026-07
iCRDLSC,2023Q4,3,0,0.035171,2026-07
iCRDLSC,2024Q1,3,0,0.02826,2026-07
iCRDLSC,2024Q2,3,0,0.013047,2026-07
iCRDLSC,2024Q3,3,0,0.029585,2026-07
iCRDLSC,2024Q4,3,0,0.018208,2026-07
iCRDLSC,2025Q1,3,0,0.012366,2026-07
iCRDLSC,2025Q2,3,0,0.017736,2026-07
iCRDLSC,2025Q3,3,0,0.02877,2026-07
iCRDLSC,2025Q4,3,0,0.005201,2026-07
iCRDLSC,2026Q1,3,0,0.002826,2026-07
iCRDLSC,2026Q2,3,0,0.031179,2026-07
iCRDLSC,2026Q3,1,1,-0.0047,2026-07
iCRDMBS,2000Q1,3,0,-0.014039,2026-07
iCRDMBS,2000Q2,3,0,0.07718,2026-07
iCRDMBS,2000Q3,3,0,0.055706,2026-07
iCRDMBS,2000Q4,3,0,0.034495,2026-07
iCRDMBS,2001Q1,3,0,0.102172,2026-07
iCRDMBS,2001Q2,3,0,0.020871,2026-07
iCRDMBS,2001Q3,3,0,0.012591,2026-07
iCRDMBS,2001Q4,3,0,0.156329,2026-07
iCRDMBS,2002Q1,3,0,0.034852,2026-07
iCRDMBS,2002Q2,3,0,0.038872,2026-07
iCRDMBS,2002Q3,3,0,0.112348,2026-07
iCRDMBS,2002Q4,3,0,0.07011,2026-07
iCRDMBS,2003Q1,3,0,0.048531,2026-07
iCRDMBS,2003Q2,3,0,0.01744,2026-07
iCRDMBS,2003Q3,3,0,-0.042842,2026-07
iCRDMBS,2003Q4,3,0,0.052834,2026-07
iCRDMBS,2004Q1,3,0,0.046122,2026-07
iCRDMBS,2004Q2,3,0,-0.002775,2026-07
iCRDMBS,2004Q3,3,0,0.021845,2026-07
iCRDMBS,2004Q4,3,0,0.026422,2026-07
iCRDMBS,2005Q1,3,0,0.01004,2026-07
iCRDMBS,2005Q2,3,0,0.011029,2026-07
iCRDMBS,2005Q3,3,0,0.01356,2026-07
iCRDMBS,2005Q4,3,0,0.02217,2026-07
iCRDMBS,2006Q1,3,0,0.024965,2026-07
iCRDMBS,2006Q2,3,0,0.024088,2026-07
iCRDMBS,2006Q3,3,0,0.014247,2026-07
iCRDMBS,2006Q4,3,0,0.031075,2026-07
iCRDMBS,2007Q1,3,0,0.032846,2026-07
iCRDMBS,2007Q2,3,0,0.024285,2026-07
iCRDMBS,2007Q3,3,0,0.01451,2026-07
iCRDMBS,2007Q4,3,0,0.061993,2026-07
iCRDMBS,2008Q1,3,0,0.053924,2026-07
iCRDMBS,2008Q2,3,0,0.015063,2026-07
iCRDMBS,2008Q3,3,0,-0.07004,2026-07
iCRDMBS,2008Q4,3,0,-0.101718,2026-07
iCRDMBS,2009Q1,3,0,0.120399,2026-07
iCRDMBS,2009Q2,3,0,0.114342,2026-07
iCRDMBS,2009Q3,3,0,0.160897,2026-07
iCRDMBS,2009Q4,3,0,0.080731,2026-07
iCRDMBS,2010Q1,3,0,0.046357,2026-07
iCRDMBS,2010Q2,3,0,0.056787,2026-07
iCRDMBS,2010Q3,3,0,0.082596,2026-07
iCRDMBS,2010Q4,3,0,0.084536,2026-07
iCRDMBS,2011Q1,3,0,0.060161,2026-07
iCRDMBS,2011Q2,3,0,0.029456,2026-07
iCRDMBS,2011Q3,3,0,-0.006187,2026-07
iCRDMBS,2011Q4,3,0,0.017304,2026-07
iCRDMBS,2012Q1,3,0,0.060467,2026-07
iCRDMBS,2012Q2,3,0,0.030809,2026-07
iCRDMBS,2012Q3,3,0,0.065056,2026-07
iCRDMBS,2012Q4,3,0,0.043398,2026-07
iCRDMBS,2013Q1,3,0,0.044756,2026-07
iCRDMBS,2013Q2,3,0,0.007139,2026-07
iCRDMBS,2013Q3,3,0,0.023176,2026-07
iCRDMBS,2013Q4,3,0,0.038782,2026-07
iCRDMBS,2014Q1,3,0,0.039611,2026-07
iCRDMBS,2014Q2,3,0,0.030094,2026-07
iCRDMBS,2014Q3,3,0,0.024379,2026-07
iCRDMBS,2014Q4,3,0,0.008209,2026-07
iCRDMBS,2015Q1,3,0,0.019182,2026-07
iCRDMBS,2015Q2,3,0,0.016679,2026-07
iCRDMBS,2015Q3,3,0,-0.007,2026-07
iCRDMBS,2015Q4,3,0,-0.008394,2026-07
iCRDMBS,2016Q1,3,0,-0.028476,2026-07
iCRDMBS,2016Q2,3,0,0.027792,2026-07
iCRDMBS,2016Q3,3,0,0.047094,2026-07
iCRDMBS,2016Q4,3,0,0.024597,2026-07
iCRDMBS,2017Q1,3,0,0.031915,2026-07
iCRDMBS,2017Q2,3,0,0.023578,2026-07
iCRDMBS,2017Q3,3,0,0.022667,2026-07
iCRDMBS,2017Q4,3,0,0.022664,2026-07
iCRDMBS,2018Q1,3,0,0.022245,2026-07
iCRDMBS,2018Q2,3,0,0.016186,2026-07
iCRDMBS,2018Q3,3,0,0.012449,2026-07
iCRDMBS,2018Q4,3,0,-0.006253,2026-07
iCRDMBS,2019Q1,3,0,0.015983,2026-07
iCRDMBS,2019Q2,3,0,0.01535,2026-07
iCRDMBS,2019Q3,3,0,0.002297,2026-07
iCRDMBS,2019Q4,3,0,0.004759,2026-07
iCRDMBS,2020Q1,3,0,-0.177345,2026-07
iCRDMBS,2020Q2,3,0,0.101578,2026-07
iCRDMBS,2020Q3,3,0,0.044235,2026-07
iCRDMBS,2020Q4,3,0,0.058098,2026-07
iCRDMBS,2021Q1,3,0,0.045439,2026-07
iCRDMBS,2021Q2,3,0,0.027514,2026-07
iCRDMBS,2021Q3,3,0,0.01983,2026-07
iCRDMBS,2021Q4,3,0,0.015638,2026-07
iCRDMBS,2022Q1,3,0,0.003355,2026-07
iCRDMBS,2022Q2,3,0,-0.023035,2026-07
iCRDMBS,2022Q3,3,0,-8e-05,2026-07
iCRDMBS,2022Q4,3,0,0.00761,2026-07
iCRDMBS,2023Q1,3,0,0.003755,2026-07
iCRDMBS,2023Q2,3,0,0.019911,2026-07
iCRDMBS,2023Q3,3,0,0.031581,2026-07
iCRDMBS,2023Q4,3,0,0.029211,2026-07
iCRDMBS,2024Q1,3,0,0.034572,2026-07
iCRDMBS,2024Q2,3,0,0.024289,2026-07
iCRDMBS,2024Q3,3,0,0.02541,2026-07
iCRDMBS,2024Q4,3,0,0.025513,2026-07
iCRDMBS,2025Q1,3,0,0.020293,2026-07
iCRDMBS,2025Q2,3,0,0.021107,2026-07
iCRDMBS,2025Q3,3,0,0.019315,2026-07
iCRDMBS,2025Q4,3,0,0.010536,2026-07
iCRDMBS,2026Q1,3,0,-0.003521,2026-07
iCRDMBS,2026Q2,3,0,0.024067,2026-07
iCRDMBS,2026Q3,1,1,0.0031,2026-07
iCRDMST,2000Q1,3,0,0.053783,2026-07
iCRDMST,2000Q2,3,0,0.041805,2026-07
iCRDMST,2000Q3,3,0,0.037352,2026-07
iCRDMST,2000Q4,3,0,0.001675,2026-07
iCRDMST,2001Q1,3,0,0.046797,2026-07
iCRDMST,2001Q2,3,0,0.037914,2026-07
iCRDMST,2001Q3,3,0,0.010315,2026-07
iCRDMST,2001Q4,3,0,0.037644,2026-07
iCRDMST,2002Q1,3,0,0.043128,2026-07
iCRDMST,2002Q2,3,0,-0.003122,2026-07
iCRDMST,2002Q3,3,0,-0.01885,2026-07
iCRDMST,2002Q4,3,0,0.049031,2026-07
iCRDMST,2003Q1,3,0,0.054037,2026-07
iCRDMST,2003Q2,3,0,0.071361,2026-07
iCRDMST,2003Q3,3,0,0.035363,2026-07
iCRDMST,2003Q4,3,0,0.045449,2026-07
iCRDMST,2004Q1,3,0,0.028574,2026-07
iCRDMST,2004Q2,3,0,0.026708,2026-07
iCRDMST,2004Q3,3,0,0.016489,2026-07
iCRDMST,2004Q4,3,0,0.054423,2026-07
iCRDMST,2005Q1,3,0,0.02151,2026-07
iCRDMST,2005Q2,3,0,0.010558,2026-07
iCRDMST,2005Q3,3,0,0.04484,2026-07
iCRDMST,2005Q4,3,0,0.014095,2026-07
iCRDMST,2006Q1,3,0,0.04026,2026-07
iCRDMST,2006Q2,3,0,0.020395,2026-07
iCRDMST,2006Q3,3,0,0.019424,2026-07
iCRDMST,2006Q4,3,0,0.055493,2026-07
iCRDMST,2007Q1,3,0,0.050302,2026-07
iCRDMST,2007Q2,3,0,0.04197,2026-07
iCRDMST,2007Q3,3,0,0.023767,2026-07
iCRDMST,2007Q4,3,0,0.01565,2026-07
iCRDMST,2008Q1,3,0,-0.007637,2026-07
iCRDMST,2008Q2,3,0,0.016667,2026-07
iCRDMST,2008Q3,3,0,-0.073204,2026-07
iCRDMST,2008Q4,3,0,-0.107011,2026-07
iCRDMST,2009Q1,3,0,0.034567,2026-07
iCRDMST,2009Q2,3,0,0.137292,2026-07
iCRDMST,2009Q3,3,0,0.108068,2026-07
iCRDMST,2009Q4,3,0,0.058272,2026-07
iCRDMST,2010Q1,3,0,0.055264,2026-07
iCRDMST,2010Q2,3,0,0.006138,2026-07
iCRDMST,2010Q3,3,0,0.037916,2026-07
iCRDMST,2010Q4,3,0,0.042259,2026-07
iCRDMST,2011Q1,3,0,0.036338,2026-07
iCRDMST,2011Q2,3,0,0.00123,2026-07
iCRDMST,2011Q3,3,0,-0.049425,2026-07
iCRDMST,2011Q4,3,0,0.014117,2026-07
iCRDMST,2012Q1,3,0,0.050188,2026-07
iCRDMST,2012Q2,3,0,0.007191,2026-07
iCRDMST,2012Q3,3,0,0.044641,2026-07
iCRDMST,2012Q4,3,0,0.034356,2026-07
iCRDMST,2013Q1,3,0,0.046328,2026-07
iCRDMST,2013Q2,3,0,0.02174,2026-07
iCRDMST,2013Q3,3,0,0.024479,2026-07
iCRDMST,2013Q4,3,0,0.034585,2026-07
iCRDMST,2014Q1,3,0,0.03293,2026-07
iCRDMST,2014Q2,3,0,0.024898,2026-07
iCRDMST,2014Q3,3,0,-0.00411,2026-07
iCRDMST,2014Q4,3,0,-0.009692,2026-07
iCRDMST,2015Q1,3,0,0.017142,2026-07
iCRDMST,2015Q2,3,0,0.005805,2026-07
iCRDMST,2015Q3,3,0,-0.025706,2026-07
iCRDMST,2015Q4,3,0,-0.022086,2026-07
iCRDMST,2016Q1,3,0,-0.014992,2026-07
iCRDMST,2016Q2,3,0,0.035183,2026-07
iCRDMST,2016Q3,3,0,0.037652,2026-07
iCRDMST,2016Q4,3,0,0.035301,2026-07
iCRDMST,2017Q1,3,0,0.026756,2026-07
iCRDMST,2017Q2,3,0,0.010534,2026-07
iCRDMST,2017Q3,3,0,0.019311,2026-07
iCRDMST,2017Q4,3,0,0.017086,2026-07
iCRDMST,2018Q1,3,0,0.009366,2026-07
iCRDMST,2018Q2,3,0,0.017905,2026-07
iCRDMST,2018Q3,3,0,0.015674,2026-07
iCRDMST,2018Q4,3,0,-0.038138,2026-07
iCRDMST,2019Q1,3,0,0.025251,2026-07
iCRDMST,2019Q2,3,0,0.015543,2026-07
iCRDMST,2019Q3,3,0,-0.013101,2026-07
iCRDMST,2019Q4,3,0,0.010072,2026-07
iCRDMST,2020Q1,3,0,-0.120723,2026-07
iCRDMST,2020Q2,3,0,0.080545,2026-07
iCRDMST,2020Q3,3,0,0.039895,2026-07
iCRDMST,2020Q4,3,0,0.06552,2026-07
iCRDMST,2021Q1,3,0,0.061253,2026-07
iCRDMST,2021Q2,3,0,0.03766,2026-07
iCRDMST,2021Q3,3,0,0.016463,2026-07
iCRDMST,2021Q4,3,0,0.010418,2026-07
iCRDMST,2022Q1,3,0,0.01395,2026-07
iCRDMST,2022Q2,3,0,-0.036864,2026-07
iCRDMST,2022Q3,3,0,0.013757,2026-07
iCRDMST,2022Q4,3,0,0.001287,2026-07
iCRDMST,2023Q1,3,0,0.020486,2026-07
iCRDMST,2023Q2,3,0,0.014638,2026-07
iCRDMST,2023Q3,3,0,0.023072,2026-07
iCRDMST,2023Q4,3,0,0.020238,2026-07
iCRDMST,2024Q1,3,0,0.027444,2026-07
iCRDMST,2024Q2,3,0,0.020932,2026-07
iCRDMST,2024Q3,3,0,0.02661,2026-07
iCRDMST,2024Q4,3,0,0.021945,2026-07
iCRDMST,2025Q1,3,0,0.010079,2026-07
iCRDMST,2025Q2,3,0,0.034975,2026-07
iCRDMST,2025Q3,3,0,0.018505,2026-07
iCRDMST,2025Q4,3,0,0.000779,2026-07
iCRDMST,2026Q1,3,0,0.01512,2026-07
iCRDMST,2026Q2,3,0,0.029166,2026-07
iCRDMST,2026Q3,1,1,0.0024,2026-07
iCRDREL,2001Q1,3,0,0.032953,2026-07
iCRDREL,2001Q2,3,0,0.028071,2026-07
iCRDREL,2001Q3,3,0,0.018089,2026-07
iCRDREL,2001Q4,3,0,0.010913,2026-07
iCRDREL,2002Q1,3,0,0.020294,2026-07
iCRDREL,2002Q2,3,0,0.026936,2026-07
iCRDREL,2002Q3,3,0,0.029846,2026-07
iCRDREL,2002Q4,3,0,-0.021231,2026-07
iCRDREL,2003Q1,3,0,0.02236,2026-07
iCRDREL,2003Q2,3,0,0.026729,2026-07
iCRDREL,2003Q3,3,0,0.027862,2026-07
iCRDREL,2003Q4,3,0,0.032011,2026-07
iCRDREL,2004Q1,3,0,0.023227,2026-07
iCRDREL,2004Q2,3,0,0.035708,2026-07
iCRDREL,2004Q3,3,0,0.0272,2026-07
iCRDREL,2004Q4,3,0,0.010737,2026-07
iCRDREL,2005Q1,3,0,0.038378,2026-07
iCRDREL,2005Q2,3,0,0.007788,2026-07
iCRDREL,2005Q3,3,0,0.026195,2026-07
iCRDREL,2005Q4,3,0,0.023481,2026-07
iCRDREL,2006Q1,3,0,0.011491,2026-07
iCRDREL,2006Q2,3,0,0.037892,2026-07
iCRDREL,2006Q3,3,0,0.006303,2026-07
iCRDREL,2006Q4,3,0,0.002039,2026-07
iCRDREL,2007Q1,3,0,0.019816,2026-07
iCRDREL,2007Q2,3,0,0.012028,2026-07
iCRDREL,2007Q3,3,0,0.01663,2026-07
iCRDREL,2007Q4,3,0,0.015388,2026-07
iCRDREL,2008Q1,3,0,-0.023748,2026-07
iCRDREL,2008Q2,3,0,0.074268,2026-07
iCRDREL,2008Q3,3,0,-0.027982,2026-07
iCRDREL,2008Q4,3,0,-0.075899,2026-07
iCRDREL,2009Q1,3,0,0.054218,2026-07
iCRDREL,2009Q2,3,0,0.048525,2026-07
iCRDREL,2009Q3,3,0,0.066568,2026-07
iCRDREL,2009Q4,3,0,0.025147,2026-07
iCRDREL,2010Q1,3,0,0.035128,2026-07
iCRDREL,2010Q2,3,0,0.040933,2026-07
iCRDREL,2010Q3,3,0,0.04084,2026-07
iCRDREL,2010Q4,3,0,0.017657,2026-07
iCRDREL,2011Q1,3,0,0.0362,2026-07
iCRDREL,2011Q2,3,0,0.011229,2026-07
iCRDREL,2011Q3,3,0,0.013661,2026-07
iCRDREL,2011Q4,3,0,0.001469,2026-07
iCRDREL,2012Q1,3,0,0.026415,2026-07
iCRDREL,2012Q2,3,0,0.008389,2026-07
iCRDREL,2012Q3,3,0,0.035399,2026-07
iCRDREL,2012Q4,3,0,0.015681,2026-07
iCRDREL,2013Q1,3,0,0.034689,2026-07
iCRDREL,2013Q2,3,0,0.007779,2026-07
iCRDREL,2013Q3,3,0,0.02602,2026-07
iCRDREL,2013Q4,3,0,0.01295,2026-07
iCRDREL,2014Q1,3,0,0.022869,2026-07
iCRDREL,2014Q2,3,0,0.007413,2026-07
iCRDREL,2014Q3,3,0,0.008662,2026-07
iCRDREL,2014Q4,3,0,0.005097,2026-07
iCRDREL,2015Q1,3,0,0.028554,2026-07
iCRDREL,2015Q2,3,0,0.010108,2026-07
iCRDREL,2015Q3,3,0,0.009184,2026-07
iCRDREL,2015Q4,3,0,0.016679,2026-07
iCRDREL,2016Q1,3,0,0.004484,2026-07
iCRDREL,2016Q2,3,0,0.015676,2026-07
iCRDREL,2016Q3,3,0,0.022559,2026-07
iCRDREL,2016Q4,3,0,0.036971,2026-07
iCRDREL,2017Q1,3,0,0.029574,2026-07
iCRDREL,2017Q2,3,0,0.011031,2026-07
iCRDREL,2017Q3,3,0,0.01426,2026-07
iCRDREL,2017Q4,3,0,-0.000509,2026-07
iCRDREL,2018Q1,3,0,0.022952,2026-07
iCRDREL,2018Q2,3,0,-0.002906,2026-07
iCRDREL,2018Q3,3,0,0.006714,2026-07
iCRDREL,2018Q4,3,0,0.0073,2026-07
iCRDREL,2019Q1,3,0,0.024063,2026-07
iCRDREL,2019Q2,3,0,0.019417,2026-07
iCRDREL,2019Q3,3,0,0.004682,2026-07
iCRDREL,2019Q4,3,0,0.031166,2026-07
iCRDREL,2020Q1,3,0,-0.008991,2026-07
iCRDREL,2020Q2,3,0,0.044828,2026-07
iCRDREL,2020Q3,3,0,0.0174,2026-07
iCRDREL,2020Q4,3,0,0.005608,2026-07
iCRDREL,2021Q1,3,0,0.017042,2026-07
iCRDREL,2021Q2,3,0,0.002279,2026-07
iCRDREL,2021Q3,3,0,0.009302,2026-07
iCRDREL,2021Q4,3,0,-0.005285,2026-07
iCRDREL,2022Q1,3,0,0.045135,2026-07
iCRDREL,2022Q2,3,0,0.015009,2026-07
iCRDREL,2022Q3,3,0,0.020062,2026-07
iCRDREL,2022Q4,3,0,0.041544,2026-07
iCRDREL,2023Q1,3,0,0.021402,2026-07
iCRDREL,2023Q2,3,0,0.022056,2026-07
iCRDREL,2023Q3,3,0,0.019112,2026-07
iCRDREL,2023Q4,3,0,0.02551,2026-07
iCRDREL,2024Q1,3,0,0.025989,2026-07
iCRDREL,2024Q2,3,0,0.013533,2026-07
iCRDREL,2024Q3,3,0,0.025102,2026-07
iCRDREL,2024Q4,3,0,0.02021,2026-07
iCRDREL,2025Q1,3,0,0.021429,2026-07
iCRDREL,2025Q2,3,0,0.020535,2026-07
iCRDREL,2025Q3,3,0,0.022661,2026-07
iCRDREL,2025Q4,3,0,0.02277,2026-07
iCRDREL,2026Q1,3,0,0.003209,2026-07
iCRDREL,2026Q2,3,0,0.023228,2026-07
iCRDREL,2026Q3,1,1,0.0028,2026-07
iEMN,2001Q1,3,0,0.099701,2026-07
iEMN,2001Q2,3,0,0.090094,2026-07
iEMN,2001Q3,3,0,-0.027458,2026-07
iEMN,2001Q4,3,0,0.16192,2026-07
iEMN,2002Q1,3,0,0.042987,2026-07
iEMN,2002Q2,3,0,0.013339,2026-07
iEMN,2002Q3,3,0,-0.006741,2026-07
iEMN,2002Q4,3,0,0.046378,2026-07
iEMN,2003Q1,3,0,-0.004216,2026-07
iEMN,2003Q2,3,0,0.058065,2026-07
iEMN,2003Q3,3,0,0.015468,2026-07
iEMN,2003Q4,3,0,0.050041,2026-07
iEMN,2004Q1,3,0,0.05514,2026-07
iEMN,2004Q2,3,0,0.009457,2026-07
iEMN,2004Q3,3,0,-0.007013,2026-07
iEMN,2004Q4,3,0,0.043989,2026-07
iEMN,2005Q1,3,0,0.023463,2026-07
iEMN,2005Q2,3,0,0.025048,2026-07
iEMN,2005Q3,3,0,0.062741,2026-07
iEMN,2005Q4,3,0,0.038027,2026-07
iEMN,2006Q1,3,0,0.041077,2026-07
iEMN,2006Q2,3,0,0.005,2026-07
iEMN,2006Q3,3,0,0.02671,2026-07
iEMN,2006Q4,3,0,0.066388,2026-07
iEMN,2007Q1,3,0,0.065663,2026-07
iEMN,2007Q2,3,0,0.072268,2026-07
iEMN,2007Q3,3,0,-0.01189,2026-07
iEMN,2007Q4,3,0,0.011613,2026-07
iEMN,2008Q1,3,0,-0.015759,2026-07
iEMN,2008Q2,3,0,0.054196,2026-07
iEMN,2008Q3,3,0,-0.04724,2026-07
iEMN,2008Q4,3,0,0.01808,2026-07
iEMN,2009Q1,3,0,0.033728,2026-07
iEMN,2009Q2,3,0,0.043849,2026-07
iEMN,2009Q3,3,0,0.028566,2026-07
iEMN,2009Q4,3,0,0.016992,2026-07
iEMN,2010Q1,3,0,0.028432,2026-07
iEMN,2010Q2,3,0,-0.008124,2026-07
iEMN,2010Q3,3,0,0.024665,2026-07
iEMN,2010Q4,3,0,0.029748,2026-07
iEMN,2011Q1,3,0,0.018,2026-07
iEMN,2011Q2,3,0,0.021311,2026-07
iEMN,2011Q3,3,0,-0.006153,2026-07
iEMN,2011Q4,3,0,0.014428,2026-07
iEMN,2012Q1,3,0,0.026725,2026-07
iEMN,2012Q2,3,0,-0.005617,2026-07
iEMN,2012Q3,3,0,0.022566,2026-07
iEMN,2012Q4,3,0,0.015236,2026-07
iEMN,2013Q1,3,0,0.033766,2026-07
iEMN,2013Q2,3,0,0.025496,2026-07
iEMN,2013Q3,3,0,0.028709,2026-07
iEMN,2013Q4,3,0,0.03571,2026-07
iEMN,2014Q1,3,0,0.016964,2026-07
iEMN,2014Q2,3,0,0.015049,2026-07
iEMN,2014Q3,3,0,0.013541,2026-07
iEMN,2014Q4,3,0,0.018713,2026-07
iEMN,2015Q1,3,0,0.026323,2026-07
iEMN,2015Q2,3,0,0.011436,2026-07
iEMN,2015Q3,3,0,0.022057,2026-07
iEMN,2015Q4,3,0,0.021838,2026-07
iEMN,2016Q1,3,0,-0.015529,2026-07
iEMN,2016Q2,3,0,-0.004398,2026-07
iEMN,2016Q3,3,0,0.023374,2026-07
iEMN,2016Q4,3,0,0.01003,2026-07
iEMN,2017Q1,3,0,0.015369,2026-07
iEMN,2017Q2,3,0,0.003904,2026-07
iEMN,2017Q3,3,0,0.020737,2026-07
iEMN,2017Q4,3,0,0.009496,2026-07
iEMN,2018Q1,3,0,0.016339,2026-07
iEMN,2018Q2,3,0,0.010534,2026-07
iEMN,2018Q3,3,0,-0.009082,2026-07
iEMN,2018Q4,3,0,-0.022354,2026-07
iEMN,2019Q1,3,0,0.010199,2026-07
iEMN,2019Q2,3,0,-0.004515,2026-07
iEMN,2019Q3,3,0,0.001695,2026-07
iEMN,2019Q4,3,0,0.01201,2026-07
iEMN,2020Q1,3,0,-0.036078,2026-07
iEMN,2020Q2,3,0,0.032631,2026-07
iEMN,2020Q3,3,0,0.017942,2026-07
iEMN,2020Q4,3,0,0.048697,2026-07
iEMN,2021Q1,3,0,0.017645,2026-07
iEMN,2021Q2,3,0,0.003535,2026-07
iEMN,2021Q3,3,0,0.016955,2026-07
iEMN,2021Q4,3,0,0.013694,2026-07
iEMN,2022Q1,3,0,-0.008026,2026-07
iEMN,2022Q2,3,0,0.003092,2026-07
iEMN,2022Q3,3,0,0.010917,2026-07
iEMN,2022Q4,3,0,0.014047,2026-07
iEMN,2023Q1,3,0,0.017069,2026-07
iEMN,2023Q2,3,0,0.013962,2026-07
iEMN,2023Q3,3,0,0.008878,2026-07
iEMN,2023Q4,3,0,0.020935,2026-07
iEMN,2024Q1,3,0,0.038571,2026-07
iEMN,2024Q2,3,0,0.013835,2026-07
iEMN,2024Q3,3,0,0.016243,2026-07
iEMN,2024Q4,3,0,0.030383,2026-07
iEMN,2025Q1,3,0,-0.002969,2026-07
iEMN,2025Q2,3,0,0.032422,2026-07
iEMN,2025Q3,3,0,0.036832,2026-07
iEMN,2025Q4,3,0,0.028856,2026-07
iEMN,2026Q1,3,0,0.00755,2026-07
iEMN,2026Q2,3,0,0.040618,2026-07
iEMN,2026Q3,1,1,-0.0193,2026-07
iEQD,2000Q1,3,0,0.047956,2026-07
iEQD,2000Q2,3,0,0.003196,2026-07
iEQD,2000Q3,3,0,0.046853,2026-07
iEQD,2000Q4,3,0,0.032193,2026-07
iEQD,2001Q1,3,0,0.018496,2026-07
iEQD,2001Q2,3,0,0.045543,2026-07
iEQD,2001Q3,3,0,-0.020943,2026-07
iEQD,2001Q4,3,0,0.081713,2026-07
iEQD,2002Q1,3,0,0.025638,2026-07
iEQD,2002Q2,3,0,-0.011507,2026-07
iEQD,2002Q3,3,0,-0.032537,2026-07
iEQD,2002Q4,3,0,0.028919,2026-07
iEQD,2003Q1,3,0,-0.004835,2026-07
iEQD,2003Q2,3,0,0.105292,2026-07
iEQD,2003Q3,3,0,0.055846,2026-07
iEQD,2003Q4,3,0,0.081124,2026-07
iEQD,2004Q1,3,0,0.048798,2026-07
iEQD,2004Q2,3,0,-0.013822,2026-07
iEQD,2004Q3,3,0,0.015906,2026-07
iEQD,2004Q4,3,0,0.078046,2026-07
iEQD,2005Q1,3,0,0.021833,2026-07
iEQD,2005Q2,3,0,0.02247,2026-07
iEQD,2005Q3,3,0,0.073793,2026-07
iEQD,2005Q4,3,0,0.041182,2026-07
iEQD,2006Q1,3,0,0.072558,2026-07
iEQD,2006Q2,3,0,-0.01376,2026-07
iEQD,2006Q3,3,0,0.026429,2026-07
iEQD,2006Q4,3,0,0.066519,2026-07
iEQD,2007Q1,3,0,0.045342,2026-07
iEQD,2007Q2,3,0,0.072131,2026-07
iEQD,2007Q3,3,0,0.033077,2026-07
iEQD,2007Q4,3,0,0.03569,2026-07
iEQD,2008Q1,3,0,-0.041656,2026-07
iEQD,2008Q2,3,0,0.03201,2026-07
iEQD,2008Q3,3,0,-0.089156,2026-07
iEQD,2008Q4,3,0,-0.071741,2026-07
iEQD,2009Q1,3,0,0.016383,2026-07
iEQD,2009Q2,3,0,0.130247,2026-07
iEQD,2009Q3,3,0,0.093637,2026-07
iEQD,2009Q4,3,0,0.034651,2026-07
iEQD,2010Q1,3,0,0.037308,2026-07
iEQD,2010Q2,3,0,-0.038041,2026-07
iEQD,2010Q3,3,0,0.05291,2026-07
iEQD,2010Q4,3,0,0.064812,2026-07
iEQD,2011Q1,3,0,0.025479,2026-07
iEQD,2011Q2,3,0,0.011888,2026-07
iEQD,2011Q3,3,0,-0.070622,2026-07
iEQD,2011Q4,3,0,0.033992,2026-07
iEQD,2012Q1,3,0,0.072006,2026-07
iEQD,2012Q2,3,0,-0.019963,2026-07
iEQD,2012Q3,3,0,0.037848,2026-07
iEQD,2012Q4,3,0,0.031483,2026-07
iEQD,2013Q1,3,0,0.068153,2026-07
iEQD,2013Q2,3,0,0.019091,2026-07
iEQD,2013Q3,3,0,0.040766,2026-07
iEQD,2013Q4,3,0,0.060374,2026-07
iEQD,2014Q1,3,0,0.016909,2026-07
iEQD,2014Q2,3,0,0.015817,2026-07
iEQD,2014Q3,3,0,-0.002743,2026-07
iEQD,2014Q4,3,0,0.027291,2026-07
iEQD,2015Q1,3,0,0.040678,2026-07
iEQD,2015Q2,3,0,0.01222,2026-07
iEQD,2015Q3,3,0,-0.028553,2026-07
iEQD,2015Q4,3,0,0.019635,2026-07
iEQD,2016Q1,3,0,-0.024893,2026-07
iEQD,2016Q2,3,0,0.001897,2026-07
iEQD,2016Q3,3,0,0.034092,2026-07
iEQD,2016Q4,3,0,0.011881,2026-07
iEQD,2017Q1,3,0,0.033054,2026-07
iEQD,2017Q2,3,0,0.02275,2026-07
iEQD,2017Q3,3,0,0.033869,2026-07
iEQD,2017Q4,3,0,0.020899,2026-07
iEQD,2018Q1,3,0,0.007432,2026-07
iEQD,2018Q2,3,0,0.010558,2026-07
iEQD,2018Q3,3,0,0.004786,2026-07
iEQD,2018Q4,3,0,-0.069482,2026-07
iEQD,2019Q1,3,0,0.062636,2026-07
iEQD,2019Q2,3,0,0.013611,2026-07
iEQD,2019Q3,3,0,-0.001946,2026-07
iEQD,2019Q4,3,0,0.047422,2026-07
iEQD,2020Q1,3,0,-0.116448,2026-07
iEQD,2020Q2,3,0,0.10635,2026-07
iEQD,2020Q3,3,0,0.048107,2026-07
iEQD,2020Q4,3,0,0.10724,2026-07
iEQD,2021Q1,3,0,0.042526,2026-07
iEQD,2021Q2,3,0,0.041457,2026-07
iEQD,2021Q3,3,0,-0.00336,2026-07
iEQD,2021Q4,3,0,0.010408,2026-07
iEQD,2022Q1,3,0,-0.035191,2026-07
iEQD,2022Q2,3,0,-0.059312,2026-07
iEQD,2022Q3,3,0,-0.020282,2026-07
iEQD,2022Q4,3,0,0.045558,2026-07
iEQD,2023Q1,3,0,0.030851,2026-07
iEQD,2023Q2,3,0,0.022951,2026-07
iEQD,2023Q3,3,0,0.002206,2026-07
iEQD,2023Q4,3,0,0.050482,2026-07
iEQD,2024Q1,3,0,0.063172,2026-07
iEQD,2024Q2,3,0,0.008924,2026-07
iEQD,2024Q3,3,0,0.033872,2026-07
iEQD,2024Q4,3,0,0.015671,2026-07
iEQD,2025Q1,3,0,-0.00412,2026-07
iEQD,2025Q2,3,0,0.082179,2026-07
iEQD,2025Q3,3,0,0.048831,2026-07
iEQD,2025Q4,3,0,0.02487,2026-07
iEQD,2026Q1,3,0,-0.012876,2026-07
iEQD,2026Q2,3,0,0.101245,2026-07
iEQD,2026Q3,1,1,-0.0165,2026-07
iEQDALS,2003Q1,3,0,-0.016444,2026-07
iEQDALS,2003Q2,3,0,0.097024,2026-07
iEQDALS,2003Q3,3,0,0.105177,2026-07
iEQDALS,2003Q4,3,0,0.054487,2026-07
iEQDALS,2004Q1,3,0,0.062125,2026-07
iEQDALS,2004Q2,3,0,-0.018325,2026-07
iEQDALS,2004Q3,3,0,0.005123,2026-07
iEQDALS,2004Q4,3,0,0.046265,2026-07
iEQDALS,2005Q1,3,0,0.03404,2026-07
iEQDALS,2005Q2,3,0,0.004902,2026-07
iEQDALS,2005Q3,3,0,0.063444,2026-07
iEQDALS,2005Q4,3,0,0.073376,2026-07
iEQDALS,2006Q1,3,0,0.092641,2026-07
iEQDALS,2006Q2,3,0,-0.0015,2026-07
iEQDALS,2006Q3,3,0,0.028482,2026-07
iEQDALS,2006Q4,3,0,0.112577,2026-07
iEQDALS,2007Q1,3,0,0.05847,2026-07
iEQDALS,2007Q2,3,0,0.114219,2026-07
iEQDALS,2007Q3,3,0,0.068368,2026-07
iEQDALS,2007Q4,3,0,-0.000504,2026-07
iEQDALS,2008Q1,3,0,-0.081797,2026-07
iEQDALS,2008Q2,3,0,-0.006319,2026-07
iEQDALS,2008Q3,3,0,-0.127493,2026-07
iEQDALS,2008Q4,3,0,-0.048999,2026-07
iEQDALS,2009Q1,3,0,0.017646,2026-07
iEQDALS,2009Q2,3,0,0.20934,2026-07
iEQDALS,2009Q3,3,0,0.072755,2026-07
iEQDALS,2009Q4,3,0,0.053821,2026-07
iEQDALS,2010Q1,3,0,0.027824,2026-07
iEQDALS,2010Q2,3,0,-0.02248,2026-07
iEQDALS,2010Q3,3,0,0.076101,2026-07
iEQDALS,2010Q4,3,0,0.060443,2026-07
iEQDALS,2011Q1,3,0,0.012753,2026-07
iEQDALS,2011Q2,3,0,0.010031,2026-07
iEQDALS,2011Q3,3,0,-0.06721,2026-07
iEQDALS,2011Q4,3,0,-0.005365,2026-07
iEQDALS,2012Q1,3,0,0.070273,2026-07
iEQDALS,2012Q2,3,0,-0.02672,2026-07
iEQDALS,2012Q3,3,0,0.027396,2026-07
iEQDALS,2012Q4,3,0,0.061172,2026-07
iEQDALS,2013Q1,3,0,0.097907,2026-07
iEQDALS,2013Q2,3,0,0.022236,2026-07
iEQDALS,2013Q3,3,0,0.04671,2026-07
iEQDALS,2013Q4,3,0,0.061102,2026-07
iEQDALS,2014Q1,3,0,-0.00693,2026-07
iEQDALS,2014Q2,3,0,0.028932,2026-07
iEQDALS,2014Q3,3,0,0.026734,2026-07
iEQDALS,2014Q4,3,0,0.033744,2026-07
iEQDALS,2015Q1,3,0,0.038292,2026-07
iEQDALS,2015Q2,3,0,0.067587,2026-07
iEQDALS,2015Q3,3,0,-0.05552,2026-07
iEQDALS,2015Q4,3,0,0.046182,2026-07
iEQDALS,2016Q1,3,0,-0.050849,2026-07
iEQDALS,2016Q2,3,0,-0.009581,2026-07
iEQDALS,2016Q3,3,0,0.041087,2026-07
iEQDALS,2016Q4,3,0,-0.006315,2026-07
iEQDALS,2017Q1,3,0,0.049284,2026-07
iEQDALS,2017Q2,3,0,0.046082,2026-07
iEQDALS,2017Q3,3,0,0.056309,2026-07
iEQDALS,2017Q4,3,0,0.039764,2026-07
iEQDALS,2018Q1,3,0,0.011443,2026-07
iEQDALS,2018Q2,3,0,-0.005067,2026-07
iEQDALS,2018Q3,3,0,-0.035235,2026-07
iEQDALS,2018Q4,3,0,-0.059045,2026-07
iEQDALS,2019Q1,3,0,0.068895,2026-07
iEQDALS,2019Q2,3,0,-0.016148,2026-07
iEQDALS,2019Q3,3,0,-0.001634,2026-07
iEQDALS,2019Q4,3,0,0.054438,2026-07
iEQDALS,2020Q1,3,0,-0.053719,2026-07
iEQDALS,2020Q2,3,0,0.117126,2026-07
iEQDALS,2020Q3,3,0,0.07364,2026-07
iEQDALS,2020Q4,3,0,0.086566,2026-07
iEQDALS,2021Q1,3,0,0.039224,2026-07
iEQDALS,2021Q2,3,0,0.036022,2026-07
iEQDALS,2021Q3,3,0,-0.024432,2026-07
iEQDALS,2021Q4,3,0,-0.00654,2026-07
iEQDALS,2022Q1,3,0,-0.072012,2026-07
iEQDALS,2022Q2,3,0,-0.004076,2026-07
iEQDALS,2022Q3,3,0,-0.045105,2026-07
iEQDALS,2022Q4,3,0,0.042957,2026-07
iEQDALS,2023Q1,3,0,0.023364,2026-07
iEQDALS,2023Q2,3,0,-0.006818,2026-07
iEQDALS,2023Q3,3,0,0.003073,2026-07
iEQDALS,2023Q4,3,0,0.00717,2026-07
iEQDALS,2024Q1,3,0,0.050853,2026-07
iEQDALS,2024Q2,3,0,0.036067,2026-07
iEQDALS,2024Q3,3,0,0.039421,2026-07
iEQDALS,2024Q4,3,0,0.007541,2026-07
iEQDALS,2025Q1,3,0,0.027841,2026-07
iEQDALS,2025Q2,3,0,0.057262,2026-07
iEQDALS,2025Q3,3,0,0.0954,2026-07
iEQDALS,2025Q4,3,0,0.012434,2026-07
iEQDALS,2026Q1,3,0,0.008633,2026-07
iEQDALS,2026Q2,3,0,0.135642,2026-07
iEQDALS,2026Q3,1,1,-0.0516,2026-07
iEQDELS,2000Q1,3,0,0.162819,2026-07
iEQDELS,2000Q2,3,0,-0.048618,2026-07
iEQDELS,2000Q3,3,0,0.023067,2026-07
iEQDELS,2000Q4,3,0,0.019379,2026-07
iEQDELS,2001Q1,3,0,-0.023192,2026-07
iEQDELS,2001Q2,3,0,0.019571,2026-07
iEQDELS,2001Q3,3,0,0.016641,2026-07
iEQDELS,2001Q4,3,0,0.007609,2026-07
iEQDELS,2002Q1,3,0,0.027948,2026-07
iEQDELS,2002Q2,3,0,-0.009702,2026-07
iEQDELS,2002Q3,3,0,-0.032499,2026-07
iEQDELS,2002Q4,3,0,-0.027286,2026-07
iEQDELS,2003Q1,3,0,0.008586,2026-07
iEQDELS,2003Q2,3,0,0.007204,2026-07
iEQDELS,2003Q3,3,0,0.010073,2026-07
iEQDELS,2003Q4,3,0,0.033386,2026-07
iEQDELS,2004Q1,3,0,0.048732,2026-07
iEQDELS,2004Q2,3,0,0.011993,2026-07
iEQDELS,2004Q3,3,0,0.007301,2026-07
iEQDELS,2004Q4,3,0,0.053329,2026-07
iEQDELS,2005Q1,3,0,0.052033,2026-07
iEQDELS,2005Q2,3,0,0.015469,2026-07
iEQDELS,2005Q3,3,0,0.07778,2026-07
iEQDELS,2005Q4,3,0,0.021569,2026-07
iEQDELS,2006Q1,3,0,0.105735,2026-07
iEQDELS,2006Q2,3,0,-0.018799,2026-07
iEQDELS,2006Q3,3,0,0.018084,2026-07
iEQDELS,2006Q4,3,0,0.072471,2026-07
iEQDELS,2007Q1,3,0,0.058702,2026-07
iEQDELS,2007Q2,3,0,0.0489,2026-07
iEQDELS,2007Q3,3,0,-0.019977,2026-07
iEQDELS,2007Q4,3,0,-0.01234,2026-07
iEQDELS,2008Q1,3,0,-0.055336,2026-07
iEQDELS,2008Q2,3,0,0.016076,2026-07
iEQDELS,2008Q3,3,0,-0.078434,2026-07
iEQDELS,2008Q4,3,0,-0.054306,2026-07
iEQDELS,2009Q1,3,0,0.013308,2026-07
iEQDELS,2009Q2,3,0,0.122237,2026-07
iEQDELS,2009Q3,3,0,0.142195,2026-07
iEQDELS,2009Q4,3,0,0.014062,2026-07
iEQDELS,2010Q1,3,0,0.032176,2026-07
iEQDELS,2010Q2,3,0,-0.037227,2026-07
iEQDELS,2010Q3,3,0,0.047003,2026-07
iEQDELS,2010Q4,3,0,0.078465,2026-07
iEQDELS,2011Q1,3,0,0.007079,2026-07
iEQDELS,2011Q2,3,0,0.012073,2026-07
iEQDELS,2011Q3,3,0,-0.087437,2026-07
iEQDELS,2011Q4,3,0,0.00643,2026-07
iEQDELS,2012Q1,3,0,0.084829,2026-07
iEQDELS,2012Q2,3,0,-0.031527,2026-07
iEQDELS,2012Q3,3,0,0.04608,2026-07
iEQDELS,2012Q4,3,0,0.045638,2026-07
iEQDELS,2013Q1,3,0,0.057413,2026-07
iEQDELS,2013Q2,3,0,0.015071,2026-07
iEQDELS,2013Q3,3,0,0.050928,2026-07
iEQDELS,2013Q4,3,0,0.063962,2026-07
iEQDELS,2014Q1,3,0,0.036761,2026-07
iEQDELS,2014Q2,3,0,-0.015546,2026-07
iEQDELS,2014Q3,3,0,-0.011529,2026-07
iEQDELS,2014Q4,3,0,0.016383,2026-07
iEQDELS,2015Q1,3,0,0.075868,2026-07
iEQDELS,2015Q2,3,0,0.004953,2026-07
iEQDELS,2015Q3,3,0,-0.014412,2026-07
iEQDELS,2015Q4,3,0,0.032728,2026-07
iEQDELS,2016Q1,3,0,-0.040338,2026-07
iEQDELS,2016Q2,3,0,-0.034455,2026-07
iEQDELS,2016Q3,3,0,0.049565,2026-07
iEQDELS,2016Q4,3,0,0.041221,2026-07
iEQDELS,2017Q1,3,0,0.041064,2026-07
iEQDELS,2017Q2,3,0,0.033348,2026-07
iEQDELS,2017Q3,3,0,0.029524,2026-07
iEQDELS,2017Q4,3,0,0.017595,2026-07
iEQDELS,2018Q1,3,0,-0.003933,2026-07
iEQDELS,2018Q2,3,0,0.022192,2026-07
iEQDELS,2018Q3,3,0,0.001147,2026-07
iEQDELS,2018Q4,3,0,-0.089553,2026-07
iEQDELS,2019Q1,3,0,0.046512,2026-07
iEQDELS,2019Q2,3,0,0.021146,2026-07
iEQDELS,2019Q3,3,0,0.006074,2026-07
iEQDELS,2019Q4,3,0,0.050099,2026-07
iEQDELS,2020Q1,3,0,-0.152482,2026-07
iEQDELS,2020Q2,3,0,0.092722,2026-07
iEQDELS,2020Q3,3,0,0.033945,2026-07
iEQDELS,2020Q4,3,0,0.09938,2026-07
iEQDELS,2021Q1,3,0,0.04875,2026-07
iEQDELS,2021Q2,3,0,0.027354,2026-07
iEQDELS,2021Q3,3,0,0.009185,2026-07
iEQDELS,2021Q4,3,0,0.013161,2026-07
iEQDELS,2022Q1,3,0,-0.041254,2026-07
iEQDELS,2022Q2,3,0,-0.047074,2026-07
iEQDELS,2022Q3,3,0,-0.022223,2026-07
iEQDELS,2022Q4,3,0,0.050613,2026-07
iEQDELS,2023Q1,3,0,0.046559,2026-07
iEQDELS,2023Q2,3,0,0.008151,2026-07
iEQDELS,2023Q3,3,0,-0.001435,2026-07
iEQDELS,2023Q4,3,0,0.053222,2026-07
iEQDELS,2024Q1,3,0,0.055661,2026-07
iEQDELS,2024Q2,3,0,0.000681,2026-07
iEQDELS,2024Q3,3,0,0.009001,2026-07
iEQDELS,2024Q4,3,0,0.00409,2026-07
iEQDELS,2025Q1,3,0,0.00906,2026-07
iEQDELS,2025Q2,3,0,0.081984,2026-07
iEQDELS,2025Q3,3,0,0.013115,2026-07
iEQDELS,2025Q4,3,0,0.01432,2026-07
iEQDELS,2026Q1,3,0,-0.024776,2026-07
iEQDELS,2026Q2,3,0,0.087467,2026-07
iEQDELS,2026Q3,1,1,0.0008,2026-07
iEQDGLS,2000Q1,3,0,0.006008,2026-07
iEQDGLS,2000Q2,3,0,0.00209,2026-07
iEQDGLS,2000Q3,3,0,0.053008,2026-07
iEQDGLS,2000Q4,3,0,0.046072,2026-07
iEQDGLS,2001Q1,3,0,0.025559,2026-07
iEQDGLS,2001Q2,3,0,0.04422,2026-07
iEQDGLS,2001Q3,3,0,0.001663,2026-07
iEQDGLS,2001Q4,3,0,0.104604,2026-07
iEQDGLS,2002Q1,3,0,0.048747,2026-07
iEQDGLS,2002Q2,3,0,0.010581,2026-07
iEQDGLS,2002Q3,3,0,-0.029589,2026-07
iEQDGLS,2002Q4,3,0,0.015239,2026-07
iEQDGLS,2003Q1,3,0,-0.022443,2026-07
iEQDGLS,2003Q2,3,0,0.100378,2026-07
iEQDGLS,2003Q3,3,0,0.073278,2026-07
iEQDGLS,2003Q4,3,0,0.10022,2026-07
iEQDGLS,2004Q1,3,0,0.056799,2026-07
iEQDGLS,2004Q2,3,0,-0.03382,2026-07
iEQDGLS,2004Q3,3,0,0.030694,2026-07
iEQDGLS,2004Q4,3,0,0.082904,2026-07
iEQDGLS,2005Q1,3,0,0.030612,2026-07
iEQDGLS,2005Q2,3,0,0.018811,2026-07
iEQDGLS,2005Q3,3,0,0.098642,2026-07
iEQDGLS,2005Q4,3,0,0.041423,2026-07
iEQDGLS,2006Q1,3,0,0.08666,2026-07
iEQDGLS,2006Q2,3,0,-0.022346,2026-07
iEQDGLS,2006Q3,3,0,0.011919,2026-07
iEQDGLS,2006Q4,3,0,0.06955,2026-07
iEQDGLS,2007Q1,3,0,0.036069,2026-07
iEQDGLS,2007Q2,3,0,0.083634,2026-07
iEQDGLS,2007Q3,3,0,0.05903,2026-07
iEQDGLS,2007Q4,3,0,0.063705,2026-07
iEQDGLS,2008Q1,3,0,-0.030046,2026-07
iEQDGLS,2008Q2,3,0,0.050476,2026-07
iEQDGLS,2008Q3,3,0,-0.116423,2026-07
iEQDGLS,2008Q4,3,0,-0.061872,2026-07
iEQDGLS,2009Q1,3,0,0.001183,2026-07
iEQDGLS,2009Q2,3,0,0.123678,2026-07
iEQDGLS,2009Q3,3,0,0.072171,2026-07
iEQDGLS,2009Q4,3,0,0.026729,2026-07
iEQDGLS,2010Q1,3,0,0.033262,2026-07
iEQDGLS,2010Q2,3,0,-0.038747,2026-07
iEQDGLS,2010Q3,3,0,0.058168,2026-07
iEQDGLS,2010Q4,3,0,0.05388,2026-07
iEQDGLS,2011Q1,3,0,0.011966,2026-07
iEQDGLS,2011Q2,3,0,0.014502,2026-07
iEQDGLS,2011Q3,3,0,-0.048418,2026-07
iEQDGLS,2011Q4,3,0,0.025037,2026-07
iEQDGLS,2012Q1,3,0,0.067633,2026-07
iEQDGLS,2012Q2,3,0,-0.019678,2026-07
iEQDGLS,2012Q3,3,0,0.045876,2026-07
iEQDGLS,2012Q4,3,0,0.018666,2026-07
iEQDGLS,2013Q1,3,0,0.064714,2026-07
iEQDGLS,2013Q2,3,0,0.013886,2026-07
iEQDGLS,2013Q3,3,0,0.029778,2026-07
iEQDGLS,2013Q4,3,0,0.057258,2026-07
iEQDGLS,2014Q1,3,0,0.010662,2026-07
iEQDGLS,2014Q2,3,0,0.016762,2026-07
iEQDGLS,2014Q3,3,0,-0.004337,2026-07
iEQDGLS,2014Q4,3,0,0.018953,2026-07
iEQDGLS,2015Q1,3,0,0.033925,2026-07
iEQDGLS,2015Q2,3,0,0.009432,2026-07
iEQDGLS,2015Q3,3,0,-0.014506,2026-07
iEQDGLS,2015Q4,3,0,0.010757,2026-07
iEQDGLS,2016Q1,3,0,-0.019982,2026-07
iEQDGLS,2016Q2,3,0,0.01721,2026-07
iEQDGLS,2016Q3,3,0,0.019324,2026-07
iEQDGLS,2016Q4,3,0,-0.011182,2026-07
iEQDGLS,2017Q1,3,0,0.037236,2026-07
iEQDGLS,2017Q2,3,0,0.020294,2026-07
iEQDGLS,2017Q3,3,0,0.031798,2026-07
iEQDGLS,2017Q4,3,0,0.019459,2026-07
iEQDGLS,2018Q1,3,0,0.015562,2026-07
iEQDGLS,2018Q2,3,0,-0.004251,2026-07
iEQDGLS,2018Q3,3,0,-0.004502,2026-07
iEQDGLS,2018Q4,3,0,-0.047119,2026-07
iEQDGLS,2019Q1,3,0,0.042807,2026-07
iEQDGLS,2019Q2,3,0,0.009026,2026-07
iEQDGLS,2019Q3,3,0,-0.006533,2026-07
iEQDGLS,2019Q4,3,0,0.040523,2026-07
iEQDGLS,2020Q1,3,0,-0.107457,2026-07
iEQDGLS,2020Q2,3,0,0.09933,2026-07
iEQDGLS,2020Q3,3,0,0.040716,2026-07
iEQDGLS,2020Q4,3,0,0.095302,2026-07
iEQDGLS,2021Q1,3,0,0.026547,2026-07
iEQDGLS,2021Q2,3,0,0.04281,2026-07
iEQDGLS,2021Q3,3,0,-0.006254,2026-07
iEQDGLS,2021Q4,3,0,0.003865,2026-07
iEQDGLS,2022Q1,3,0,-0.024031,2026-07
iEQDGLS,2022Q2,3,0,-0.056345,2026-07
iEQDGLS,2022Q3,3,0,-0.018923,2026-07
iEQDGLS,2022Q4,3,0,0.038833,2026-07
iEQDGLS,2023Q1,3,0,0.020167,2026-07
iEQDGLS,2023Q2,3,0,0.029783,2026-07
iEQDGLS,2023Q3,3,0,0.011818,2026-07
iEQDGLS,2023Q4,3,0,0.047194,2026-07
iEQDGLS,2024Q1,3,0,0.07053,2026-07
iEQDGLS,2024Q2,3,0,0.019095,2026-07
iEQDGLS,2024Q3,3,0,0.041339,2026-07
iEQDGLS,2024Q4,3,0,0.006777,2026-07
iEQDGLS,2025Q1,3,0,8.3e-05,2026-07
iEQDGLS,2025Q2,3,0,0.091614,2026-07
iEQDGLS,2025Q3,3,0,0.055879,2026-07
iEQDGLS,2025Q4,3,0,0.031492,2026-07
iEQDGLS,2026Q1,3,0,-0.010411,2026-07
iEQDGLS,2026Q2,3,0,0.083656,2026-07
iEQDGLS,2026Q3,1,1,-0.0074,2026-07
iEQDULS,2000Q1,3,0,0.081062,2026-07
iEQDULS,2000Q2,3,0,0.00691,2026-07
iEQDULS,2000Q3,3,0,0.042514,2026-07
iEQDULS,2000Q4,3,0,0.020148,2026-07
iEQDULS,2001Q1,3,0,0.014739,2026-07
iEQDULS,2001Q2,3,0,0.04848,2026-07
iEQDULS,2001Q3,3,0,-0.043946,2026-07
iEQDULS,2001Q4,3,0,0.066446,2026-07
iEQDULS,2002Q1,3,0,0.005533,2026-07
iEQDULS,2002Q2,3,0,-0.03054,2026-07
iEQDULS,2002Q3,3,0,-0.03514,2026-07
iEQDULS,2002Q4,3,0,0.045282,2026-07
iEQDULS,2003Q1,3,0,0.008892,2026-07
iEQDULS,2003Q2,3,0,0.118535,2026-07
iEQDULS,2003Q3,3,0,0.041819,2026-07
iEQDULS,2003Q4,3,0,0.073088,2026-07
iEQDULS,2004Q1,3,0,0.040784,2026-07
iEQDULS,2004Q2,3,0,0.001256,2026-07
iEQDULS,2004Q3,3,0,0.005444,2026-07
iEQDULS,2004Q4,3,0,0.079275,2026-07
iEQDULS,2005Q1,3,0,0.011293,2026-07
iEQDULS,2005Q2,3,0,0.027732,2026-07
iEQDULS,2005Q3,3,0,0.055453,2026-07
iEQDULS,2005Q4,3,0,0.038962,2026-07
iEQDULS,2006Q1,3,0,0.056017,2026-07
iEQDULS,2006Q2,3,0,-0.008489,2026-07
iEQDULS,2006Q3,3,0,0.038227,2026-07
iEQDULS,2006Q4,3,0,0.057227,2026-07
iEQDULS,2007Q1,3,0,0.046651,2026-07
iEQDULS,2007Q2,3,0,0.062083,2026-07
iEQDULS,2007Q3,3,0,0.020435,2026-07
iEQDULS,2007Q4,3,0,0.032381,2026-07
iEQDULS,2008Q1,3,0,-0.038775,2026-07
iEQDULS,2008Q2,3,0,0.03191,2026-07
iEQDULS,2008Q3,3,0,-0.073266,2026-07
iEQDULS,2008Q4,3,0,-0.0852,2026-07
iEQDULS,2009Q1,3,0,0.024156,2026-07
iEQDULS,2009Q2,3,0,0.122326,2026-07
iEQDULS,2009Q3,3,0,0.093609,2026-07
iEQDULS,2009Q4,3,0,0.041119,2026-07
iEQDULS,2010Q1,3,0,0.042094,2026-07
iEQDULS,2010Q2,3,0,-0.040672,2026-07
iEQDULS,2010Q3,3,0,0.048748,2026-07
iEQDULS,2010Q4,3,0,0.066049,2026-07
iEQDULS,2011Q1,3,0,0.040699,2026-07
iEQDULS,2011Q2,3,0,0.010723,2026-07
iEQDULS,2011Q3,3,0,-0.077815,2026-07
iEQDULS,2011Q4,3,0,0.05392,2026-07
iEQDULS,2012Q1,3,0,0.070666,2026-07
iEQDULS,2012Q2,3,0,-0.015293,2026-07
iEQDULS,2012Q3,3,0,0.032599,2026-07
iEQDULS,2012Q4,3,0,0.028632,2026-07
iEQDULS,2013Q1,3,0,0.067738,2026-07
iEQDULS,2013Q2,3,0,0.022652,2026-07
iEQDULS,2013Q3,3,0,0.04289,2026-07
iEQDULS,2013Q4,3,0,0.060789,2026-07
iEQDULS,2014Q1,3,0,0.017795,2026-07
iEQDULS,2014Q2,3,0,0.024661,2026-07
iEQDULS,2014Q3,3,0,-0.004123,2026-07
iEQDULS,2014Q4,3,0,0.03527,2026-07
iEQDULS,2015Q1,3,0,0.032336,2026-07
iEQDULS,2015Q2,3,0,0.005098,2026-07
iEQDULS,2015Q3,3,0,-0.036711,2026-07
iEQDULS,2015Q4,3,0,0.014434,2026-07
iEQDULS,2016Q1,3,0,-0.016997,2026-07
iEQDULS,2016Q2,3,0,0.008194,2026-07
iEQDULS,2016Q3,3,0,0.036249,2026-07
iEQDULS,2016Q4,3,0,0.018933,2026-07
iEQDULS,2017Q1,3,0,0.024079,2026-07
iEQDULS,2017Q2,3,0,0.01517,2026-07
iEQDULS,2017Q3,3,0,0.031717,2026-07
iEQDULS,2017Q4,3,0,0.018487,2026-07
iEQDULS,2018Q1,3,0,0.005177,2026-07
iEQDULS,2018Q2,3,0,0.020058,2026-07
iEQDULS,2018Q3,3,0,0.0228,2026-07
iEQDULS,2018Q4,3,0,-0.079197,2026-07
iEQDULS,2019Q1,3,0,0.080344,2026-07
iEQDULS,2019Q2,3,0,0.022062,2026-07
iEQDULS,2019Q3,3,0,-0.002389,2026-07
iEQDULS,2019Q4,3,0,0.048637,2026-07
iEQDULS,2020Q1,3,0,-0.128703,2026-07
iEQDULS,2020Q2,3,0,0.113557,2026-07
iEQDULS,2020Q3,3,0,0.051766,2026-07
iEQDULS,2020Q4,3,0,0.125484,2026-07
iEQDULS,2021Q1,3,0,0.055079,2026-07
iEQDULS,2021Q2,3,0,0.047467,2026-07
iEQDULS,2021Q3,3,0,0.000746,2026-07
iEQDULS,2021Q4,3,0,0.020485,2026-07
iEQDULS,2022Q1,3,0,-0.030497,2026-07
iEQDULS,2022Q2,3,0,-0.08206,2026-07
iEQDULS,2022Q3,3,0,-0.013776,2026-07
iEQDULS,2022Q4,3,0,0.048887,2026-07
iEQDULS,2023Q1,3,0,0.03084,2026-07
iEQDULS,2023Q2,3,0,0.035242,2026-07
iEQDULS,2023Q3,3,0,-0.00269,2026-07
iEQDULS,2023Q4,3,0,0.063113,2026-07
iEQDULS,2024Q1,3,0,0.064306,2026-07
iEQDULS,2024Q2,3,0,-0.002227,2026-07
iEQDULS,2024Q3,3,0,0.039399,2026-07
iEQDULS,2024Q4,3,0,0.031052,2026-07
iEQDULS,2025Q1,3,0,-0.025484,2026-07
iEQDULS,2025Q2,3,0,0.078619,2026-07
iEQDULS,2025Q3,3,0,0.035429,2026-07
iEQDULS,2025Q4,3,0,0.024016,2026-07
iEQDULS,2026Q1,3,0,-0.020578,2026-07
iEQDULS,2026Q2,3,0,0.120783,2026-07
iEQDULS,2026Q3,1,1,-0.0236,2026-07
iEQS,2000Q1,3,0,0.099978,2026-07
iEQS,2000Q2,3,0,0.124856,2026-07
iEQS,2000Q3,3,0,0.158487,2026-07
iEQS,2000Q4,3,0,0.099193,2026-07
iEQS,2001Q1,3,0,0.023716,2026-07
iEQS,2001Q2,3,0,0.133626,2026-07
iEQS,2001Q3,3,0,-0.048439,2026-07
iEQS,2001Q4,3,0,0.122129,2026-07
iEQS,2002Q1,3,0,0.025931,2026-07
iEQS,2002Q2,3,0,-0.037098,2026-07
iEQS,2002Q3,3,0,-0.021441,2026-07
iEQS,2002Q4,3,0,0.052853,2026-07
iEQS,2003Q1,3,0,0.027724,2026-07
iEQS,2003Q2,3,0,0.079435,2026-07
iEQS,2003Q3,3,0,0.033703,2026-07
iEQS,2003Q4,3,0,0.057786,2026-07
iEQS,2004Q1,3,0,0.043564,2026-07
iEQS,2004Q2,3,0,0.009311,2026-07
iEQS,2004Q3,3,0,-0.006707,2026-07
iEQS,2004Q4,3,0,0.059295,2026-07
iEQS,2005Q1,3,0,-0.007539,2026-07
iEQS,2005Q2,3,0,0.050861,2026-07
iEQS,2005Q3,3,0,0.0725,2026-07
iEQS,2005Q4,3,0,0.030929,2026-07
iEQS,2006Q1,3,0,0.083289,2026-07
iEQS,2006Q2,3,0,-0.00899,2026-07
iEQS,2006Q3,3,0,0.044392,2026-07
iEQS,2006Q4,3,0,0.065539,2026-07
iEQS,2007Q1,3,0,0.041721,2026-07
iEQS,2007Q2,3,0,0.053671,2026-07
iEQS,2007Q3,3,0,0.031096,2026-07
iEQS,2007Q4,3,0,0.026855,2026-07
iEQS,2008Q1,3,0,-0.070815,2026-07
iEQS,2008Q2,3,0,0.026925,2026-07
iEQS,2008Q3,3,0,-0.047452,2026-07
iEQS,2008Q4,3,0,-0.074216,2026-07
iEQS,2009Q1,3,0,0.030572,2026-07
iEQS,2009Q2,3,0,0.10811,2026-07
iEQS,2009Q3,3,0,0.08712,2026-07
iEQS,2009Q4,3,0,0.029332,2026-07
iEQS,2010Q1,3,0,0.044031,2026-07
iEQS,2010Q2,3,0,-0.033538,2026-07
iEQS,2010Q3,3,0,0.066696,2026-07
iEQS,2010Q4,3,0,0.064821,2026-07
iEQS,2011Q1,3,0,0.038363,2026-07
iEQS,2011Q2,3,0,0.029205,2026-07
iEQS,2011Q3,3,0,-0.079761,2026-07
iEQS,2011Q4,3,0,0.050112,2026-07
iEQS,2012Q1,3,0,0.083415,2026-07
iEQS,2012Q2,3,0,-0.007016,2026-07
iEQS,2012Q3,3,0,0.037005,2026-07
iEQS,2012Q4,3,0,0.001313,2026-07
iEQS,2013Q1,3,0,0.070952,2026-07
iEQS,2013Q2,3,0,0.031431,2026-07
iEQS,2013Q3,3,0,0.082017,2026-07
iEQS,2013Q4,3,0,0.063837,2026-07
iEQS,2014Q1,3,0,0.052093,2026-07
iEQS,2014Q2,3,0,0.019258,2026-07
iEQS,2014Q3,3,0,0.001714,2026-07
iEQS,2014Q4,3,0,0.046278,2026-07
iEQS,2015Q1,3,0,0.043967,2026-07
iEQS,2015Q2,3,0,0.028432,2026-07
iEQS,2015Q3,3,0,-0.0388,2026-07
iEQS,2015Q4,3,0,0.039513,2026-07
iEQS,2016Q1,3,0,-0.060484,2026-07
iEQS,2016Q2,3,0,0.032567,2026-07
iEQS,2016Q3,3,0,0.073674,2026-07
iEQS,2016Q4,3,0,-0.002817,2026-07
iEQS,2017Q1,3,0,0.050994,2026-07
iEQS,2017Q2,3,0,0.024347,2026-07
iEQS,2017Q3,3,0,0.045877,2026-07
iEQS,2017Q4,3,0,0.02074,2026-07
iEQS,2018Q1,3,0,0.040572,2026-07
iEQS,2018Q2,3,0,0.038905,2026-07
iEQS,2018Q3,3,0,0.024169,2026-07
iEQS,2018Q4,3,0,-0.090236,2026-07
iEQS,2019Q1,3,0,0.088838,2026-07
iEQS,2019Q2,3,0,0.022649,2026-07
iEQS,2019Q3,3,0,-0.026058,2026-07
iEQS,2019Q4,3,0,0.075214,2026-07
iEQS,2020Q1,3,0,-0.07259,2026-07
iEQS,2020Q2,3,0,0.138978,2026-07
iEQS,2020Q3,3,0,0.0462,2026-07
iEQS,2020Q4,3,0,0.130846,2026-07
iEQS,2021Q1,3,0,0.00561,2026-07
iEQS,2021Q2,3,0,0.028019,2026-07
iEQS,2021Q3,3,0,-0.002541,2026-07
iEQS,2021Q4,3,0,-0.023754,2026-07
iEQS,2022Q1,3,0,-0.080728,2026-07
iEQS,2022Q2,3,0,-0.087875,2026-07
iEQS,2022Q3,3,0,-0.008857,2026-07
iEQS,2022Q4,3,0,0.027426,2026-07
iEQS,2023Q1,3,0,0.031201,2026-07
iEQS,2023Q2,3,0,0.045454,2026-07
iEQS,2023Q3,3,0,-0.015922,2026-07
iEQS,2023Q4,3,0,0.083609,2026-07
iEQS,2024Q1,3,0,0.07794,2026-07
iEQS,2024Q2,3,0,-0.005192,2026-07
iEQS,2024Q3,3,0,0.043535,2026-07
iEQS,2024Q4,3,0,0.02717,2026-07
iEQS,2025Q1,3,0,-0.051173,2026-07
iEQS,2025Q2,3,0,0.076306,2026-07
iEQS,2025Q3,3,0,0.118685,2026-07
iEQS,2025Q4,3,0,0.089996,2026-07
iEQS,2026Q1,3,0,-0.001869,2026-07
iEQS,2026Q2,3,0,0.16536,2026-07
iEQS,2026Q3,1,1,-0.0409,2026-07
iEQSCON,2001Q1,3,0,0.205214,2026-07
iEQSCON,2001Q2,3,0,0.123068,2026-07
iEQSCON,2001Q3,3,0,-0.126221,2026-07
iEQSCON,2001Q4,3,0,0.174147,2026-07
iEQSCON,2002Q1,3,0,0.134081,2026-07
iEQSCON,2002Q2,3,0,0.059371,2026-07
iEQSCON,2002Q3,3,0,-0.132547,2026-07
iEQSCON,2002Q4,3,0,0.04902,2026-07
iEQSCON,2003Q1,3,0,0.03074,2026-07
iEQSCON,2003Q2,3,0,0.127796,2026-07
iEQSCON,2003Q3,3,0,0.089287,2026-07
iEQSCON,2003Q4,3,0,0.061679,2026-07
iEQSCON,2004Q1,3,0,0.116862,2026-07
iEQSCON,2004Q2,3,0,0.008267,2026-07
iEQSCON,2004Q3,3,0,-0.029195,2026-07
iEQSCON,2004Q4,3,0,0.085476,2026-07
iEQSCON,2005Q1,3,0,0.047839,2026-07
iEQSCON,2005Q2,3,0,0.074132,2026-07
iEQSCON,2005Q3,3,0,-0.041947,2026-07
iEQSCON,2005Q4,3,0,0.085179,2026-07
iEQSCON,2006Q1,3,0,0.065153,2026-07
iEQSCON,2006Q2,3,0,-0.035321,2026-07
iEQSCON,2006Q3,3,0,0.084426,2026-07
iEQSCON,2006Q4,3,0,0.044264,2026-07
iEQSCON,2007Q1,3,0,0.051652,2026-07
iEQSCON,2007Q2,3,0,0.01004,2026-07
iEQSCON,2007Q3,3,0,-0.021888,2026-07
iEQSCON,2007Q4,3,0,-0.04693,2026-07
iEQSCON,2008Q1,3,0,0.013706,2026-07
iEQSCON,2008Q2,3,0,0.035022,2026-07
iEQSCON,2008Q3,3,0,-0.023629,2026-07
iEQSCON,2008Q4,3,0,-0.075196,2026-07
iEQSCON,2009Q1,3,0,0.039098,2026-07
iEQSCON,2009Q2,3,0,0.12488,2026-07
iEQSCON,2009Q3,3,0,0.03653,2026-07
iEQSCON,2009Q4,3,0,0.027118,2026-07
iEQSCON,2010Q1,3,0,0.069452,2026-07
iEQSCON,2010Q2,3,0,-0.021042,2026-07
iEQSCON,2010Q3,3,0,0.01343,2026-07
iEQSCON,2010Q4,3,0,0.017329,2026-07
iEQSCON,2011Q1,3,0,0.029006,2026-07
iEQSCON,2011Q2,3,0,0.02499,2026-07
iEQSCON,2011Q3,3,0,-0.025242,2026-07
iEQSCON,2011Q4,3,0,0.018422,2026-07
iEQSCON,2012Q1,3,0,0.037551,2026-07
iEQSCON,2012Q2,3,0,-0.030627,2026-07
iEQSCON,2012Q3,3,0,0.031346,2026-07
iEQSCON,2012Q4,3,0,0.013916,2026-07
iEQSCON,2013Q1,3,0,0.025617,2026-07
iEQSCON,2013Q2,3,0,0.044136,2026-07
iEQSCON,2013Q3,3,0,0.004865,2026-07
iEQSCON,2013Q4,3,0,0.044017,2026-07
iEQSCON,2014Q1,3,0,-0.00168,2026-07
iEQSCON,2014Q2,3,0,0.025239,2026-07
iEQSCON,2014Q3,3,0,-0.018412,2026-07
iEQSCON,2014Q4,3,0,0.03099,2026-07
iEQSCON,2015Q1,3,0,0.043155,2026-07
iEQSCON,2015Q2,3,0,0.00501,2026-07
iEQSCON,2015Q3,3,0,-0.034469,2026-07
iEQSCON,2015Q4,3,0,-0.008889,2026-07
iEQSCON,2016Q1,3,0,0.016863,2026-07
iEQSCON,2016Q2,3,0,-0.018542,2026-07
iEQSCON,2016Q3,3,0,0.0194,2026-07
iEQSCON,2016Q4,3,0,-0.018226,2026-07
iEQSCON,2017Q1,3,0,0.046482,2026-07
iEQSCON,2017Q2,3,0,0.013658,2026-07
iEQSCON,2017Q3,3,0,0.020943,2026-07
iEQSCON,2017Q4,3,0,0.035598,2026-07
iEQSCON,2018Q1,3,0,0.018313,2026-07
iEQSCON,2018Q2,3,0,0.031699,2026-07
iEQSCON,2018Q3,3,0,-0.000602,2026-07
iEQSCON,2018Q4,3,0,-0.084575,2026-07
iEQSCON,2019Q1,3,0,0.05435,2026-07
iEQSCON,2019Q2,3,0,-0.012799,2026-07
iEQSCON,2019Q3,3,0,-0.000409,2026-07
iEQSCON,2019Q4,3,0,-0.012661,2026-07
iEQSCON,2020Q1,3,0,0.021355,2026-07
iEQSCON,2020Q2,3,0,0.029315,2026-07
iEQSCON,2020Q3,3,0,0.033171,2026-07
iEQSCON,2020Q4,3,0,0.049449,2026-07
iEQSCON,2021Q1,3,0,-0.034049,2026-07
iEQSCON,2021Q2,3,0,0.04732,2026-07
iEQSCON,2021Q3,3,0,-0.017354,2026-07
iEQSCON,2021Q4,3,0,-0.035885,2026-07
iEQSCON,2022Q1,3,0,-0.080273,2026-07
iEQSCON,2022Q2,3,0,-0.071751,2026-07
iEQSCON,2022Q3,3,0,-0.001585,2026-07
iEQSCON,2022Q4,3,0,4.3e-05,2026-07
iEQSCON,2023Q1,3,0,0.032954,2026-07
iEQSCON,2023Q2,3,0,0.015543,2026-07
iEQSCON,2023Q3,3,0,-1.7e-05,2026-07
iEQSCON,2023Q4,3,0,-0.004662,2026-07
iEQSCON,2024Q1,3,0,0.035885,2026-07
iEQSCON,2024Q2,3,0,0.02028,2026-07
iEQSCON,2024Q3,3,0,-0.00514,2026-07
iEQSCON,2024Q4,3,0,0.053327,2026-07
iEQSCON,2025Q1,3,0,-0.017057,2026-07
iEQSCON,2025Q2,3,0,0.097915,2026-07
iEQSCON,2025Q3,3,0,0.021722,2026-07
iEQSCON,2025Q4,3,0,-0.036991,2026-07
iEQSCON,2026Q1,3,0,-0.078652,2026-07
iEQSCON,2026Q2,3,0,0.100129,2026-07
iEQSCON,2026Q3,1,1,-0.047,2026-07
iEQSEUI,2000Q1,3,0,0.05083,2026-07
iEQSEUI,2000Q2,3,0,0.148172,2026-07
iEQSEUI,2000Q3,3,0,0.064551,2026-07
iEQSEUI,2000Q4,3,0,0.072088,2026-07
iEQSEUI,2001Q1,3,0,0.042737,2026-07
iEQSEUI,2001Q2,3,0,0.064015,2026-07
iEQSEUI,2001Q3,3,0,-0.088202,2026-07
iEQSEUI,2001Q4,3,0,0.122358,2026-07
iEQSEUI,2002Q1,3,0,0.081386,2026-07
iEQSEUI,2002Q2,3,0,0.029162,2026-07
iEQSEUI,2002Q3,3,0,0.026657,2026-07
iEQSEUI,2002Q4,3,0,0.095304,2026-07
iEQSEUI,2003Q1,3,0,0.024861,2026-07
iEQSEUI,2003Q2,3,0,0.10752,2026-07
iEQSEUI,2003Q3,3,0,0.010931,2026-07
iEQSEUI,2003Q4,3,0,0.060858,2026-07
iEQSEUI,2004Q1,3,0,0.02863,2026-07
iEQSEUI,2004Q2,3,0,0.064327,2026-07
iEQSEUI,2004Q3,3,0,0.063364,2026-07
iEQSEUI,2004Q4,3,0,0.089101,2026-07
iEQSEUI,2005Q1,3,0,0.057814,2026-07
iEQSEUI,2005Q2,3,0,0.021726,2026-07
iEQSEUI,2005Q3,3,0,0.13832,2026-07
iEQSEUI,2005Q4,3,0,0.029743,2026-07
iEQSEUI,2006Q1,3,0,0.06488,2026-07
iEQSEUI,2006Q2,3,0,0.04216,2026-07
iEQSEUI,2006Q3,3,0,0.006995,2026-07
iEQSEUI,2006Q4,3,0,0.095332,2026-07
iEQSEUI,2007Q1,3,0,0.066075,2026-07
iEQSEUI,2007Q2,3,0,0.089673,2026-07
iEQSEUI,2007Q3,3,0,0.012354,2026-07
iEQSEUI,2007Q4,3,0,0.049426,2026-07
iEQSEUI,2008Q1,3,0,-0.043783,2026-07
iEQSEUI,2008Q2,3,0,0.089,2026-07
iEQSEUI,2008Q3,3,0,-0.121616,2026-07
iEQSEUI,2008Q4,3,0,-0.147668,2026-07
iEQSEUI,2009Q1,3,0,0.050202,2026-07
iEQSEUI,2009Q2,3,0,0.157221,2026-07
iEQSEUI,2009Q3,3,0,0.088626,2026-07
iEQSEUI,2009Q4,3,0,0.048656,2026-07
iEQSEUI,2010Q1,3,0,0.035461,2026-07
iEQSEUI,2010Q2,3,0,-0.016059,2026-07
iEQSEUI,2010Q3,3,0,0.051042,2026-07
iEQSEUI,2010Q4,3,0,0.073143,2026-07
iEQSEUI,2011Q1,3,0,0.038667,2026-07
iEQSEUI,2011Q2,3,0,-0.006317,2026-07
iEQSEUI,2011Q3,3,0,-0.052511,2026-07
iEQSEUI,2011Q4,3,0,0.044118,2026-07
iEQSEUI,2012Q1,3,0,0.032705,2026-07
iEQSEUI,2012Q2,3,0,-0.037569,2026-07
iEQSEUI,2012Q3,3,0,0.048027,2026-07
iEQSEUI,2012Q4,3,0,0.016736,2026-07
iEQSEUI,2013Q1,3,0,0.065352,2026-07
iEQSEUI,2013Q2,3,0,0.01153,2026-07
iEQSEUI,2013Q3,3,0,0.045374,2026-07
iEQSEUI,2013Q4,3,0,0.045279,2026-07
iEQSEUI,2014Q1,3,0,0.04021,2026-07
iEQSEUI,2014Q2,3,0,0.050226,2026-07
iEQSEUI,2014Q3,3,0,0.005945,2026-07
iEQSEUI,2014Q4,3,0,-0.013839,2026-07
iEQSEUI,2015Q1,3,0,0.038778,2026-07
iEQSEUI,2015Q2,3,0,0.002979,2026-07
iEQSEUI,2015Q3,3,0,-0.07588,2026-07
iEQSEUI,2015Q4,3,0,0.00985,2026-07
iEQSEUI,2016Q1,3,0,-0.004668,2026-07
iEQSEUI,2016Q2,3,0,0.068364,2026-07
iEQSEUI,2016Q3,3,0,0.042254,2026-07
iEQSEUI,2016Q4,3,0,0.002988,2026-07
iEQSEUI,2017Q1,3,0,0.024483,2026-07
iEQSEUI,2017Q2,3,0,-0.028823,2026-07
iEQSEUI,2017Q3,3,0,0.00855,2026-07
iEQSEUI,2017Q4,3,0,0.018285,2026-07
iEQSEUI,2018Q1,3,0,-0.006444,2026-07
iEQSEUI,2018Q2,3,0,0.034627,2026-07
iEQSEUI,2018Q3,3,0,0.003455,2026-07
iEQSEUI,2018Q4,3,0,-0.082066,2026-07
iEQSEUI,2019Q1,3,0,0.043214,2026-07
iEQSEUI,2019Q2,3,0,0.012602,2026-07
iEQSEUI,2019Q3,3,0,-0.004871,2026-07
iEQSEUI,2019Q4,3,0,0.030205,2026-07
iEQSEUI,2020Q1,3,0,-0.11456,2026-07
iEQSEUI,2020Q2,3,0,0.117523,2026-07
iEQSEUI,2020Q3,3,0,0.039225,2026-07
iEQSEUI,2020Q4,3,0,0.120612,2026-07
iEQSEUI,2021Q1,3,0,0.051355,2026-07
iEQSEUI,2021Q2,3,0,0.045543,2026-07
iEQSEUI,2021Q3,3,0,0.012955,2026-07
iEQSEUI,2021Q4,3,0,0.029167,2026-07
iEQSEUI,2022Q1,3,0,0.012912,2026-07
iEQSEUI,2022Q2,3,0,-0.038081,2026-07
iEQSEUI,2022Q3,3,0,0.026447,2026-07
iEQSEUI,2022Q4,3,0,0.030585,2026-07
iEQSEUI,2023Q1,3,0,0.006532,2026-07
iEQSEUI,2023Q2,3,0,0.018678,2026-07
iEQSEUI,2023Q3,3,0,0.003001,2026-07
iEQSEUI,2023Q4,3,0,0.029048,2026-07
iEQSEUI,2024Q1,3,0,0.041685,2026-07
iEQSEUI,2024Q2,3,0,0.026847,2026-07
iEQSEUI,2024Q3,3,0,0.030413,2026-07
iEQSEUI,2024Q4,3,0,0.00691,2026-07
iEQSEUI,2025Q1,3,0,-0.010048,2026-07
iEQSEUI,2025Q2,3,0,0.05694,2026-07
iEQSEUI,2025Q3,3,0,0.054095,2026-07
iEQSEUI,2025Q4,3,0,0.047333,2026-07
iEQSEUI,2026Q1,3,0,0.053948,2026-07
iEQSEUI,2026Q2,3,0,0.03116,2026-07
iEQSEUI,2026Q3,1,1,-0.028,2026-07
iEQSFIN,2000Q1,3,0,0.003783,2026-07
iEQSFIN,2000Q2,3,0,0.073827,2026-07
iEQSFIN,2000Q3,3,0,0.208912,2026-07
iEQSFIN,2000Q4,3,0,0.1149,2026-07
iEQSFIN,2001Q1,3,0,0.111414,2026-07
iEQSFIN,2001Q2,3,0,0.115027,2026-07
iEQSFIN,2001Q3,3,0,-0.018888,2026-07
iEQSFIN,2001Q4,3,0,0.064953,2026-07
iEQSFIN,2002Q1,3,0,0.082137,2026-07
iEQSFIN,2002Q2,3,0,0.02028,2026-07
iEQSFIN,2002Q3,3,0,-0.03512,2026-07
iEQSFIN,2002Q4,3,0,0.082829,2026-07
iEQSFIN,2003Q1,3,0,0.019815,2026-07
iEQSFIN,2003Q2,3,0,0.106134,2026-07
iEQSFIN,2003Q3,3,0,0.054327,2026-07
iEQSFIN,2003Q4,3,0,0.084135,2026-07
iEQSFIN,2004Q1,3,0,0.04514,2026-07
iEQSFIN,2004Q2,3,0,0.005335,2026-07
iEQSFIN,2004Q3,3,0,0.014135,2026-07
iEQSFIN,2004Q4,3,0,0.0644,2026-07
iEQSFIN,2005Q1,3,0,0.007537,2026-07
iEQSFIN,2005Q2,3,0,0.021461,2026-07
iEQSFIN,2005Q3,3,0,0.026228,2026-07
iEQSFIN,2005Q4,3,0,0.031688,2026-07
iEQSFIN,2006Q1,3,0,0.037861,2026-07
iEQSFIN,2006Q2,3,0,0.017648,2026-07
iEQSFIN,2006Q3,3,0,0.033454,2026-07
iEQSFIN,2006Q4,3,0,0.035409,2026-07
iEQSFIN,2007Q1,3,0,0.023369,2026-07
iEQSFIN,2007Q2,3,0,0.017804,2026-07
iEQSFIN,2007Q3,3,0,0.021028,2026-07
iEQSFIN,2007Q4,3,0,0.004252,2026-07
iEQSFIN,2008Q1,3,0,-0.028441,2026-07
iEQSFIN,2008Q2,3,0,-0.052345,2026-07
iEQSFIN,2008Q3,3,0,0.009386,2026-07
iEQSFIN,2008Q4,3,0,-0.030133,2026-07
iEQSFIN,2009Q1,3,0,0.027957,2026-07
iEQSFIN,2009Q2,3,0,0.150777,2026-07
iEQSFIN,2009Q3,3,0,0.119494,2026-07
iEQSFIN,2009Q4,3,0,-0.004237,2026-07
iEQSFIN,2010Q1,3,0,0.050471,2026-07
iEQSFIN,2010Q2,3,0,-0.059795,2026-07
iEQSFIN,2010Q3,3,0,0.036265,2026-07
iEQSFIN,2010Q4,3,0,0.071235,2026-07
iEQSFIN,2011Q1,3,0,0.044499,2026-07
iEQSFIN,2011Q2,3,0,-0.006888,2026-07
iEQSFIN,2011Q3,3,0,-0.121457,2026-07
iEQSFIN,2011Q4,3,0,0.044953,2026-07
iEQSFIN,2012Q1,3,0,0.101043,2026-07
iEQSFIN,2012Q2,3,0,-0.012653,2026-07
iEQSFIN,2012Q3,3,0,0.048788,2026-07
iEQSFIN,2012Q4,3,0,0.043327,2026-07
iEQSFIN,2013Q1,3,0,0.073745,2026-07
iEQSFIN,2013Q2,3,0,0.035641,2026-07
iEQSFIN,2013Q3,3,0,0.031207,2026-07
iEQSFIN,2013Q4,3,0,0.064911,2026-07
iEQSFIN,2014Q1,3,0,0.019693,2026-07
iEQSFIN,2014Q2,3,0,0.005221,2026-07
iEQSFIN,2014Q3,3,0,-0.015731,2026-07
iEQSFIN,2014Q4,3,0,0.028933,2026-07
iEQSFIN,2015Q1,3,0,0.027767,2026-07
iEQSFIN,2015Q2,3,0,0.020424,2026-07
iEQSFIN,2015Q3,3,0,-0.010544,2026-07
iEQSFIN,2015Q4,3,0,0.032743,2026-07
iEQSFIN,2016Q1,3,0,-0.060071,2026-07
iEQSFIN,2016Q2,3,0,0.004334,2026-07
iEQSFIN,2016Q3,3,0,0.070029,2026-07
iEQSFIN,2016Q4,3,0,0.13357,2026-07
iEQSFIN,2017Q1,3,0,0.039075,2026-07
iEQSFIN,2017Q2,3,0,0.029063,2026-07
iEQSFIN,2017Q3,3,0,0.035931,2026-07
iEQSFIN,2017Q4,3,0,0.030689,2026-07
iEQSFIN,2018Q1,3,0,0.023441,2026-07
iEQSFIN,2018Q2,3,0,0.005862,2026-07
iEQSFIN,2018Q3,3,0,-0.007966,2026-07
iEQSFIN,2018Q4,3,0,-0.142166,2026-07
iEQSFIN,2019Q1,3,0,0.065978,2026-07
iEQSFIN,2019Q2,3,0,0.040003,2026-07
iEQSFIN,2019Q3,3,0,-0.003115,2026-07
iEQSFIN,2019Q4,3,0,0.053817,2026-07
iEQSFIN,2020Q1,3,0,-0.213997,2026-07
iEQSFIN,2020Q2,3,0,0.083803,2026-07
iEQSFIN,2020Q3,3,0,0.020867,2026-07
iEQSFIN,2020Q4,3,0,0.201545,2026-07
iEQSFIN,2021Q1,3,0,0.114585,2026-07
iEQSFIN,2021Q2,3,0,0.02974,2026-07
iEQSFIN,2021Q3,3,0,0.024376,2026-07
iEQSFIN,2021Q4,3,0,0.017006,2026-07
iEQSFIN,2022Q1,3,0,-0.006199,2026-07
iEQSFIN,2022Q2,3,0,-0.05045,2026-07
iEQSFIN,2022Q3,3,0,-0.000727,2026-07
iEQSFIN,2022Q4,3,0,0.048237,2026-07
iEQSFIN,2023Q1,3,0,-0.046399,2026-07
iEQSFIN,2023Q2,3,0,-0.00734,2026-07
iEQSFIN,2023Q3,3,0,0.031303,2026-07
iEQSFIN,2023Q4,3,0,0.09458,2026-07
iEQSFIN,2024Q1,3,0,0.016968,2026-07
iEQSFIN,2024Q2,3,0,0.008876,2026-07
iEQSFIN,2024Q3,3,0,0.07808,2026-07
iEQSFIN,2024Q4,3,0,0.045163,2026-07
iEQSFIN,2025Q1,3,0,-0.004016,2026-07
iEQSFIN,2025Q2,3,0,0.036191,2026-07
iEQSFIN,2025Q3,3,0,0.046187,2026-07
iEQSFIN,2025Q4,3,0,0.048659,2026-07
iEQSFIN,2026Q1,3,0,-0.003961,2026-07
iEQSFIN,2026Q2,3,0,0.045091,2026-07
iEQSFIN,2026Q3,1,1,0.0235,2026-07
iEQSHLT,2000Q1,3,0,0.363291,2026-07
iEQSHLT,2000Q2,3,0,0.199248,2026-07
iEQSHLT,2000Q3,3,0,0.160556,2026-07
iEQSHLT,2000Q4,3,0,0.096004,2026-07
iEQSHLT,2001Q1,3,0,-0.043817,2026-07
iEQSHLT,2001Q2,3,0,0.169187,2026-07
iEQSHLT,2001Q3,3,0,-0.05074,2026-07
iEQSHLT,2001Q4,3,0,0.157612,2026-07
iEQSHLT,2002Q1,3,0,0.005949,2026-07
iEQSHLT,2002Q2,3,0,-0.091924,2026-07
iEQSHLT,2002Q3,3,0,-0.092961,2026-07
iEQSHLT,2002Q4,3,0,0.084157,2026-07
iEQSHLT,2003Q1,3,0,0.051825,2026-07
iEQSHLT,2003Q2,3,0,0.078132,2026-07
iEQSHLT,2003Q3,3,0,0.040649,2026-07
iEQSHLT,2003Q4,3,0,0.052362,2026-07
iEQSHLT,2004Q1,3,0,0.053546,2026-07
iEQSHLT,2004Q2,3,0,0.006881,2026-07
iEQSHLT,2004Q3,3,0,-0.006188,2026-07
iEQSHLT,2004Q4,3,0,0.036542,2026-07
iEQSHLT,2005Q1,3,0,-0.059302,2026-07
iEQSHLT,2005Q2,3,0,0.076118,2026-07
iEQSHLT,2005Q3,3,0,0.0822,2026-07
iEQSHLT,2005Q4,3,0,0.010737,2026-07
iEQSHLT,2006Q1,3,0,0.117322,2026-07
iEQSHLT,2006Q2,3,0,-0.030434,2026-07
iEQSHLT,2006Q3,3,0,0.044904,2026-07
iEQSHLT,2006Q4,3,0,0.073316,2026-07
iEQSHLT,2007Q1,3,0,0.034362,2026-07
iEQSHLT,2007Q2,3,0,0.034678,2026-07
iEQSHLT,2007Q3,3,0,0.022171,2026-07
iEQSHLT,2007Q4,3,0,0.019429,2026-07
iEQSHLT,2008Q1,3,0,-0.079764,2026-07
iEQSHLT,2008Q2,3,0,0.026914,2026-07
iEQSHLT,2008Q3,3,0,0.024529,2026-07
iEQSHLT,2008Q4,3,0,-0.076043,2026-07
iEQSHLT,2009Q1,3,0,0.014819,2026-07
iEQSHLT,2009Q2,3,0,0.086037,2026-07
iEQSHLT,2009Q3,3,0,0.074813,2026-07
iEQSHLT,2009Q4,3,0,0.022631,2026-07
iEQSHLT,2010Q1,3,0,0.077394,2026-07
iEQSHLT,2010Q2,3,0,-0.03393,2026-07
iEQSHLT,2010Q3,3,0,0.064232,2026-07
iEQSHLT,2010Q4,3,0,0.055643,2026-07
iEQSHLT,2011Q1,3,0,0.020424,2026-07
iEQSHLT,2011Q2,3,0,0.061077,2026-07
iEQSHLT,2011Q3,3,0,-0.086481,2026-07
iEQSHLT,2011Q4,3,0,0.077629,2026-07
iEQSHLT,2012Q1,3,0,0.083867,2026-07
iEQSHLT,2012Q2,3,0,0.027217,2026-07
iEQSHLT,2012Q3,3,0,0.045929,2026-07
iEQSHLT,2012Q4,3,0,-0.008632,2026-07
iEQSHLT,2013Q1,3,0,0.094643,2026-07
iEQSHLT,2013Q2,3,0,0.056911,2026-07
iEQSHLT,2013Q3,3,0,0.115956,2026-07
iEQSHLT,2013Q4,3,0,0.080972,2026-07
iEQSHLT,2014Q1,3,0,0.105352,2026-07
iEQSHLT,2014Q2,3,0,0.017062,2026-07
iEQSHLT,2014Q3,3,0,0.019564,2026-07
iEQSHLT,2014Q4,3,0,0.093312,2026-07
iEQSHLT,2015Q1,3,0,0.070655,2026-07
iEQSHLT,2015Q2,3,0,0.050252,2026-07
iEQSHLT,2015Q3,3,0,-0.062103,2026-07
iEQSHLT,2015Q4,3,0,0.033238,2026-07
iEQSHLT,2016Q1,3,0,-0.106201,2026-07
iEQSHLT,2016Q2,3,0,0.037058,2026-07
iEQSHLT,2016Q3,3,0,0.112316,2026-07
iEQSHLT,2016Q4,3,0,-0.030355,2026-07
iEQSHLT,2017Q1,3,0,0.065342,2026-07
iEQSHLT,2017Q2,3,0,0.024741,2026-07
iEQSHLT,2017Q3,3,0,0.07523,2026-07
iEQSHLT,2017Q4,3,0,0.035695,2026-07
iEQSHLT,2018Q1,3,0,0.058945,2026-07
iEQSHLT,2018Q2,3,0,0.053386,2026-07
iEQSHLT,2018Q3,3,0,0.051038,2026-07
iEQSHLT,2018Q4,3,0,-0.109949,2026-07
iEQSHLT,2019Q1,3,0,0.11923,2026-07
iEQSHLT,2019Q2,3,0,0.010286,2026-07
iEQSHLT,2019Q3,3,0,-0.063661,2026-07
iEQSHLT,2019Q4,3,0,0.176449,2026-07
iEQSHLT,2020Q1,3,0,-0.078912,2026-07
iEQSHLT,2020Q2,3,0,0.159642,2026-07
iEQSHLT,2020Q3,3,0,0.027198,2026-07
iEQSHLT,2020Q4,3,0,0.143368,2026-07
iEQSHLT,2021Q1,3,0,-0.000899,2026-07
iEQSHLT,2021Q2,3,0,0.0089,2026-07
iEQSHLT,2021Q3,3,0,-0.028822,2026-07
iEQSHLT,2021Q4,3,0,-0.038406,2026-07
iEQSHLT,2022Q1,3,0,-0.098422,2026-07
iEQSHLT,2022Q2,3,0,-0.060387,2026-07
iEQSHLT,2022Q3,3,0,0.014287,2026-07
iEQSHLT,2022Q4,3,0,0.069425,2026-07
iEQSHLT,2023Q1,3,0,-0.006869,2026-07
iEQSHLT,2023Q2,3,0,0.065197,2026-07
iEQSHLT,2023Q3,3,0,-0.03301,2026-07
iEQSHLT,2023Q4,3,0,0.106924,2026-07
iEQSHLT,2024Q1,3,0,0.112133,2026-07
iEQSHLT,2024Q2,3,0,-0.042947,2026-07
iEQSHLT,2024Q3,3,0,0.047971,2026-07
iEQSHLT,2024Q4,3,0,-0.021924,2026-07
iEQSHLT,2025Q1,3,0,-0.075867,2026-07
iEQSHLT,2025Q2,3,0,0.024904,2026-07
iEQSHLT,2025Q3,3,0,0.211995,2026-07
iEQSHLT,2025Q4,3,0,0.200632,2026-07
iEQSHLT,2026Q1,3,0,0.011704,2026-07
iEQSHLT,2026Q2,3,0,0.095063,2026-07
iEQSHLT,2026Q3,1,1,-0.013,2026-07
iEQSREI,2010Q1,3,0,0.041992,2026-07
iEQSREI,2010Q2,3,0,0.008359,2026-07
iEQSREI,2010Q3,3,0,0.140206,2026-07
iEQSREI,2010Q4,3,0,0.230049,2026-07
iEQSREI,2011Q1,3,0,0.046718,2026-07
iEQSREI,2011Q2,3,0,0.034264,2026-07
iEQSREI,2011Q3,3,0,-0.074603,2026-07
iEQSREI,2011Q4,3,0,0.060098,2026-07
iEQSREI,2012Q1,3,0,0.028422,2026-07
iEQSREI,2012Q2,3,0,0.0209,2026-07
iEQSREI,2012Q3,3,0,0.04518,2026-07
iEQSREI,2012Q4,3,0,0.038498,2026-07
iEQSREI,2013Q1,3,0,0.043686,2026-07
iEQSREI,2013Q2,3,0,0.007135,2026-07
iEQSREI,2013Q3,3,0,0.021541,2026-07
iEQSREI,2013Q4,3,0,0.067454,2026-07
iEQSREI,2014Q1,3,0,0.033709,2026-07
iEQSREI,2014Q2,3,0,0.032353,2026-07
iEQSREI,2014Q3,3,0,-0.009171,2026-07
iEQSREI,2014Q4,3,0,0.046964,2026-07
iEQSREI,2015Q1,3,0,0.03604,2026-07
iEQSREI,2015Q2,3,0,0.012184,2026-07
iEQSREI,2015Q3,3,0,-0.00786,2026-07
iEQSREI,2015Q4,3,0,0.044369,2026-07
iEQSREI,2016Q1,3,0,-0.038124,2026-07
iEQSREI,2016Q2,3,0,0.017329,2026-07
iEQSREI,2016Q3,3,0,0.04587,2026-07
iEQSREI,2016Q4,3,0,0.006017,2026-07
iEQSREI,2017Q1,3,0,0.021978,2026-07
iEQSREI,2017Q2,3,0,0.017643,2026-07
iEQSREI,2017Q3,3,0,0.011543,2026-07
iEQSREI,2017Q4,3,0,0.039525,2026-07
iEQSREI,2018Q1,3,0,-0.032702,2026-07
iEQSREI,2018Q2,3,0,0.0315,2026-07
iEQSREI,2018Q3,3,0,0.006655,2026-07
iEQSREI,2018Q4,3,0,-0.087255,2026-07
iEQSREI,2019Q1,3,0,0.101613,2026-07
iEQSREI,2019Q2,3,0,0.035823,2026-07
iEQSREI,2019Q3,3,0,0.018793,2026-07
iEQSREI,2019Q4,3,0,0.04165,2026-07
iEQSREI,2020Q1,3,0,-0.111333,2026-07
iEQSREI,2020Q2,3,0,0.095351,2026-07
iEQSREI,2020Q3,3,0,0.021112,2026-07
iEQSREI,2020Q4,3,0,0.097528,2026-07
iEQSREI,2021Q1,3,0,0.062235,2026-07
iEQSREI,2021Q2,3,0,0.065569,2026-07
iEQSREI,2021Q3,3,0,0.023198,2026-07
iEQSREI,2021Q4,3,0,0.051079,2026-07
iEQSREI,2022Q1,3,0,0.003022,2026-07
iEQSREI,2022Q2,3,0,-0.071731,2026-07
iEQSREI,2022Q3,3,0,-0.033949,2026-07
iEQSREI,2022Q4,3,0,0.022328,2026-07
iEQSREI,2023Q1,3,0,0.025244,2026-07
iEQSREI,2023Q2,3,0,0.014503,2026-07
iEQSREI,2023Q3,3,0,-0.011414,2026-07
iEQSREI,2023Q4,3,0,0.054846,2026-07
iEQSREI,2024Q1,3,0,0.001041,2026-07
iEQSREI,2024Q2,3,0,0.00614,2026-07
iEQSREI,2024Q3,3,0,0.051177,2026-07
iEQSREI,2024Q4,3,0,-0.004722,2026-07
iEQSREI,2025Q1,3,0,-0.00691,2026-07
iEQSREI,2025Q2,3,0,0.018557,2026-07
iEQSREI,2025Q3,3,0,0.023892,2026-07
iEQSREI,2025Q4,3,0,0.013233,2026-07
iEQSREI,2026Q1,3,0,0.003656,2026-07
iEQSREI,2026Q2,3,0,0.070433,2026-07
iEQSREI,2026Q3,1,1,0.0055,2026-07
iEQSTMT,2002Q1,3,0,0.007189,2026-07
iEQSTMT,2002Q2,3,0,-0.041469,2026-07
iEQSTMT,2002Q3,3,0,0.011393,2026-07
iEQSTMT,2002Q4,3,0,0.022728,2026-07
iEQSTMT,2003Q1,3,0,0.01665,2026-07
iEQSTMT,2003Q2,3,0,0.064922,2026-07
iEQSTMT,2003Q3,3,0,0.025365,2026-07
iEQSTMT,2003Q4,3,0,0.051205,2026-07
iEQSTMT,2004Q1,3,0,0.037452,2026-07
iEQSTMT,2004Q2,3,0,-0.006101,2026-07
iEQSTMT,2004Q3,3,0,-0.037689,2026-07
iEQSTMT,2004Q4,3,0,0.068398,2026-07
iEQSTMT,2005Q1,3,0,0.012916,2026-07
iEQSTMT,2005Q2,3,0,0.047106,2026-07
iEQSTMT,2005Q3,3,0,0.05679,2026-07
iEQSTMT,2005Q4,3,0,0.049668,2026-07
iEQSTMT,2006Q1,3,0,0.073863,2026-07
iEQSTMT,2006Q2,3,0,-0.016542,2026-07
iEQSTMT,2006Q3,3,0,0.061463,2026-07
iEQSTMT,2006Q4,3,0,0.057357,2026-07
iEQSTMT,2007Q1,3,0,0.044943,2026-07
iEQSTMT,2007Q2,3,0,0.073514,2026-07
iEQSTMT,2007Q3,3,0,0.053843,2026-07
iEQSTMT,2007Q4,3,0,0.036722,2026-07
iEQSTMT,2008Q1,3,0,-0.082042,2026-07
iEQSTMT,2008Q2,3,0,0.027536,2026-07
iEQSTMT,2008Q3,3,0,-0.108105,2026-07
iEQSTMT,2008Q4,3,0,-0.06231,2026-07
iEQSTMT,2009Q1,3,0,0.03999,2026-07
iEQSTMT,2009Q2,3,0,0.106573,2026-07
iEQSTMT,2009Q3,3,0,0.09282,2026-07
iEQSTMT,2009Q4,3,0,0.037446,2026-07
iEQSTMT,2010Q1,3,0,0.01694,2026-07
iEQSTMT,2010Q2,3,0,-0.033089,2026-07
iEQSTMT,2010Q3,3,0,0.079258,2026-07
iEQSTMT,2010Q4,3,0,0.067926,2026-07
iEQSTMT,2011Q1,3,0,0.051582,2026-07
iEQSTMT,2011Q2,3,0,0.02131,2026-07
iEQSTMT,2011Q3,3,0,-0.074329,2026-07
iEQSTMT,2011Q4,3,0,0.031311,2026-07
iEQSTMT,2012Q1,3,0,0.095231,2026-07
iEQSTMT,2012Q2,3,0,-0.026361,2026-07
iEQSTMT,2012Q3,3,0,0.02415,2026-07
iEQSTMT,2012Q4,3,0,-0.004246,2026-07
iEQSTMT,2013Q1,3,0,0.055475,2026-07
iEQSTMT,2013Q2,3,0,0.01612,2026-07
iEQSTMT,2013Q3,3,0,0.081263,2026-07
iEQSTMT,2013Q4,3,0,0.053797,2026-07
iEQSTMT,2014Q1,3,0,0.020702,2026-07
iEQSTMT,2014Q2,3,0,0.01385,2026-07
iEQSTMT,2014Q3,3,0,-0.00899,2026-07
iEQSTMT,2014Q4,3,0,0.026,2026-07
iEQSTMT,2015Q1,3,0,0.026396,2026-07
iEQSTMT,2015Q2,3,0,0.021013,2026-07
iEQSTMT,2015Q3,3,0,-0.017003,2026-07
iEQSTMT,2015Q4,3,0,0.055592,2026-07
iEQSTMT,2016Q1,3,0,-0.043934,2026-07
iEQSTMT,2016Q2,3,0,0.026543,2026-07
iEQSTMT,2016Q3,3,0,0.057245,2026-07
iEQSTMT,2016Q4,3,0,-0.008677,2026-07
iEQSTMT,2017Q1,3,0,0.054905,2026-07
iEQSTMT,2017Q2,3,0,0.040374,2026-07
iEQSTMT,2017Q3,3,0,0.042674,2026-07
iEQSTMT,2017Q4,3,0,0.005462,2026-07
iEQSTMT,2018Q1,3,0,0.054415,2026-07
iEQSTMT,2018Q2,3,0,0.036917,2026-07
iEQSTMT,2018Q3,3,0,0.02053,2026-07
iEQSTMT,2018Q4,3,0,-0.070166,2026-07
iEQSTMT,2019Q1,3,0,0.08679,2026-07
iEQSTMT,2019Q2,3,0,0.030738,2026-07
iEQSTMT,2019Q3,3,0,-0.016661,2026-07
iEQSTMT,2019Q4,3,0,0.030633,2026-07
iEQSTMT,2020Q1,3,0,-0.018967,2026-07
iEQSTMT,2020Q2,3,0,0.153966,2026-07
iEQSTMT,2020Q3,3,0,0.073657,2026-07
iEQSTMT,2020Q4,3,0,0.118416,2026-07
iEQSTMT,2021Q1,3,0,-0.011995,2026-07
iEQSTMT,2021Q2,3,0,0.031643,2026-07
iEQSTMT,2021Q3,3,0,0.00384,2026-07
iEQSTMT,2021Q4,3,0,-0.033258,2026-07
iEQSTMT,2022Q1,3,0,-0.103055,2026-07
iEQSTMT,2022Q2,3,0,-0.117093,2026-07
iEQSTMT,2022Q3,3,0,-0.025101,2026-07
iEQSTMT,2022Q4,3,0,0.005137,2026-07
iEQSTMT,2023Q1,3,0,0.068364,2026-07
iEQSTMT,2023Q2,3,0,0.047126,2026-07
iEQSTMT,2023Q3,3,0,-0.015395,2026-07
iEQSTMT,2023Q4,3,0,0.082812,2026-07
iEQSTMT,2024Q1,3,0,0.076133,2026-07
iEQSTMT,2024Q2,3,0,0.018306,2026-07
iEQSTMT,2024Q3,3,0,0.036956,2026-07
iEQSTMT,2024Q4,3,0,0.078796,2026-07
iEQSTMT,2025Q1,3,0,-0.054776,2026-07
iEQSTMT,2025Q2,3,0,0.144106,2026-07
iEQSTMT,2025Q3,3,0,0.080836,2026-07
iEQSTMT,2025Q4,3,0,0.022004,2026-07
iEQSTMT,2026Q1,3,0,-0.026689,2026-07
iEQSTMT,2026Q2,3,0,0.300903,2026-07
iEQSTMT,2026Q3,1,1,-0.0815,2026-07
iEVD,2000Q1,3,0,0.104011,2026-07
iEVD,2000Q2,3,0,-0.013821,2026-07
iEVD,2000Q3,3,0,0.042664,2026-07
iEVD,2000Q4,3,0,0.00748,2026-07
iEVD,2001Q1,3,0,0.057792,2026-07
iEVD,2001Q2,3,0,0.041532,2026-07
iEVD,2001Q3,3,0,-0.003992,2026-07
iEVD,2001Q4,3,0,0.041306,2026-07
iEVD,2002Q1,3,0,0.03025,2026-07
iEVD,2002Q2,3,0,-0.009841,2026-07
iEVD,2002Q3,3,0,-0.03472,2026-07
iEVD,2002Q4,3,0,0.017163,2026-07
iEVD,2003Q1,3,0,0.041542,2026-07
iEVD,2003Q2,3,0,0.108711,2026-07
iEVD,2003Q3,3,0,0.050321,2026-07
iEVD,2003Q4,3,0,0.091474,2026-07
iEVD,2004Q1,3,0,0.054465,2026-07
iEVD,2004Q2,3,0,0.019543,2026-07
iEVD,2004Q3,3,0,0.01988,2026-07
iEVD,2004Q4,3,0,0.098573,2026-07
iEVD,2005Q1,3,0,0.026813,2026-07
iEVD,2005Q2,3,0,0.002577,2026-07
iEVD,2005Q3,3,0,0.048495,2026-07
iEVD,2005Q4,3,0,-0.000718,2026-07
iEVD,2006Q1,3,0,0.060717,2026-07
iEVD,2006Q2,3,0,0.010315,2026-07
iEVD,2006Q3,3,0,0.012631,2026-07
iEVD,2006Q4,3,0,0.061099,2026-07
iEVD,2007Q1,3,0,0.074024,2026-07
iEVD,2007Q2,3,0,0.057469,2026-07
iEVD,2007Q3,3,0,0.015841,2026-07
iEVD,2007Q4,3,0,0.026402,2026-07
iEVD,2008Q1,3,0,-0.021997,2026-07
iEVD,2008Q2,3,0,0.026652,2026-07
iEVD,2008Q3,3,0,-0.106972,2026-07
iEVD,2008Q4,3,0,-0.110398,2026-07
iEVD,2009Q1,3,0,0.030573,2026-07
iEVD,2009Q2,3,0,0.121732,2026-07
iEVD,2009Q3,3,0,0.112469,2026-07
iEVD,2009Q4,3,0,0.062536,2026-07
iEVD,2010Q1,3,0,0.05644,2026-07
iEVD,2010Q2,3,0,-0.022654,2026-07
iEVD,2010Q3,3,0,0.041833,2026-07
iEVD,2010Q4,3,0,0.050629,2026-07
iEVD,2011Q1,3,0,0.036898,2026-07
iEVD,2011Q2,3,0,-0.012747,2026-07
iEVD,2011Q3,3,0,-0.09867,2026-07
iEVD,2011Q4,3,0,0.026837,2026-07
iEVD,2012Q1,3,0,0.07559,2026-07
iEVD,2012Q2,3,0,-0.025956,2026-07
iEVD,2012Q3,3,0,0.031993,2026-07
iEVD,2012Q4,3,0,0.038993,2026-07
iEVD,2013Q1,3,0,0.04898,2026-07
iEVD,2013Q2,3,0,0.024986,2026-07
iEVD,2013Q3,3,0,0.03976,2026-07
iEVD,2013Q4,3,0,0.057257,2026-07
iEVD,2014Q1,3,0,0.034801,2026-07
iEVD,2014Q2,3,0,0.028185,2026-07
iEVD,2014Q3,3,0,-0.013824,2026-07
iEVD,2014Q4,3,0,-0.009949,2026-07
iEVD,2015Q1,3,0,0.032262,2026-07
iEVD,2015Q2,3,0,0.0057,2026-07
iEVD,2015Q3,3,0,-0.055085,2026-07
iEVD,2015Q4,3,0,0.00353,2026-07
iEVD,2016Q1,3,0,-0.019831,2026-07
iEVD,2016Q2,3,0,0.010926,2026-07
iEVD,2016Q3,3,0,0.045822,2026-07
iEVD,2016Q4,3,0,0.023244,2026-07
iEVD,2017Q1,3,0,0.033129,2026-07
iEVD,2017Q2,3,0,0.025491,2026-07
iEVD,2017Q3,3,0,0.017363,2026-07
iEVD,2017Q4,3,0,0.021613,2026-07
iEVD,2018Q1,3,0,-0.002614,2026-07
iEVD,2018Q2,3,0,0.023249,2026-07
iEVD,2018Q3,3,0,0.000798,2026-07
iEVD,2018Q4,3,0,-0.045793,2026-07
iEVD,2019Q1,3,0,0.053682,2026-07
iEVD,2019Q2,3,0,0.014327,2026-07
iEVD,2019Q3,3,0,-0.007107,2026-07
iEVD,2019Q4,3,0,0.037422,2026-07
iEVD,2020Q1,3,0,-0.117126,2026-07
iEVD,2020Q2,3,0,0.101122,2026-07
iEVD,2020Q3,3,0,0.044096,2026-07
iEVD,2020Q4,3,0,0.143328,2026-07
iEVD,2021Q1,3,0,0.059134,2026-07
iEVD,2021Q2,3,0,0.036948,2026-07
iEVD,2021Q3,3,0,-0.001101,2026-07
iEVD,2021Q4,3,0,0.006831,2026-07
iEVD,2022Q1,3,0,-0.012996,2026-07
iEVD,2022Q2,3,0,-0.062418,2026-07
iEVD,2022Q3,3,0,-0.004792,2026-07
iEVD,2022Q4,3,0,0.028348,2026-07
iEVD,2023Q1,3,0,0.013078,2026-07
iEVD,2023Q2,3,0,0.004987,2026-07
iEVD,2023Q3,3,0,0.014008,2026-07
iEVD,2023Q4,3,0,0.038442,2026-07
iEVD,2024Q1,3,0,0.033538,2026-07
iEVD,2024Q2,3,0,0.00666,2026-07
iEVD,2024Q3,3,0,0.038361,2026-07
iEVD,2024Q4,3,0,0.023017,2026-07
iEVD,2025Q1,3,0,-0.007826,2026-07
iEVD,2025Q2,3,0,0.064506,2026-07
iEVD,2025Q3,3,0,0.047533,2026-07
iEVD,2025Q4,3,0,0.02342,2026-07
iEVD,2026Q1,3,0,-0.001849,2026-07
iEVD,2026Q2,3,0,0.083935,2026-07
iEVD,2026Q3,1,1,-0.0114,2026-07
iEVDESS,2000Q1,3,0,0.274291,2026-07
iEVDESS,2000Q2,3,0,0.024557,2026-07
iEVDESS,2000Q3,3,0,0.064188,2026-07
iEVDESS,2000Q4,3,0,0.038067,2026-07
iEVDESS,2001Q1,3,0,0.052984,2026-07
iEVDESS,2001Q2,3,0,0.054425,2026-07
iEVDESS,2001Q3,3,0,-0.039325,2026-07
iEVDESS,2001Q4,3,0,0.056584,2026-07
iEVDESS,2002Q1,3,0,-0.021072,2026-07
iEVDESS,2002Q2,3,0,-0.034463,2026-07
iEVDESS,2002Q3,3,0,-0.034829,2026-07
iEVDESS,2002Q4,3,0,0.01978,2026-07
iEVDESS,2003Q1,3,0,0.048652,2026-07
iEVDESS,2003Q2,3,0,0.109117,2026-07
iEVDESS,2003Q3,3,0,0.049684,2026-07
iEVDESS,2003Q4,3,0,0.101263,2026-07
iEVDESS,2004Q1,3,0,0.07261,2026-07
iEVDESS,2004Q2,3,0,0.024866,2026-07
iEVDESS,2004Q3,3,0,0.01775,2026-07
iEVDESS,2004Q4,3,0,0.096198,2026-07
iEVDESS,2005Q1,3,0,0.028259,2026-07
iEVDESS,2005Q2,3,0,0.009407,2026-07
iEVDESS,2005Q3,3,0,0.102522,2026-07
iEVDESS,2005Q4,3,0,0.009968,2026-07
iEVDESS,2006Q1,3,0,0.043306,2026-07
iEVDESS,2006Q2,3,0,0.004093,2026-07
iEVDESS,2006Q3,3,0,0.002865,2026-07
iEVDESS,2006Q4,3,0,0.06176,2026-07
iEVDESS,2007Q1,3,0,0.065441,2026-07
iEVDESS,2007Q2,3,0,0.058229,2026-07
iEVDESS,2007Q3,3,0,0.010054,2026-07
iEVDESS,2007Q4,3,0,0.010512,2026-07
iEVDESS,2008Q1,3,0,-0.008422,2026-07
iEVDESS,2008Q2,3,0,0.05073,2026-07
iEVDESS,2008Q3,3,0,-0.08871,2026-07
iEVDESS,2008Q4,3,0,-0.053053,2026-07
iEVDESS,2009Q1,3,0,0.062899,2026-07
iEVDESS,2009Q2,3,0,0.148873,2026-07
iEVDESS,2009Q3,3,0,0.131569,2026-07
iEVDESS,2009Q4,3,0,0.066544,2026-07
iEVDESS,2010Q1,3,0,0.059319,2026-07
iEVDESS,2010Q2,3,0,-0.034635,2026-07
iEVDESS,2010Q3,3,0,0.056131,2026-07
iEVDESS,2010Q4,3,0,0.112512,2026-07
iEVDESS,2011Q1,3,0,0.053185,2026-07
iEVDESS,2011Q2,3,0,-0.015355,2026-07
iEVDESS,2011Q3,3,0,-0.079102,2026-07
iEVDESS,2011Q4,3,0,0.023537,2026-07
iEVDESS,2012Q1,3,0,0.071289,2026-07
iEVDESS,2012Q2,3,0,-0.014161,2026-07
iEVDESS,2012Q3,3,0,0.035112,2026-07
iEVDESS,2012Q4,3,0,0.03457,2026-07
iEVDESS,2013Q1,3,0,0.064507,2026-07
iEVDESS,2013Q2,3,0,0.025802,2026-07
iEVDESS,2013Q3,3,0,0.047122,2026-07
iEVDESS,2013Q4,3,0,0.05683,2026-07
iEVDESS,2014Q1,3,0,0.035431,2026-07
iEVDESS,2014Q2,3,0,0.028261,2026-07
iEVDESS,2014Q3,3,0,-0.018041,2026-07
iEVDESS,2014Q4,3,0,-0.012258,2026-07
iEVDESS,2015Q1,3,0,0.048506,2026-07
iEVDESS,2015Q2,3,0,0.004821,2026-07
iEVDESS,2015Q3,3,0,-0.070033,2026-07
iEVDESS,2015Q4,3,0,0.000832,2026-07
iEVDESS,2016Q1,3,0,-0.029768,2026-07
iEVDESS,2016Q2,3,0,0.012253,2026-07
iEVDESS,2016Q3,3,0,0.055655,2026-07
iEVDESS,2016Q4,3,0,0.031307,2026-07
iEVDESS,2017Q1,3,0,0.034233,2026-07
iEVDESS,2017Q2,3,0,0.025906,2026-07
iEVDESS,2017Q3,3,0,0.023682,2026-07
iEVDESS,2017Q4,3,0,0.036036,2026-07
iEVDESS,2018Q1,3,0,-0.000628,2026-07
iEVDESS,2018Q2,3,0,0.037539,2026-07
iEVDESS,2018Q3,3,0,0.010527,2026-07
iEVDESS,2018Q4,3,0,-0.083285,2026-07
iEVDESS,2019Q1,3,0,0.057359,2026-07
iEVDESS,2019Q2,3,0,0.026077,2026-07
iEVDESS,2019Q3,3,0,0.011121,2026-07
iEVDESS,2019Q4,3,0,0.039484,2026-07
iEVDESS,2020Q1,3,0,-0.110677,2026-07
iEVDESS,2020Q2,3,0,0.121498,2026-07
iEVDESS,2020Q3,3,0,0.058499,2026-07
iEVDESS,2020Q4,3,0,0.161844,2026-07
iEVDESS,2021Q1,3,0,0.070105,2026-07
iEVDESS,2021Q2,3,0,0.017284,2026-07
iEVDESS,2021Q3,3,0,-0.007396,2026-07
iEVDESS,2021Q4,3,0,0.001659,2026-07
iEVDESS,2022Q1,3,0,-0.034959,2026-07
iEVDESS,2022Q2,3,0,-0.105817,2026-07
iEVDESS,2022Q3,3,0,-0.018514,2026-07
iEVDESS,2022Q4,3,0,0.047563,2026-07
iEVDESS,2023Q1,3,0,0.025245,2026-07
iEVDESS,2023Q2,3,0,0.017879,2026-07
iEVDESS,2023Q3,3,0,0.019871,2026-07
iEVDESS,2023Q4,3,0,0.058747,2026-07
iEVDESS,2024Q1,3,0,0.044986,2026-07
iEVDESS,2024Q2,3,0,-0.003451,2026-07
iEVDESS,2024Q3,3,0,0.038639,2026-07
iEVDESS,2024Q4,3,0,0.009583,2026-07
iEVDESS,2025Q1,3,0,-0.003773,2026-07
iEVDESS,2025Q2,3,0,0.061677,2026-07
iEVDESS,2025Q3,3,0,0.024881,2026-07
iEVDESS,2025Q4,3,0,0.028464,2026-07
iEVDESS,2026Q1,3,0,-0.00896,2026-07
iEVDESS,2026Q2,3,0,0.090864,2026-07
iEVDESS,2026Q3,1,1,0.0068,2026-07
iEVDMER,2000Q1,3,0,0.047709,2026-07
iEVDMER,2000Q2,3,0,0.106039,2026-07
iEVDMER,2000Q3,3,0,0.043308,2026-07
iEVDMER,2000Q4,3,0,0.037105,2026-07
iEVDMER,2001Q1,3,0,0.011131,2026-07
iEVDMER,2001Q2,3,0,0.002399,2026-07
iEVDMER,2001Q3,3,0,0.017932,2026-07
iEVDMER,2001Q4,3,0,0.001794,2026-07
iEVDMER,2002Q1,3,0,0.046029,2026-07
iEVDMER,2002Q2,3,0,0.00711,2026-07
iEVDMER,2002Q3,3,0,7.7e-05,2026-07
iEVDMER,2002Q4,3,0,0.007812,2026-07
iEVDMER,2003Q1,3,0,0.026788,2026-07
iEVDMER,2003Q2,3,0,0.113044,2026-07
iEVDMER,2003Q3,3,0,0.04591,2026-07
iEVDMER,2003Q4,3,0,0.045046,2026-07
iEVDMER,2004Q1,3,0,0.034306,2026-07
iEVDMER,2004Q2,3,0,-0.0177,2026-07
iEVDMER,2004Q3,3,0,0.015794,2026-07
iEVDMER,2004Q4,3,0,0.093099,2026-07
iEVDMER,2005Q1,3,0,-0.003706,2026-07
iEVDMER,2005Q2,3,0,0.02201,2026-07
iEVDMER,2005Q3,3,0,0.024136,2026-07
iEVDMER,2005Q4,3,0,-0.004397,2026-07
iEVDMER,2006Q1,3,0,0.058432,2026-07
iEVDMER,2006Q2,3,0,0.051789,2026-07
iEVDMER,2006Q3,3,0,0.018256,2026-07
iEVDMER,2006Q4,3,0,0.082464,2026-07
iEVDMER,2007Q1,3,0,0.199695,2026-07
iEVDMER,2007Q2,3,0,0.095804,2026-07
iEVDMER,2007Q3,3,0,0.139432,2026-07
iEVDMER,2007Q4,3,0,0.049328,2026-07
iEVDMER,2008Q1,3,0,0.056364,2026-07
iEVDMER,2008Q2,3,0,0.020101,2026-07
iEVDMER,2008Q3,3,0,-0.028558,2026-07
iEVDMER,2008Q4,3,0,0.050039,2026-07
iEVDMER,2009Q1,3,0,-0.000374,2026-07
iEVDMER,2009Q2,3,0,0.00831,2026-07
iEVDMER,2009Q3,3,0,0.026089,2026-07
iEVDMER,2009Q4,3,0,0.028141,2026-07
iEVDMER,2010Q1,3,0,0.050473,2026-07
iEVDMER,2010Q2,3,0,-0.032856,2026-07
iEVDMER,2010Q3,3,0,0.065299,2026-07
iEVDMER,2010Q4,3,0,0.060337,2026-07
iEVDMER,2011Q1,3,0,0.041294,2026-07
iEVDMER,2011Q2,3,0,-0.002731,2026-07
iEVDMER,2011Q3,3,0,-0.112378,2026-07
iEVDMER,2011Q4,3,0,0.024466,2026-07
iEVDMER,2012Q1,3,0,0.047337,2026-07
iEVDMER,2012Q2,3,0,-0.014954,2026-07
iEVDMER,2012Q3,3,0,0.0083,2026-07
iEVDMER,2012Q4,3,0,0.023685,2026-07
iEVDMER,2013Q1,3,0,0.034991,2026-07
iEVDMER,2013Q2,3,0,0.010694,2026-07
iEVDMER,2013Q3,3,0,0.0363,2026-07
iEVDMER,2013Q4,3,0,0.031216,2026-07
iEVDMER,2014Q1,3,0,0.013887,2026-07
iEVDMER,2014Q2,3,0,0.036302,2026-07
iEVDMER,2014Q3,3,0,0.002887,2026-07
iEVDMER,2014Q4,3,0,-0.01755,2026-07
iEVDMER,2015Q1,3,0,0.040229,2026-07
iEVDMER,2015Q2,3,0,0.023144,2026-07
iEVDMER,2015Q3,3,0,-0.027446,2026-07
iEVDMER,2015Q4,3,0,0.041325,2026-07
iEVDMER,2016Q1,3,0,-0.006105,2026-07
iEVDMER,2016Q2,3,0,-0.024937,2026-07
iEVDMER,2016Q3,3,0,0.03353,2026-07
iEVDMER,2016Q4,3,0,0.004242,2026-07
iEVDMER,2017Q1,3,0,0.011807,2026-07
iEVDMER,2017Q2,3,0,0.036766,2026-07
iEVDMER,2017Q3,3,0,-0.00903,2026-07
iEVDMER,2017Q4,3,0,-0.008735,2026-07
iEVDMER,2018Q1,3,0,-0.017161,2026-07
iEVDMER,2018Q2,3,0,0.048706,2026-07
iEVDMER,2018Q3,3,0,-0.000567,2026-07
iEVDMER,2018Q4,3,0,0.002017,2026-07
iEVDMER,2019Q1,3,0,0.042501,2026-07
iEVDMER,2019Q2,3,0,0.00535,2026-07
iEVDMER,2019Q3,3,0,0.01709,2026-07
iEVDMER,2019Q4,3,0,0.033744,2026-07
iEVDMER,2020Q1,3,0,-0.112237,2026-07
iEVDMER,2020Q2,3,0,0.080509,2026-07
iEVDMER,2020Q3,3,0,0.012937,2026-07
iEVDMER,2020Q4,3,0,0.090039,2026-07
iEVDMER,2021Q1,3,0,0.030183,2026-07
iEVDMER,2021Q2,3,0,0.025953,2026-07
iEVDMER,2021Q3,3,0,-0.00141,2026-07
iEVDMER,2021Q4,3,0,0.031662,2026-07
iEVDMER,2022Q1,3,0,0.010271,2026-07
iEVDMER,2022Q2,3,0,-0.046154,2026-07
iEVDMER,2022Q3,3,0,0.022223,2026-07
iEVDMER,2022Q4,3,0,0.031994,2026-07
iEVDMER,2023Q1,3,0,-0.014929,2026-07
iEVDMER,2023Q2,3,0,-0.017834,2026-07
iEVDMER,2023Q3,3,0,0.032573,2026-07
iEVDMER,2023Q4,3,0,0.038338,2026-07
iEVDMER,2024Q1,3,0,0.009206,2026-07
iEVDMER,2024Q2,3,0,0.002962,2026-07
iEVDMER,2024Q3,3,0,0.028417,2026-07
iEVDMER,2024Q4,3,0,0.013217,2026-07
iEVDMER,2025Q1,3,0,0.001187,2026-07
iEVDMER,2025Q2,3,0,0.042161,2026-07
iEVDMER,2025Q3,3,0,0.031911,2026-07
iEVDMER,2025Q4,3,0,0.023669,2026-07
iEVDMER,2026Q1,3,0,0.00524,2026-07
iEVDMER,2026Q2,3,0,0.034165,2026-07
iEVDMER,2026Q3,1,1,0.0021,2026-07
iEVDMEV,2000Q1,3,0,0.098647,2026-07
iEVDMEV,2000Q2,3,0,-0.017782,2026-07
iEVDMEV,2000Q3,3,0,0.041734,2026-07
iEVDMEV,2000Q4,3,0,0.005676,2026-07
iEVDMEV,2001Q1,3,0,0.059042,2026-07
iEVDMEV,2001Q2,3,0,0.04174,2026-07
iEVDMEV,2001Q3,3,0,-0.002988,2026-07
iEVDMEV,2001Q4,3,0,0.041608,2026-07
iEVDMEV,2002Q1,3,0,0.031894,2026-07
iEVDMEV,2002Q2,3,0,-0.009339,2026-07
iEVDMEV,2002Q3,3,0,-0.035414,2026-07
iEVDMEV,2002Q4,3,0,0.017138,2026-07
iEVDMEV,2003Q1,3,0,0.041822,2026-07
iEVDMEV,2003Q2,3,0,0.108223,2026-07
iEVDMEV,2003Q3,3,0,0.050733,2026-07
iEVDMEV,2003Q4,3,0,0.093721,2026-07
iEVDMEV,2004Q1,3,0,0.053935,2026-07
iEVDMEV,2004Q2,3,0,0.021223,2026-07
iEVDMEV,2004Q3,3,0,0.020383,2026-07
iEVDMEV,2004Q4,3,0,0.099216,2026-07
iEVDMEV,2005Q1,3,0,0.028441,2026-07
iEVDMEV,2005Q2,3,0,0.000833,2026-07
iEVDMEV,2005Q3,3,0,0.044786,2026-07
iEVDMEV,2005Q4,3,0,-0.001602,2026-07
iEVDMEV,2006Q1,3,0,0.06166,2026-07
iEVDMEV,2006Q2,3,0,0.009312,2026-07
iEVDMEV,2006Q3,3,0,0.012934,2026-07
iEVDMEV,2006Q4,3,0,0.060366,2026-07
iEVDMEV,2007Q1,3,0,0.071179,2026-07
iEVDMEV,2007Q2,3,0,0.056201,2026-07
iEVDMEV,2007Q3,3,0,0.012996,2026-07
iEVDMEV,2007Q4,3,0,0.026621,2026-07
iEVDMEV,2008Q1,3,0,-0.024878,2026-07
iEVDMEV,2008Q2,3,0,0.025225,2026-07
iEVDMEV,2008Q3,3,0,-0.11029,2026-07
iEVDMEV,2008Q4,3,0,-0.118072,2026-07
iEVDMEV,2009Q1,3,0,0.028734,2026-07
iEVDMEV,2009Q2,3,0,0.122193,2026-07
iEVDMEV,2009Q3,3,0,0.113006,2026-07
iEVDMEV,2009Q4,3,0,0.063175,2026-07
iEVDMEV,2010Q1,3,0,0.056324,2026-07
iEVDMEV,2010Q2,3,0,-0.021256,2026-07
iEVDMEV,2010Q3,3,0,0.039919,2026-07
iEVDMEV,2010Q4,3,0,0.045069,2026-07
iEVDMEV,2011Q1,3,0,0.035059,2026-07
iEVDMEV,2011Q2,3,0,-0.012834,2026-07
iEVDMEV,2011Q3,3,0,-0.100173,2026-07
iEVDMEV,2011Q4,3,0,0.027312,2026-07
iEVDMEV,2012Q1,3,0,0.077466,2026-07
iEVDMEV,2012Q2,3,0,-0.02765,2026-07
iEVDMEV,2012Q3,3,0,0.032713,2026-07
iEVDMEV,2012Q4,3,0,0.040125,2026-07
iEVDMEV,2013Q1,3,0,0.04805,2026-07
iEVDMEV,2013Q2,3,0,0.025483,2026-07
iEVDMEV,2013Q3,3,0,0.039148,2026-07
iEVDMEV,2013Q4,3,0,0.058708,2026-07
iEVDMEV,2014Q1,3,0,0.036756,2026-07
iEVDMEV,2014Q2,3,0,0.027367,2026-07
iEVDMEV,2014Q3,3,0,-0.014917,2026-07
iEVDMEV,2014Q4,3,0,-0.009014,2026-07
iEVDMEV,2015Q1,3,0,0.029696,2026-07
iEVDMEV,2015Q2,3,0,0.004199,2026-07
iEVDMEV,2015Q3,3,0,-0.055849,2026-07
iEVDMEV,2015Q4,3,0,0.000681,2026-07
iEVDMEV,2016Q1,3,0,-0.019815,2026-07
iEVDMEV,2016Q2,3,0,0.013812,2026-07
iEVDMEV,2016Q3,3,0,0.045816,2026-07
iEVDMEV,2016Q4,3,0,0.023889,2026-07
iEVDMEV,2017Q1,3,0,0.035784,2026-07
iEVDMEV,2017Q2,3,0,0.024172,2026-07
iEVDMEV,2017Q3,3,0,0.020201,2026-07
iEVDMEV,2017Q4,3,0,0.02398,2026-07
iEVDMEV,2018Q1,3,0,-0.000791,2026-07
iEVDMEV,2018Q2,3,0,0.018285,2026-07
iEVDMEV,2018Q3,3,0,-3e-06,2026-07
iEVDMEV,2018Q4,3,0,-0.04807,2026-07
iEVDMEV,2019Q1,3,0,0.055028,2026-07
iEVDMEV,2019Q2,3,0,0.014318,2026-07
iEVDMEV,2019Q3,3,0,-0.012677,2026-07
iEVDMEV,2019Q4,3,0,0.037726,2026-07
iEVDMEV,2020Q1,3,0,-0.118602,2026-07
iEVDMEV,2020Q2,3,0,0.102585,2026-07
iEVDMEV,2020Q3,3,0,0.047855,2026-07
iEVDMEV,2020Q4,3,0,0.150453,2026-07
iEVDMEV,2021Q1,3,0,0.062867,2026-07
iEVDMEV,2021Q2,3,0,0.040037,2026-07
iEVDMEV,2021Q3,3,0,-0.000508,2026-07
iEVDMEV,2021Q4,3,0,0.003456,2026-07
iEVDMEV,2022Q1,3,0,-0.014996,2026-07
iEVDMEV,2022Q2,3,0,-0.061742,2026-07
iEVDMEV,2022Q3,3,0,-0.008116,2026-07
iEVDMEV,2022Q4,3,0,0.026105,2026-07
iEVDMEV,2023Q1,3,0,0.016783,2026-07
iEVDMEV,2023Q2,3,0,0.007802,2026-07
iEVDMEV,2023Q3,3,0,0.010307,2026-07
iEVDMEV,2023Q4,3,0,0.036596,2026-07
iEVDMEV,2024Q1,3,0,0.037428,2026-07
iEVDMEV,2024Q2,3,0,0.008454,2026-07
iEVDMEV,2024Q3,3,0,0.040416,2026-07
iEVDMEV,2024Q4,3,0,0.026391,2026-07
iEVDMEV,2025Q1,3,0,-0.010252,2026-07
iEVDMEV,2025Q2,3,0,0.069065,2026-07
iEVDMEV,2025Q3,3,0,0.053215,2026-07
iEVDMEV,2025Q4,3,0,0.022777,2026-07
iEVDMEV,2026Q1,3,0,-0.002761,2026-07
iEVDMEV,2026Q2,3,0,0.09703,2026-07
iEVDMEV,2026Q3,1,1,-0.0187,2026-07
iGBM,2000Q1,3,0,0.00089,2026-07
iGBM,2000Q2,3,0,0.013236,2026-07
iGBM,2000Q3,3,0,-0.047278,2026-07
iGBM,2000Q4,3,0,0.077719,2026-07
iGBM,2001Q1,3,0,0.080042,2026-07
iGBM,2001Q2,3,0,-0.012771,2026-07
iGBM,2001Q3,3,0,0.091213,2026-07
iGBM,2001Q4,3,0,0.00225,2026-07
iGBM,2002Q1,3,0,0.006293,2026-07
iGBM,2002Q2,3,0,0.127449,2026-07
iGBM,2002Q3,3,0,0.058556,2026-07
iGBM,2002Q4,3,0,0.021,2026-07
iGBM,2003Q1,3,0,0.048327,2026-07
iGBM,2003Q2,3,0,0.06082,2026-07
iGBM,2003Q3,3,0,-0.006547,2026-07
iGBM,2003Q4,3,0,0.079573,2026-07
iGBM,2004Q1,3,0,0.053639,2026-07
iGBM,2004Q2,3,0,-0.0451,2026-07
iGBM,2004Q3,3,0,-0.003811,2026-07
iGBM,2004Q4,3,0,0.069077,2026-07
iGBM,2005Q1,3,0,0.006149,2026-07
iGBM,2005Q2,3,0,0.026932,2026-07
iGBM,2005Q3,3,0,0.01068,2026-07
iGBM,2005Q4,3,0,0.019917,2026-07
iGBM,2006Q1,3,0,0.037832,2026-07
iGBM,2006Q2,3,0,0.008512,2026-07
iGBM,2006Q3,3,0,-0.014241,2026-07
iGBM,2006Q4,3,0,0.045344,2026-07
iGBM,2007Q1,3,0,0.003748,2026-07
iGBM,2007Q2,3,0,0.078342,2026-07
iGBM,2007Q3,3,0,-0.034713,2026-07
iGBM,2007Q4,3,0,0.038674,2026-07
iGBM,2008Q1,3,0,0.04939,2026-07
iGBM,2008Q2,3,0,0.016673,2026-07
iGBM,2008Q3,3,0,-0.052177,2026-07
iGBM,2008Q4,3,0,0.037383,2026-07
iGBM,2009Q1,3,0,0.017453,2026-07
iGBM,2009Q2,3,0,0.032811,2026-07
iGBM,2009Q3,3,0,0.080089,2026-07
iGBM,2009Q4,3,0,0.021994,2026-07
iGBM,2010Q1,3,0,0.026957,2026-07
iGBM,2010Q2,3,0,0.020466,2026-07
iGBM,2010Q3,3,0,0.052845,2026-07
iGBM,2010Q4,3,0,0.047508,2026-07
iGBM,2011Q1,3,0,0.008993,2026-07
iGBM,2011Q2,3,0,0.008817,2026-07
iGBM,2011Q3,3,0,0.014099,2026-07
iGBM,2011Q4,3,0,0.009069,2026-07
iGBM,2012Q1,3,0,0.03059,2026-07
iGBM,2012Q2,3,0,-0.012893,2026-07
iGBM,2012Q3,3,0,0.03403,2026-07
iGBM,2012Q4,3,0,0.016754,2026-07
iGBM,2013Q1,3,0,0.035396,2026-07
iGBM,2013Q2,3,0,0.000135,2026-07
iGBM,2013Q3,3,0,0.001066,2026-07
iGBM,2013Q4,3,0,0.041415,2026-07
iGBM,2014Q1,3,0,-0.001979,2026-07
iGBM,2014Q2,3,0,0.019798,2026-07
iGBM,2014Q3,3,0,0.03279,2026-07
iGBM,2014Q4,3,0,0.04138,2026-07
iGBM,2015Q1,3,0,0.049853,2026-07
iGBM,2015Q2,3,0,-0.033176,2026-07
iGBM,2015Q3,3,0,0.009645,2026-07
iGBM,2015Q4,3,0,-0.001466,2026-07
iGBM,2016Q1,3,0,0.012626,2026-07
iGBM,2016Q2,3,0,0.013765,2026-07
iGBM,2016Q3,3,0,-0.00022,2026-07
iGBM,2016Q4,3,0,0.023971,2026-07
iGBM,2017Q1,3,0,-0.00224,2026-07
iGBM,2017Q2,3,0,-0.018317,2026-07
iGBM,2017Q3,3,0,0.015141,2026-07
iGBM,2017Q4,3,0,0.015086,2026-07
iGBM,2018Q1,3,0,0.001163,2026-07
iGBM,2018Q2,3,0,-0.000219,2026-07
iGBM,2018Q3,3,0,-0.002141,2026-07
iGBM,2018Q4,3,0,-0.018426,2026-07
iGBM,2019Q1,3,0,0.019295,2026-07
iGBM,2019Q2,3,0,0.022713,2026-07
iGBM,2019Q3,3,0,0.009317,2026-07
iGBM,2019Q4,3,0,0.003283,2026-07
iGBM,2020Q1,3,0,-0.0455,2026-07
iGBM,2020Q2,3,0,0.030073,2026-07
iGBM,2020Q3,3,0,0.019687,2026-07
iGBM,2020Q4,3,0,0.045982,2026-07
iGBM,2021Q1,3,0,0.025393,2026-07
iGBM,2021Q2,3,0,0.017223,2026-07
iGBM,2021Q3,3,0,-0.002235,2026-07
iGBM,2021Q4,3,0,0.002627,2026-07
iGBM,2022Q1,3,0,0.05891,2026-07
iGBM,2022Q2,3,0,0.028376,2026-07
iGBM,2022Q3,3,0,0.029864,2026-07
iGBM,2022Q4,3,0,-0.005933,2026-07
iGBM,2023Q1,3,0,-0.011881,2026-07
iGBM,2023Q2,3,0,0.006319,2026-07
iGBM,2023Q3,3,0,0.025874,2026-07
iGBM,2023Q4,3,0,-0.0087,2026-07
iGBM,2024Q1,3,0,0.045723,2026-07
iGBM,2024Q2,3,0,-0.004143,2026-07
iGBM,2024Q3,3,0,-0.005406,2026-07
iGBM,2024Q4,3,0,0.026978,2026-07
iGBM,2025Q1,3,0,0.028908,2026-07
iGBM,2025Q2,3,0,0.008272,2026-07
iGBM,2025Q3,3,0,0.033077,2026-07
iGBM,2025Q4,3,0,0.024482,2026-07
iGBM,2026Q1,3,0,0.022667,2026-07
iGBM,2026Q2,3,0,0.021427,2026-07
iGBM,2026Q3,1,1,-0.0021,2026-07
iGBMCOM,2006Q1,3,0,0.110078,2026-07
iGBMCOM,2006Q2,3,0,0.061399,2026-07
iGBMCOM,2006Q3,3,0,-0.003985,2026-07
iGBMCOM,2006Q4,3,0,0.144967,2026-07
iGBMCOM,2007Q1,3,0,0.093541,2026-07
iGBMCOM,2007Q2,3,0,0.064091,2026-07
iGBMCOM,2007Q3,3,0,-0.012529,2026-07
iGBMCOM,2007Q4,3,0,0.04768,2026-07
iGBMCOM,2008Q1,3,0,0.045939,2026-07
iGBMCOM,2008Q2,3,0,0.071429,2026-07
iGBMCOM,2008Q3,3,0,-0.132938,2026-07
iGBMCOM,2008Q4,3,0,0.095008,2026-07
iGBMCOM,2009Q1,3,0,0.121145,2026-07
iGBMCOM,2009Q2,3,0,0.061768,2026-07
iGBMCOM,2009Q3,3,0,0.051757,2026-07
iGBMCOM,2009Q4,3,0,0.069897,2026-07
iGBMCOM,2010Q1,3,0,-0.003219,2026-07
iGBMCOM,2010Q2,3,0,0.041328,2026-07
iGBMCOM,2010Q3,3,0,0.039808,2026-07
iGBMCOM,2010Q4,3,0,0.130782,2026-07
iGBMCOM,2011Q1,3,0,0.018053,2026-07
iGBMCOM,2011Q2,3,0,-0.002414,2026-07
iGBMCOM,2011Q3,3,0,-0.027003,2026-07
iGBMCOM,2011Q4,3,0,0.105184,2026-07
iGBMCOM,2012Q1,3,0,0.054853,2026-07
iGBMCOM,2012Q2,3,0,-0.015962,2026-07
iGBMCOM,2012Q3,3,0,0.036958,2026-07
iGBMCOM,2012Q4,3,0,0.029587,2026-07
iGBMCOM,2013Q1,3,0,0.049879,2026-07
iGBMCOM,2013Q2,3,0,0.031656,2026-07
iGBMCOM,2013Q3,3,0,-0.004008,2026-07
iGBMCOM,2013Q4,3,0,0.029991,2026-07
iGBMCOM,2014Q1,3,0,0.070389,2026-07
iGBMCOM,2014Q2,3,0,0.013031,2026-07
iGBMCOM,2014Q3,3,0,0.014292,2026-07
iGBMCOM,2014Q4,3,0,0.044817,2026-07
iGBMCOM,2015Q1,3,0,0.022342,2026-07
iGBMCOM,2015Q2,3,0,-0.000105,2026-07
iGBMCOM,2015Q3,3,0,-0.032151,2026-07
iGBMCOM,2015Q4,3,0,0.000632,2026-07
iGBMCOM,2016Q1,3,0,0.023755,2026-07
iGBMCOM,2016Q2,3,0,0.046192,2026-07
iGBMCOM,2016Q3,3,0,0.013207,2026-07
iGBMCOM,2016Q4,3,0,0.016496,2026-07
iGBMCOM,2017Q1,3,0,-0.018991,2026-07
iGBMCOM,2017Q2,3,0,-0.076784,2026-07
iGBMCOM,2017Q3,3,0,0.025388,2026-07
iGBMCOM,2017Q4,3,0,0.011457,2026-07
iGBMCOM,2018Q1,3,0,-0.002556,2026-07
iGBMCOM,2018Q2,3,0,0.039367,2026-07
iGBMCOM,2018Q3,3,0,0.052644,2026-07
iGBMCOM,2018Q4,3,0,-0.010283,2026-07
iGBMCOM,2019Q1,3,0,0.041383,2026-07
iGBMCOM,2019Q2,3,0,0.038516,2026-07
iGBMCOM,2019Q3,3,0,-0.009945,2026-07
iGBMCOM,2019Q4,3,0,0.02832,2026-07
iGBMCOM,2020Q1,3,0,0.107745,2026-07
iGBMCOM,2020Q2,3,0,0.091777,2026-07
iGBMCOM,2020Q3,3,0,0.035983,2026-07
iGBMCOM,2020Q4,3,0,0.033041,2026-07
iGBMCOM,2021Q1,3,0,0.028854,2026-07
iGBMCOM,2021Q2,3,0,0.087466,2026-07
iGBMCOM,2021Q3,3,0,0.059343,2026-07
iGBMCOM,2021Q4,3,0,0.074324,2026-07
iGBMCOM,2022Q1,3,0,0.10311,2026-07
iGBMCOM,2022Q2,3,0,0.03548,2026-07
iGBMCOM,2022Q3,3,0,-0.020297,2026-07
iGBMCOM,2022Q4,3,0,0.035671,2026-07
iGBMCOM,2023Q1,3,0,0.009464,2026-07
iGBMCOM,2023Q2,3,0,-0.022469,2026-07
iGBMCOM,2023Q3,3,0,0.039558,2026-07
iGBMCOM,2023Q4,3,0,-0.005945,2026-07
iGBMCOM,2024Q1,3,0,0.034769,2026-07
iGBMCOM,2024Q2,3,0,-0.011611,2026-07
iGBMCOM,2024Q3,3,0,-0.024239,2026-07
iGBMCOM,2024Q4,3,0,0.019798,2026-07
iGBMCOM,2025Q1,3,0,-0.007497,2026-07
iGBMCOM,2025Q2,3,0,-0.004135,2026-07
iGBMCOM,2025Q3,3,0,0.015066,2026-07
iGBMCOM,2025Q4,3,0,0.029843,2026-07
iGBMCOM,2026Q1,3,0,-0.013248,2026-07
iGBMCOM,2026Q2,3,0,-0.005871,2026-07
iGBMCOM,2026Q3,1,1,0.0057,2026-07
iGBMDSC,2001Q1,3,0,0.094427,2026-07
iGBMDSC,2001Q2,3,0,0.03428,2026-07
iGBMDSC,2001Q3,3,0,0.042851,2026-07
iGBMDSC,2001Q4,3,0,0.026704,2026-07
iGBMDSC,2002Q1,3,0,0.043884,2026-07
iGBMDSC,2002Q2,3,0,0.048621,2026-07
iGBMDSC,2002Q3,3,0,0.035445,2026-07
iGBMDSC,2002Q4,3,0,0.025376,2026-07
iGBMDSC,2003Q1,3,0,0.038378,2026-07
iGBMDSC,2003Q2,3,0,0.109641,2026-07
iGBMDSC,2003Q3,3,0,0.041133,2026-07
iGBMDSC,2003Q4,3,0,0.045773,2026-07
iGBMDSC,2004Q1,3,0,0.040423,2026-07
iGBMDSC,2004Q2,3,0,-0.026879,2026-07
iGBMDSC,2004Q3,3,0,0.013524,2026-07
iGBMDSC,2004Q4,3,0,0.087427,2026-07
iGBMDSC,2005Q1,3,0,0.012523,2026-07
iGBMDSC,2005Q2,3,0,0.027585,2026-07
iGBMDSC,2005Q3,3,0,0.074216,2026-07
iGBMDSC,2005Q4,3,0,0.019279,2026-07
iGBMDSC,2006Q1,3,0,0.058778,2026-07
iGBMDSC,2006Q2,3,0,-0.013751,2026-07
iGBMDSC,2006Q3,3,0,-0.004061,2026-07
iGBMDSC,2006Q4,3,0,0.057673,2026-07
iGBMDSC,2007Q1,3,0,0.029577,2026-07
iGBMDSC,2007Q2,3,0,0.060852,2026-07
iGBMDSC,2007Q3,3,0,0.099373,2026-07
iGBMDSC,2007Q4,3,0,0.080389,2026-07
iGBMDSC,2008Q1,3,0,0.036144,2026-07
iGBMDSC,2008Q2,3,0,0.007666,2026-07
iGBMDSC,2008Q3,3,0,-0.071847,2026-07
iGBMDSC,2008Q4,3,0,-0.027578,2026-07
iGBMDSC,2009Q1,3,0,0.053409,2026-07
iGBMDSC,2009Q2,3,0,0.093244,2026-07
iGBMDSC,2009Q3,3,0,0.072281,2026-07
iGBMDSC,2009Q4,3,0,0.050309,2026-07
iGBMDSC,2010Q1,3,0,0.038456,2026-07
iGBMDSC,2010Q2,3,0,0.021244,2026-07
iGBMDSC,2010Q3,3,0,0.025369,2026-07
iGBMDSC,2010Q4,3,0,0.035605,2026-07
iGBMDSC,2011Q1,3,0,-0.003445,2026-07
iGBMDSC,2011Q2,3,0,0.008742,2026-07
iGBMDSC,2011Q3,3,0,0.029621,2026-07
iGBMDSC,2011Q4,3,0,0.013942,2026-07
iGBMDSC,2012Q1,3,0,0.011406,2026-07
iGBMDSC,2012Q2,3,0,-0.009929,2026-07
iGBMDSC,2012Q3,3,0,0.03183,2026-07
iGBMDSC,2012Q4,3,0,0.033497,2026-07
iGBMDSC,2013Q1,3,0,0.036722,2026-07
iGBMDSC,2013Q2,3,0,0.022302,2026-07
iGBMDSC,2013Q3,3,0,0.003476,2026-07
iGBMDSC,2013Q4,3,0,0.036839,2026-07
iGBMDSC,2014Q1,3,0,0.000965,2026-07
iGBMDSC,2014Q2,3,0,0.00038,2026-07
iGBMDSC,2014Q3,3,0,0.03341,2026-07
iGBMDSC,2014Q4,3,0,0.021803,2026-07
iGBMDSC,2015Q1,3,0,0.056155,2026-07
iGBMDSC,2015Q2,3,0,-0.032837,2026-07
iGBMDSC,2015Q3,3,0,0.017753,2026-07
iGBMDSC,2015Q4,3,0,0.001155,2026-07
iGBMDSC,2016Q1,3,0,-0.014482,2026-07
iGBMDSC,2016Q2,3,0,0.019189,2026-07
iGBMDSC,2016Q3,3,0,-0.000905,2026-07
iGBMDSC,2016Q4,3,0,0.080938,2026-07
iGBMDSC,2017Q1,3,0,-0.031892,2026-07
iGBMDSC,2017Q2,3,0,-0.011366,2026-07
iGBMDSC,2017Q3,3,0,0.01487,2026-07
iGBMDSC,2017Q4,3,0,-0.013859,2026-07
iGBMDSC,2018Q1,3,0,0.00747,2026-07
iGBMDSC,2018Q2,3,0,-0.009779,2026-07
iGBMDSC,2018Q3,3,0,-0.017797,2026-07
iGBMDSC,2018Q4,3,0,-0.012242,2026-07
iGBMDSC,2019Q1,3,0,0.01411,2026-07
iGBMDSC,2019Q2,3,0,0.024973,2026-07
iGBMDSC,2019Q3,3,0,0.001366,2026-07
iGBMDSC,2019Q4,3,0,0.006577,2026-07
iGBMDSC,2020Q1,3,0,-0.015195,2026-07
iGBMDSC,2020Q2,3,0,0.061466,2026-07
iGBMDSC,2020Q3,3,0,0.02651,2026-07
iGBMDSC,2020Q4,3,0,0.064765,2026-07
iGBMDSC,2021Q1,3,0,0.01636,2026-07
iGBMDSC,2021Q2,3,0,0.010752,2026-07
iGBMDSC,2021Q3,3,0,-0.000554,2026-07
iGBMDSC,2021Q4,3,0,0.000935,2026-07
iGBMDSC,2022Q1,3,0,0.068122,2026-07
iGBMDSC,2022Q2,3,0,0.001617,2026-07
iGBMDSC,2022Q3,3,0,0.032539,2026-07
iGBMDSC,2022Q4,3,0,-0.000257,2026-07
iGBMDSC,2023Q1,3,0,-0.028269,2026-07
iGBMDSC,2023Q2,3,0,0.011754,2026-07
iGBMDSC,2023Q3,3,0,0.006605,2026-07
iGBMDSC,2023Q4,3,0,0.016179,2026-07
iGBMDSC,2024Q1,3,0,0.016785,2026-07
iGBMDSC,2024Q2,3,0,-0.004112,2026-07
iGBMDSC,2024Q3,3,0,0.019957,2026-07
iGBMDSC,2024Q4,3,0,0.027333,2026-07
iGBMDSC,2025Q1,3,0,0.043228,2026-07
iGBMDSC,2025Q2,3,0,0.04508,2026-07
iGBMDSC,2025Q3,3,0,0.03592,2026-07
iGBMDSC,2025Q4,3,0,0.034933,2026-07
iGBMDSC,2026Q1,3,0,0.013644,2026-07
iGBMDSC,2026Q2,3,0,0.025448,2026-07
iGBMDSC,2026Q3,1,1,-0.0115,2026-07
iGBMMMA,2000Q1,3,0,0.095905,2026-07
iGBMMMA,2000Q2,3,0,0.032547,2026-07
iGBMMMA,2000Q3,3,0,0.07478,2026-07
iGBMMMA,2000Q4,3,0,0.074612,2026-07
iGBMMMA,2001Q1,3,0,0.148087,2026-07
iGBMMMA,2001Q2,3,0,-0.002777,2026-07
iGBMMMA,2001Q3,3,0,0.114968,2026-07
iGBMMMA,2001Q4,3,0,0.029417,2026-07
iGBMMMA,2002Q1,3,0,0.075731,2026-07
iGBMMMA,2002Q2,3,0,0.121347,2026-07
iGBMMMA,2002Q3,3,0,0.046083,2026-07
iGBMMMA,2002Q4,3,0,0.002019,2026-07
iGBMMMA,2003Q1,3,0,0.014753,2026-07
iGBMMMA,2003Q2,3,0,0.021991,2026-07
iGBMMMA,2003Q3,3,0,0.025373,2026-07
iGBMMMA,2003Q4,3,0,0.016452,2026-07
iGBMMMA,2004Q1,3,0,0.035305,2026-07
iGBMMMA,2004Q2,3,0,0.002498,2026-07
iGBMMMA,2004Q3,3,0,0.003288,2026-07
iGBMMMA,2004Q4,3,0,0.038985,2026-07
iGBMMMA,2005Q1,3,0,0.015331,2026-07
iGBMMMA,2005Q2,3,0,0.00995,2026-07
iGBMMMA,2005Q3,3,0,0.028023,2026-07
iGBMMMA,2005Q4,3,0,0.010972,2026-07
iGBMMMA,2006Q1,3,0,0.044316,2026-07
iGBMMMA,2006Q2,3,0,0.004789,2026-07
iGBMMMA,2006Q3,3,0,0.021375,2026-07
iGBMMMA,2006Q4,3,0,0.035389,2026-07
iGBMMMA,2007Q1,3,0,0.036838,2026-07
iGBMMMA,2007Q2,3,0,0.036841,2026-07
iGBMMMA,2007Q3,3,0,-0.01645,2026-07
iGBMMMA,2007Q4,3,0,0.034415,2026-07
iGBMMMA,2008Q1,3,0,0.055605,2026-07
iGBMMMA,2008Q2,3,0,-0.034004,2026-07
iGBMMMA,2008Q3,3,0,0.011511,2026-07
iGBMMMA,2008Q4,3,0,0.108813,2026-07
iGBMMMA,2009Q1,3,0,0.062933,2026-07
iGBMMMA,2009Q2,3,0,0.05435,2026-07
iGBMMMA,2009Q3,3,0,0.053928,2026-07
iGBMMMA,2009Q4,3,0,0.041868,2026-07
iGBMMMA,2010Q1,3,0,0.035991,2026-07
iGBMMMA,2010Q2,3,0,0.00589,2026-07
iGBMMMA,2010Q3,3,0,0.029844,2026-07
iGBMMMA,2010Q4,3,0,0.014748,2026-07
iGBMMMA,2011Q1,3,0,0.019718,2026-07
iGBMMMA,2011Q2,3,0,-0.001599,2026-07
iGBMMMA,2011Q3,3,0,0.024341,2026-07
iGBMMMA,2011Q4,3,0,0.006951,2026-07
iGBMMMA,2012Q1,3,0,0.036616,2026-07
iGBMMMA,2012Q2,3,0,-0.010487,2026-07
iGBMMMA,2012Q3,3,0,0.036941,2026-07
iGBMMMA,2012Q4,3,0,0.036231,2026-07
iGBMMMA,2013Q1,3,0,0.025519,2026-07
iGBMMMA,2013Q2,3,0,0.042235,2026-07
iGBMMMA,2013Q3,3,0,-0.010099,2026-07
iGBMMMA,2013Q4,3,0,0.04753,2026-07
iGBMMMA,2014Q1,3,0,-0.009875,2026-07
iGBMMMA,2014Q2,3,0,-0.008688,2026-07
iGBMMMA,2014Q3,3,0,0.041543,2026-07
iGBMMMA,2014Q4,3,0,0.010267,2026-07
iGBMMMA,2015Q1,3,0,0.051625,2026-07
iGBMMMA,2015Q2,3,0,-0.017517,2026-07
iGBMMMA,2015Q3,3,0,0.015421,2026-07
iGBMMMA,2015Q4,3,0,-0.003076,2026-07
iGBMMMA,2016Q1,3,0,-0.014801,2026-07
iGBMMMA,2016Q2,3,0,0.013601,2026-07
iGBMMMA,2016Q3,3,0,0.001896,2026-07
iGBMMMA,2016Q4,3,0,0.045875,2026-07
iGBMMMA,2017Q1,3,0,-0.004509,2026-07
iGBMMMA,2017Q2,3,0,-0.010797,2026-07
iGBMMMA,2017Q3,3,0,0.022729,2026-07
iGBMMMA,2017Q4,3,0,-0.007519,2026-07
iGBMMMA,2018Q1,3,0,0.027454,2026-07
iGBMMMA,2018Q2,3,0,0.01012,2026-07
iGBMMMA,2018Q3,3,0,-0.006597,2026-07
iGBMMMA,2018Q4,3,0,-0.023399,2026-07
iGBMMMA,2019Q1,3,0,0.024407,2026-07
iGBMMMA,2019Q2,3,0,0.037775,2026-07
iGBMMMA,2019Q3,3,0,-0.004113,2026-07
iGBMMMA,2019Q4,3,0,0.024502,2026-07
iGBMMMA,2020Q1,3,0,-0.030103,2026-07
iGBMMMA,2020Q2,3,0,0.052901,2026-07
iGBMMMA,2020Q3,3,0,0.032603,2026-07
iGBMMMA,2020Q4,3,0,0.057109,2026-07
iGBMMMA,2021Q1,3,0,0.032806,2026-07
iGBMMMA,2021Q2,3,0,-0.008338,2026-07
iGBMMMA,2021Q3,3,0,-0.006513,2026-07
iGBMMMA,2021Q4,3,0,0.001583,2026-07
iGBMMMA,2022Q1,3,0,0.063248,2026-07
iGBMMMA,2022Q2,3,0,0.028437,2026-07
iGBMMMA,2022Q3,3,0,0.042332,2026-07
iGBMMMA,2022Q4,3,0,-0.010828,2026-07
iGBMMMA,2023Q1,3,0,-0.009847,2026-07
iGBMMMA,2023Q2,3,0,-0.006214,2026-07
iGBMMMA,2023Q3,3,0,0.036219,2026-07
iGBMMMA,2023Q4,3,0,0.013027,2026-07
iGBMMMA,2024Q1,3,0,0.014102,2026-07
iGBMMMA,2024Q2,3,0,0.016489,2026-07
iGBMMMA,2024Q3,3,0,0.017833,2026-07
iGBMMMA,2024Q4,3,0,0.020679,2026-07
iGBMMMA,2025Q1,3,0,0.011132,2026-07
iGBMMMA,2025Q2,3,0,0.016399,2026-07
iGBMMMA,2025Q3,3,0,0.013673,2026-07
iGBMMMA,2025Q4,3,0,0.024674,2026-07
iGBMMMA,2026Q1,3,0,-0.028378,2026-07
iGBMMMA,2026Q2,3,0,0.034021,2026-07
iGBMMMA,2026Q3,1,1,-0.0043,2026-07
iGBMQNT,2000Q1,3,0,-0.004571,2026-07
iGBMQNT,2000Q2,3,0,0.011938,2026-07
iGBMQNT,2000Q3,3,0,-0.054388,2026-07
iGBMQNT,2000Q4,3,0,0.077812,2026-07
iGBMQNT,2001Q1,3,0,0.075804,2026-07
iGBMQNT,2001Q2,3,0,-0.014125,2026-07
iGBMQNT,2001Q3,3,0,0.090386,2026-07
iGBMQNT,2001Q4,3,0,0.000292,2026-07
iGBMQNT,2002Q1,3,0,-0.004302,2026-07
iGBMQNT,2002Q2,3,0,0.141836,2026-07
iGBMQNT,2002Q3,3,0,0.063286,2026-07
iGBMQNT,2002Q4,3,0,0.021244,2026-07
iGBMQNT,2003Q1,3,0,0.052091,2026-07
iGBMQNT,2003Q2,3,0,0.053648,2026-07
iGBMQNT,2003Q3,3,0,-0.017896,2026-07
iGBMQNT,2003Q4,3,0,0.090336,2026-07
iGBMQNT,2004Q1,3,0,0.057542,2026-07
iGBMQNT,2004Q2,3,0,-0.052475,2026-07
iGBMQNT,2004Q3,3,0,-0.007621,2026-07
iGBMQNT,2004Q4,3,0,0.0681,2026-07
iGBMQNT,2005Q1,3,0,0.00335,2026-07
iGBMQNT,2005Q2,3,0,0.029568,2026-07
iGBMQNT,2005Q3,3,0,-0.003618,2026-07
iGBMQNT,2005Q4,3,0,0.021454,2026-07
iGBMQNT,2006Q1,3,0,0.03129,2026-07
iGBMQNT,2006Q2,3,0,0.014042,2026-07
iGBMQNT,2006Q3,3,0,-0.023559,2026-07
iGBMQNT,2006Q4,3,0,0.04378,2026-07
iGBMQNT,2007Q1,3,0,-0.012702,2026-07
iGBMQNT,2007Q2,3,0,0.095148,2026-07
iGBMQNT,2007Q3,3,0,-0.07197,2026-07
iGBMQNT,2007Q4,3,0,0.02908,2026-07
iGBMQNT,2008Q1,3,0,0.057049,2026-07
iGBMQNT,2008Q2,3,0,0.035208,2026-07
iGBMQNT,2008Q3,3,0,-0.057407,2026-07
iGBMQNT,2008Q4,3,0,0.051595,2026-07
iGBMQNT,2009Q1,3,0,0.001334,2026-07
iGBMQNT,2009Q2,3,0,0.011826,2026-07
iGBMQNT,2009Q3,3,0,0.062085,2026-07
iGBMQNT,2009Q4,3,0,0.005942,2026-07
iGBMQNT,2010Q1,3,0,0.018368,2026-07
iGBMQNT,2010Q2,3,0,0.013507,2026-07
iGBMQNT,2010Q3,3,0,0.045741,2026-07
iGBMQNT,2010Q4,3,0,0.054272,2026-07
iGBMQNT,2011Q1,3,0,0.002415,2026-07
iGBMQNT,2011Q2,3,0,0.00411,2026-07
iGBMQNT,2011Q3,3,0,0.016351,2026-07
iGBMQNT,2011Q4,3,0,-0.008524,2026-07
iGBMQNT,2012Q1,3,0,0.028194,2026-07
iGBMQNT,2012Q2,3,0,-0.013191,2026-07
iGBMQNT,2012Q3,3,0,0.026782,2026-07
iGBMQNT,2012Q4,3,0,-0.002293,2026-07
iGBMQNT,2013Q1,3,0,0.03352,2026-07
iGBMQNT,2013Q2,3,0,-0.01113,2026-07
iGBMQNT,2013Q3,3,0,-0.006106,2026-07
iGBMQNT,2013Q4,3,0,0.040192,2026-07
iGBMQNT,2014Q1,3,0,-0.018271,2026-07
iGBMQNT,2014Q2,3,0,0.028324,2026-07
iGBMQNT,2014Q3,3,0,0.045061,2026-07
iGBMQNT,2014Q4,3,0,0.066819,2026-07
iGBMQNT,2015Q1,3,0,0.053602,2026-07
iGBMQNT,2015Q2,3,0,-0.040195,2026-07
iGBMQNT,2015Q3,3,0,0.012561,2026-07
iGBMQNT,2015Q4,3,0,-0.004142,2026-07
iGBMQNT,2016Q1,3,0,0.030031,2026-07
iGBMQNT,2016Q2,3,0,0.000181,2026-07
iGBMQNT,2016Q3,3,0,-0.007733,2026-07
iGBMQNT,2016Q4,3,0,-0.002606,2026-07
iGBMQNT,2017Q1,3,0,0.006917,2026-07
iGBMQNT,2017Q2,3,0,-0.02392,2026-07
iGBMQNT,2017Q3,3,0,0.004312,2026-07
iGBMQNT,2017Q4,3,0,0.028976,2026-07
iGBMQNT,2018Q1,3,0,-0.001931,2026-07
iGBMQNT,2018Q2,3,0,0.001654,2026-07
iGBMQNT,2018Q3,3,0,0.000558,2026-07
iGBMQNT,2018Q4,3,0,-0.00622,2026-07
iGBMQNT,2019Q1,3,0,0.006688,2026-07
iGBMQNT,2019Q2,3,0,0.018992,2026-07
iGBMQNT,2019Q3,3,0,0.009715,2026-07
iGBMQNT,2019Q4,3,0,-5.9e-05,2026-07
iGBMQNT,2020Q1,3,0,-0.031713,2026-07
iGBMQNT,2020Q2,3,0,-0.006788,2026-07
iGBMQNT,2020Q3,3,0,0.008035,2026-07
iGBMQNT,2020Q4,3,0,0.042258,2026-07
iGBMQNT,2021Q1,3,0,0.019204,2026-07
iGBMQNT,2021Q2,3,0,0.013765,2026-07
iGBMQNT,2021Q3,3,0,-0.011597,2026-07
iGBMQNT,2021Q4,3,0,-0.010198,2026-07
iGBMQNT,2022Q1,3,0,0.067168,2026-07
iGBMQNT,2022Q2,3,0,0.051801,2026-07
iGBMQNT,2022Q3,3,0,0.044423,2026-07
iGBMQNT,2022Q4,3,0,-0.022836,2026-07
iGBMQNT,2023Q1,3,0,-0.013748,2026-07
iGBMQNT,2023Q2,3,0,0.004394,2026-07
iGBMQNT,2023Q3,3,0,0.02627,2026-07
iGBMQNT,2023Q4,3,0,-0.034222,2026-07
iGBMQNT,2024Q1,3,0,0.06214,2026-07
iGBMQNT,2024Q2,3,0,-0.014318,2026-07
iGBMQNT,2024Q3,3,0,-0.024466,2026-07
iGBMQNT,2024Q4,3,0,0.035689,2026-07
iGBMQNT,2025Q1,3,0,0.02102,2026-07
iGBMQNT,2025Q2,3,0,-0.023342,2026-07
iGBMQNT,2025Q3,3,0,0.036415,2026-07
iGBMQNT,2025Q4,3,0,0.014765,2026-07
iGBMQNT,2026Q1,3,0,0.036555,2026-07
iGBMQNT,2026Q2,3,0,0.018145,2026-07
iGBMQNT,2026Q3,1,1,-0.0016,2026-07
iGBMRPM,2008Q1,3,0,0.013315,2026-07
iGBMRPM,2008Q2,3,0,0.006544,2026-07
iGBMRPM,2008Q3,3,0,-0.094674,2026-07
iGBMRPM,2008Q4,3,0,-0.065191,2026-07
iGBMRPM,2009Q1,3,0,-0.048785,2026-07
iGBMRPM,2009Q2,3,0,0.00838,2026-07
iGBMRPM,2009Q3,3,0,0.283838,2026-07
iGBMRPM,2009Q4,3,0,0.02357,2026-07
iGBMRPM,2010Q1,3,0,0.048648,2026-07
iGBMRPM,2010Q2,3,0,0.080813,2026-07
iGBMRPM,2010Q3,3,0,0.211741,2026-07
iGBMRPM,2010Q4,3,0,0.055641,2026-07
iGBMRPM,2011Q1,3,0,0.056073,2026-07
iGBMRPM,2011Q2,3,0,0.061126,2026-07
iGBMRPM,2011Q3,3,0,-0.039439,2026-07
iGBMRPM,2011Q4,3,0,0.049344,2026-07
iGBMRPM,2012Q1,3,0,0.073631,2026-07
iGBMRPM,2012Q2,3,0,-0.023029,2026-07
iGBMRPM,2012Q3,3,0,0.074758,2026-07
iGBMRPM,2012Q4,3,0,0.042226,2026-07
iGBMRPM,2013Q1,3,0,0.054028,2026-07
iGBMRPM,2013Q2,3,0,-0.096928,2026-07
iGBMRPM,2013Q3,3,0,0.062031,2026-07
iGBMRPM,2013Q4,3,0,0.056622,2026-07
iGBMRPM,2014Q1,3,0,0.028466,2026-07
iGBMRPM,2014Q2,3,0,0.066997,2026-07
iGBMRPM,2014Q3,3,0,-0.011732,2026-07
iGBMRPM,2014Q4,3,0,0.035933,2026-07
iGBMRPM,2015Q1,3,0,0.036808,2026-07
iGBMRPM,2015Q2,3,0,-0.0438,2026-07
iGBMRPM,2015Q3,3,0,-0.004878,2026-07
iGBMRPM,2015Q4,3,0,0.001601,2026-07
iGBMRPM,2016Q1,3,0,0.036117,2026-07
iGBMRPM,2016Q2,3,0,0.029633,2026-07
iGBMRPM,2016Q3,3,0,0.013188,2026-07
iGBMRPM,2016Q4,3,0,-0.01595,2026-07
iGBMRPM,2017Q1,3,0,0.025628,2026-07
iGBMRPM,2017Q2,3,0,6.9e-05,2026-07
iGBMRPM,2017Q3,3,0,0.030518,2026-07
iGBMRPM,2017Q4,3,0,0.045634,2026-07
iGBMRPM,2018Q1,3,0,-0.022564,2026-07
iGBMRPM,2018Q2,3,0,-0.01431,2026-07
iGBMRPM,2018Q3,3,0,-0.001726,2026-07
iGBMRPM,2018Q4,3,0,-0.053713,2026-07
iGBMRPM,2019Q1,3,0,0.047784,2026-07
iGBMRPM,2019Q2,3,0,0.013999,2026-07
iGBMRPM,2019Q3,3,0,0.031444,2026-07
iGBMRPM,2019Q4,3,0,-0.013177,2026-07
iGBMRPM,2020Q1,3,0,-0.123475,2026-07
iGBMRPM,2020Q2,3,0,-0.011668,2026-07
iGBMRPM,2020Q3,3,0,0.007435,2026-07
iGBMRPM,2020Q4,3,0,0.016826,2026-07
iGBMRPM,2021Q1,3,0,0.04575,2026-07
iGBMRPM,2021Q2,3,0,0.040297,2026-07
iGBMRPM,2021Q3,3,0,0.010154,2026-07
iGBMRPM,2021Q4,3,0,0.023549,2026-07
iGBMRPM,2022Q1,3,0,0.018238,2026-07
iGBMRPM,2022Q2,3,0,0.00835,2026-07
iGBMRPM,2022Q3,3,0,-0.005964,2026-07
iGBMRPM,2022Q4,3,0,0.020607,2026-07
iGBMRPM,2023Q1,3,0,0.013903,2026-07
iGBMRPM,2023Q2,3,0,0.021229,2026-07
iGBMRPM,2023Q3,3,0,0.046205,2026-07
iGBMRPM,2023Q4,3,0,-0.002248,2026-07
iGBMRPM,2024Q1,3,0,0.081137,2026-07
iGBMRPM,2024Q2,3,0,0.010925,2026-07
iGBMRPM,2024Q3,3,0,-0.004222,2026-07
iGBMRPM,2024Q4,3,0,0.009412,2026-07
iGBMRPM,2025Q1,3,0,0.046982,2026-07
iGBMRPM,2025Q2,3,0,-0.015862,2026-07
iGBMRPM,2025Q3,3,0,0.040807,2026-07
iGBMRPM,2025Q4,3,0,0.017365,2026-07
iGBMRPM,2026Q1,3,0,0.0571,2026-07
iGBMRPM,2026Q2,3,0,0.016221,2026-07
iGBMRPM,2026Q3,1,1,0.0209,2026-07
iHFC,2000Q1,3,0,0.050815,2026-07
iHFC,2000Q2,3,0,0.027397,2026-07
iHFC,2000Q3,3,0,0.022556,2026-07
iHFC,2000Q4,3,0,0.051097,2026-07
iHFC,2001Q1,3,0,0.052801,2026-07
iHFC,2001Q2,3,0,0.021587,2026-07
iHFC,2001Q3,3,0,0.020445,2026-07
iHFC,2001Q4,3,0,0.040698,2026-07
iHFC,2002Q1,3,0,0.020441,2026-07
iHFC,2002Q2,3,0,0.026415,2026-07
iHFC,2002Q3,3,0,0.012287,2026-07
iHFC,2002Q4,3,0,0.032311,2026-07
iHFC,2003Q1,3,0,0.02886,2026-07
iHFC,2003Q2,3,0,0.073514,2026-07
iHFC,2003Q3,3,0,0.029654,2026-07
iHFC,2003Q4,3,0,0.058019,2026-07
iHFC,2004Q1,3,0,0.044606,2026-07
iHFC,2004Q2,3,0,-0.012286,2026-07
iHFC,2004Q3,3,0,0.010103,2026-07
iHFC,2004Q4,3,0,0.066432,2026-07
iHFC,2005Q1,3,0,0.013479,2026-07
iHFC,2005Q2,3,0,0.01982,2026-07
iHFC,2005Q3,3,0,0.044003,2026-07
iHFC,2005Q4,3,0,0.027639,2026-07
iHFC,2006Q1,3,0,0.056095,2026-07
iHFC,2006Q2,3,0,0.008583,2026-07
iHFC,2006Q3,3,0,0.015754,2026-07
iHFC,2006Q4,3,0,0.05767,2026-07
iHFC,2007Q1,3,0,0.036712,2026-07
iHFC,2007Q2,3,0,0.063137,2026-07
iHFC,2007Q3,3,0,0.011885,2026-07
iHFC,2007Q4,3,0,0.035161,2026-07
iHFC,2008Q1,3,0,-0.007618,2026-07
iHFC,2008Q2,3,0,0.027632,2026-07
iHFC,2008Q3,3,0,-0.070229,2026-07
iHFC,2008Q4,3,0,-0.056527,2026-07
iHFC,2009Q1,3,0,0.029388,2026-07
iHFC,2009Q2,3,0,0.094214,2026-07
iHFC,2009Q3,3,0,0.090156,2026-07
iHFC,2009Q4,3,0,0.035647,2026-07
iHFC,2010Q1,3,0,0.039489,2026-07
iHFC,2010Q2,3,0,-0.009235,2026-07
iHFC,2010Q3,3,0,0.048741,2026-07
iHFC,2010Q4,3,0,0.051075,2026-07
iHFC,2011Q1,3,0,0.027013,2026-07
iHFC,2011Q2,3,0,0.008425,2026-07
iHFC,2011Q3,3,0,-0.041786,2026-07
iHFC,2011Q4,3,0,0.019396,2026-07
iHFC,2012Q1,3,0,0.053051,2026-07
iHFC,2012Q2,3,0,-0.008734,2026-07
iHFC,2012Q3,3,0,0.034892,2026-07
iHFC,2012Q4,3,0,0.025151,2026-07
iHFC,2013Q1,3,0,0.048059,2026-07
iHFC,2013Q2,3,0,0.015429,2026-07
iHFC,2013Q3,3,0,0.028934,2026-07
iHFC,2013Q4,3,0,0.047738,2026-07
iHFC,2014Q1,3,0,0.019895,2026-07
iHFC,2014Q2,3,0,0.020251,2026-07
iHFC,2014Q3,3,0,0.007927,2026-07
iHFC,2014Q4,3,0,0.020567,2026-07
iHFC,2015Q1,3,0,0.037024,2026-07
iHFC,2015Q2,3,0,0.000977,2026-07
iHFC,2015Q3,3,0,-0.019212,2026-07
iHFC,2015Q4,3,0,0.006344,2026-07
iHFC,2016Q1,3,0,-0.013327,2026-07
iHFC,2016Q2,3,0,0.015344,2026-07
iHFC,2016Q3,3,0,0.031085,2026-07
iHFC,2016Q4,3,0,0.016246,2026-07
iHFC,2017Q1,3,0,0.023065,2026-07
iHFC,2017Q2,3,0,0.010125,2026-07
iHFC,2017Q3,3,0,0.024594,2026-07
iHFC,2017Q4,3,0,0.019785,2026-07
iHFC,2018Q1,3,0,0.009216,2026-07
iHFC,2018Q2,3,0,0.011929,2026-07
iHFC,2018Q3,3,0,0.008321,2026-07
iHFC,2018Q4,3,0,-0.044567,2026-07
iHFC,2019Q1,3,0,0.043321,2026-07
iHFC,2019Q2,3,0,0.017037,2026-07
iHFC,2019Q3,3,0,-0.001532,2026-07
iHFC,2019Q4,3,0,0.028435,2026-07
iHFC,2020Q1,3,0,-0.086371,2026-07
iHFC,2020Q2,3,0,0.080609,2026-07
iHFC,2020Q3,3,0,0.037406,2026-07
iHFC,2020Q4,3,0,0.08733,2026-07
iHFC,2021Q1,3,0,0.037402,2026-07
iHFC,2021Q2,3,0,0.030222,2026-07
iHFC,2021Q3,3,0,0.004571,2026-07
iHFC,2021Q4,3,0,0.003663,2026-07
iHFC,2022Q1,3,0,-0.00232,2026-07
iHFC,2022Q2,3,0,-0.028581,2026-07
iHFC,2022Q3,3,0,0.002744,2026-07
iHFC,2022Q4,3,0,0.017891,2026-07
iHFC,2023Q1,3,0,0.013028,2026-07
iHFC,2023Q2,3,0,0.020192,2026-07
iHFC,2023Q3,3,0,0.011615,2026-07
iHFC,2023Q4,3,0,0.029223,2026-07
iHFC,2024Q1,3,0,0.051223,2026-07
iHFC,2024Q2,3,0,0.008089,2026-07
iHFC,2024Q3,3,0,0.021129,2026-07
iHFC,2024Q4,3,0,0.022163,2026-07
iHFC,2025Q1,3,0,-0.000406,2026-07
iHFC,2025Q2,3,0,0.040412,2026-07
iHFC,2025Q3,3,0,0.045551,2026-07
iHFC,2025Q4,3,0,0.029779,2026-07
iHFC,2026Q1,3,0,0.007997,2026-07
iHFC,2026Q2,3,0,0.063895,2026-07
iHFC,2026Q3,1,1,-0.0105,2026-07
iHFCEW,2000Q1,3,0,0.053672,2026-07
iHFCEW,2000Q2,3,0,0.025987,2026-07
iHFCEW,2000Q3,3,0,0.046841,2026-07
iHFCEW,2000Q4,3,0,0.065376,2026-07
iHFCEW,2001Q1,3,0,0.053804,2026-07
iHFCEW,2001Q2,3,0,0.031438,2026-07
iHFCEW,2001Q3,3,0,0.00489,2026-07
iHFCEW,2001Q4,3,0,0.052462,2026-07
iHFCEW,2002Q1,3,0,0.024355,2026-07
iHFCEW,2002Q2,3,0,0.01355,2026-07
iHFCEW,2002Q3,3,0,0.00935,2026-07
iHFCEW,2002Q4,3,0,0.033556,2026-07
iHFCEW,2003Q1,3,0,0.024904,2026-07
iHFCEW,2003Q2,3,0,0.085382,2026-07
iHFCEW,2003Q3,3,0,0.038166,2026-07
iHFCEW,2003Q4,3,0,0.06039,2026-07
iHFCEW,2004Q1,3,0,0.046731,2026-07
iHFCEW,2004Q2,3,0,-0.010414,2026-07
iHFCEW,2004Q3,3,0,0.013872,2026-07
iHFCEW,2004Q4,3,0,0.069273,2026-07
iHFCEW,2005Q1,3,0,0.013648,2026-07
iHFCEW,2005Q2,3,0,0.022604,2026-07
iHFCEW,2005Q3,3,0,0.052767,2026-07
iHFCEW,2005Q4,3,0,0.029881,2026-07
iHFCEW,2006Q1,3,0,0.060001,2026-07
iHFCEW,2006Q2,3,0,0.00533,2026-07
iHFCEW,2006Q3,3,0,0.018372,2026-07
iHFCEW,2006Q4,3,0,0.061205,2026-07
iHFCEW,2007Q1,3,0,0.039485,2026-07
iHFCEW,2007Q2,3,0,0.062709,2026-07
iHFCEW,2007Q3,3,0,0.022676,2026-07
iHFCEW,2007Q4,3,0,0.032501,2026-07
iHFCEW,2008Q1,3,0,-0.015764,2026-07
iHFCEW,2008Q2,3,0,0.025902,2026-07
iHFCEW,2008Q3,3,0,-0.071415,2026-07
iHFCEW,2008Q4,3,0,-0.058542,2026-07
iHFCEW,2009Q1,3,0,0.027936,2026-07
iHFCEW,2009Q2,3,0,0.107871,2026-07
iHFCEW,2009Q3,3,0,0.090894,2026-07
iHFCEW,2009Q4,3,0,0.03714,2026-07
iHFCEW,2010Q1,3,0,0.041292,2026-07
iHFCEW,2010Q2,3,0,-0.014472,2026-07
iHFCEW,2010Q3,3,0,0.049595,2026-07
iHFCEW,2010Q4,3,0,0.056157,2026-07
iHFCEW,2011Q1,3,0,0.027219,2026-07
iHFCEW,2011Q2,3,0,0.007822,2026-07
iHFCEW,2011Q3,3,0,-0.049295,2026-07
iHFCEW,2011Q4,3,0,0.024189,2026-07
iHFCEW,2012Q1,3,0,0.057715,2026-07
iHFCEW,2012Q2,3,0,-0.010173,2026-07
iHFCEW,2012Q3,3,0,0.035512,2026-07
iHFCEW,2012Q4,3,0,0.026785,2026-07
iHFCEW,2013Q1,3,0,0.054244,2026-07
iHFCEW,2013Q2,3,0,0.017855,2026-07
iHFCEW,2013Q3,3,0,0.032275,2026-07
iHFCEW,2013Q4,3,0,0.049907,2026-07
iHFCEW,2014Q1,3,0,0.022821,2026-07
iHFCEW,2014Q2,3,0,0.020741,2026-07
iHFCEW,2014Q3,3,0,0.005509,2026-07
iHFCEW,2014Q4,3,0,0.020483,2026-07
iHFCEW,2015Q1,3,0,0.037722,2026-07
iHFCEW,2015Q2,3,0,0.005291,2026-07
iHFCEW,2015Q3,3,0,-0.024138,2026-07
iHFCEW,2015Q4,3,0,0.009245,2026-07
iHFCEW,2016Q1,3,0,-0.018901,2026-07
iHFCEW,2016Q2,3,0,0.016423,2026-07
iHFCEW,2016Q3,3,0,0.034659,2026-07
iHFCEW,2016Q4,3,0,0.016835,2026-07
iHFCEW,2017Q1,3,0,0.025811,2026-07
iHFCEW,2017Q2,3,0,0.013052,2026-07
iHFCEW,2017Q3,3,0,0.027036,2026-07
iHFCEW,2017Q4,3,0,0.021114,2026-07
iHFCEW,2018Q1,3,0,0.00971,2026-07
iHFCEW,2018Q2,3,0,0.014232,2026-07
iHFCEW,2018Q3,3,0,0.00641,2026-07
iHFCEW,2018Q4,3,0,-0.05332,2026-07
iHFCEW,2019Q1,3,0,0.049263,2026-07
iHFCEW,2019Q2,3,0,0.016096,2026-07
iHFCEW,2019Q3,3,0,-0.003231,2026-07
iHFCEW,2019Q4,3,0,0.034765,2026-07
iHFCEW,2020Q1,3,0,-0.087177,2026-07
iHFCEW,2020Q2,3,0,0.087747,2026-07
iHFCEW,2020Q3,3,0,0.039219,2026-07
iHFCEW,2020Q4,3,0,0.092589,2026-07
iHFCEW,2021Q1,3,0,0.037782,2026-07
iHFCEW,2021Q2,3,0,0.031741,2026-07
iHFCEW,2021Q3,3,0,0.001853,2026-07
iHFCEW,2021Q4,3,0,0.00442,2026-07
iHFCEW,2022Q1,3,0,-0.011544,2026-07
iHFCEW,2022Q2,3,0,-0.036082,2026-07
iHFCEW,2022Q3,3,0,-0.001145,2026-07
iHFCEW,2022Q4,3,0,0.024159,2026-07
iHFCEW,2023Q1,3,0,0.012956,2026-07
iHFCEW,2023Q2,3,0,0.020377,2026-07
iHFCEW,2023Q3,3,0,0.009561,2026-07
iHFCEW,2023Q4,3,0,0.03442,2026-07
iHFCEW,2024Q1,3,0,0.052136,2026-07
iHFCEW,2024Q2,3,0,0.007359,2026-07
iHFCEW,2024Q3,3,0,0.026506,2026-07
iHFCEW,2024Q4,3,0,0.019792,2026-07
iHFCEW,2025Q1,3,0,-0.003822,2026-07
iHFCEW,2025Q2,3,0,0.045422,2026-07
iHFCEW,2025Q3,3,0,0.051438,2026-07
iHFCEW,2025Q4,3,0,0.031312,2026-07
iHFCEW,2026Q1,3,0,0.004699,2026-07
iHFCEW,2026Q2,3,0,0.076032,2026-07
iHFCEW,2026Q3,1,1,-0.0143,2026-07
iMFT,2000Q1,3,0,-0.015108,2026-07
iMFT,2000Q2,3,0,-0.007334,2026-07
iMFT,2000Q3,3,0,-0.013441,2026-07
iMFT,2000Q4,3,0,0.206731,2026-07
iMFT,2001Q1,3,0,0.098565,2026-07
iMFT,2001Q2,3,0,-0.051593,2026-07
iMFT,2001Q3,3,0,0.067036,2026-07
iMFT,2001Q4,3,0,0.00521,2026-07
iMFT,2002Q1,3,0,-0.011557,2026-07
iMFT,2002Q2,3,0,0.078501,2026-07
iMFT,2002Q3,3,0,0.169178,2026-07
iMFT,2002Q4,3,0,0.010076,2026-07
iMFT,2003Q1,3,0,0.044931,2026-07
iMFT,2003Q2,3,0,0.052208,2026-07
iMFT,2003Q3,3,0,-0.000276,2026-07
iMFT,2003Q4,3,0,0.019116,2026-07
iMFT,2004Q1,3,0,0.05913,2026-07
iMFT,2004Q2,3,0,-0.098279,2026-07
iMFT,2004Q3,3,0,0.021115,2026-07
iMFT,2004Q4,3,0,0.085719,2026-07
iMFT,2005Q1,3,0,-0.024758,2026-07
iMFT,2005Q2,3,0,0.042324,2026-07
iMFT,2005Q3,3,0,0.001153,2026-07
iMFT,2005Q4,3,0,0.02063,2026-07
iMFT,2006Q1,3,0,0.027067,2026-07
iMFT,2006Q2,3,0,0.02453,2026-07
iMFT,2006Q3,3,0,-0.013928,2026-07
iMFT,2006Q4,3,0,0.069099,2026-07
iMFT,2007Q1,3,0,-0.016053,2026-07
iMFT,2007Q2,3,0,0.097079,2026-07
iMFT,2007Q3,3,0,0.007762,2026-07
iMFT,2007Q4,3,0,0.066052,2026-07
iMFT,2008Q1,3,0,0.102884,2026-07
iMFT,2008Q2,3,0,0.037263,2026-07
iMFT,2008Q3,3,0,-0.024532,2026-07
iMFT,2008Q4,3,0,0.133788,2026-07
iMFT,2009Q1,3,0,-0.012525,2026-07
iMFT,2009Q2,3,0,-0.026656,2026-07
iMFT,2009Q3,3,0,0.033573,2026-07
iMFT,2009Q4,3,0,-0.018906,2026-07
iMFT,2010Q1,3,0,0.01775,2026-07
iMFT,2010Q2,3,0,0.017126,2026-07
iMFT,2010Q3,3,0,0.049731,2026-07
iMFT,2010Q4,3,0,0.034569,2026-07
iMFT,2011Q1,3,0,-0.011782,2026-07
iMFT,2011Q2,3,0,-0.014233,2026-07
iMFT,2011Q3,3,0,0.069323,2026-07
iMFT,2011Q4,3,0,-0.017438,2026-07
iMFT,2012Q1,3,0,-0.001408,2026-07
iMFT,2012Q2,3,0,-0.001463,2026-07
iMFT,2012Q3,3,0,0.003391,2026-07
iMFT,2012Q4,3,0,-0.019768,2026-07
iMFT,2013Q1,3,0,0.028343,2026-07
iMFT,2013Q2,3,0,-0.019025,2026-07
iMFT,2013Q3,3,0,-0.025327,2026-07
iMFT,2013Q4,3,0,0.04465,2026-07
iMFT,2014Q1,3,0,-0.011759,2026-07
iMFT,2014Q2,3,0,0.039118,2026-07
iMFT,2014Q3,3,0,0.059368,2026-07
iMFT,2014Q4,3,0,0.089271,2026-07
iMFT,2015Q1,3,0,0.06808,2026-07
iMFT,2015Q2,3,0,-0.068203,2026-07
iMFT,2015Q3,3,0,0.032322,2026-07
iMFT,2015Q4,3,0,-0.002748,2026-07
iMFT,2016Q1,3,0,0.043585,2026-07
iMFT,2016Q2,3,0,0.015189,2026-07
iMFT,2016Q3,3,0,-0.024361,2026-07
iMFT,2016Q4,3,0,-0.02675,2026-07
iMFT,2017Q1,3,0,-0.012701,2026-07
iMFT,2017Q2,3,0,-0.02416,2026-07
iMFT,2017Q3,3,0,0.008908,2026-07
iMFT,2017Q4,3,0,0.046734,2026-07
iMFT,2018Q1,3,0,-0.030973,2026-07
iMFT,2018Q2,3,0,0.001954,2026-07
iMFT,2018Q3,3,0,0.018041,2026-07
iMFT,2018Q4,3,0,-0.026144,2026-07
iMFT,2019Q1,3,0,0.024936,2026-07
iMFT,2019Q2,3,0,0.02966,2026-07
iMFT,2019Q3,3,0,0.029128,2026-07
iMFT,2019Q4,3,0,-0.013632,2026-07
iMFT,2020Q1,3,0,-0.002094,2026-07
iMFT,2020Q2,3,0,-0.02327,2026-07
iMFT,2020Q3,3,0,-0.011255,2026-07
iMFT,2020Q4,3,0,0.050219,2026-07
iMFT,2021Q1,3,0,0.033779,2026-07
iMFT,2021Q2,3,0,0.036211,2026-07
iMFT,2021Q3,3,0,0.014853,2026-07
iMFT,2021Q4,3,0,0.001242,2026-07
iMFT,2022Q1,3,0,0.094215,2026-07
iMFT,2022Q2,3,0,0.059588,2026-07
iMFT,2022Q3,3,0,0.043512,2026-07
iMFT,2022Q4,3,0,-0.051939,2026-07
iMFT,2023Q1,3,0,-0.041721,2026-07
iMFT,2023Q2,3,0,0.045058,2026-07
iMFT,2023Q3,3,0,0.021622,2026-07
iMFT,2023Q4,3,0,-0.04384,2026-07
iMFT,2024Q1,3,0,0.086212,2026-07
iMFT,2024Q2,3,0,-0.020404,2026-07
iMFT,2024Q3,3,0,-0.035719,2026-07
iMFT,2024Q4,3,0,0.003532,2026-07
iMFT,2025Q1,3,0,-0.037275,2026-07
iMFT,2025Q2,3,0,-0.059583,2026-07
iMFT,2025Q3,3,0,0.051956,2026-07
iMFT,2025Q4,3,0,0.039084,2026-07
iMFT,2026Q1,3,0,0.060363,2026-07
iMFT,2026Q2,3,0,0.010193,2026-07
iMFT,2026Q3,1,1,-0.0064,2026-07
iMFTNTF,2000Q1,3,0,0.069969,2026-07
iMFTNTF,2000Q2,3,0,0.041993,2026-07
iMFTNTF,2000Q3,3,0,-0.007086,2026-07
iMFTNTF,2000Q4,3,0,0.109023,2026-07
iMFTNTF,2001Q1,3,0,0.085434,2026-07
iMFTNTF,2001Q2,3,0,-0.004827,2026-07
iMFTNTF,2001Q3,3,0,0.034931,2026-07
iMFTNTF,2001Q4,3,0,0.021297,2026-07
iMFTNTF,2002Q1,3,0,0.034867,2026-07
iMFTNTF,2002Q2,3,0,0.064317,2026-07
iMFTNTF,2002Q3,3,0,0.125053,2026-07
iMFTNTF,2002Q4,3,0,0.029954,2026-07
iMFTNTF,2003Q1,3,0,0.010619,2026-07
iMFTNTF,2003Q2,3,0,0.045718,2026-07
iMFTNTF,2003Q3,3,0,0.023971,2026-07
iMFTNTF,2003Q4,3,0,-0.040703,2026-07
iMFTNTF,2004Q1,3,0,0.021372,2026-07
iMFTNTF,2004Q2,3,0,-0.043498,2026-07
iMFTNTF,2004Q3,3,0,0.015016,2026-07
iMFTNTF,2004Q4,3,0,0.050025,2026-07
iMFTNTF,2005Q1,3,0,-0.018144,2026-07
iMFTNTF,2005Q2,3,0,0.046441,2026-07
iMFTNTF,2005Q3,3,0,0.000776,2026-07
iMFTNTF,2005Q4,3,0,0.020458,2026-07
iMFTNTF,2006Q1,3,0,0.027463,2026-07
iMFTNTF,2006Q2,3,0,0.079874,2026-07
iMFTNTF,2006Q3,3,0,-0.007482,2026-07
iMFTNTF,2006Q4,3,0,0.070199,2026-07
iMFTNTF,2007Q1,3,0,0.007072,2026-07
iMFTNTF,2007Q2,3,0,0.035594,2026-07
iMFTNTF,2007Q3,3,0,0.093911,2026-07
iMFTNTF,2007Q4,3,0,0.080346,2026-07
iMFTNTF,2008Q1,3,0,0.094913,2026-07
iMFTNTF,2008Q2,3,0,0.015443,2026-07
iMFTNTF,2008Q3,3,0,0.033929,2026-07
iMFTNTF,2008Q4,3,0,0.095926,2026-07
iMFTNTF,2009Q1,3,0,-0.003224,2026-07
iMFTNTF,2009Q2,3,0,0.031349,2026-07
iMFTNTF,2009Q3,3,0,0.002867,2026-07
iMFTNTF,2009Q4,3,0,-0.049603,2026-07
iMFTNTF,2010Q1,3,0,-0.012826,2026-07
iMFTNTF,2010Q2,3,0,0.050233,2026-07
iMFTNTF,2010Q3,3,0,0.045627,2026-07
iMFTNTF,2010Q4,3,0,-0.00203,2026-07
iMFTNTF,2011Q1,3,0,-0.032777,2026-07
iMFTNTF,2011Q2,3,0,0.017735,2026-07
iMFTNTF,2011Q3,3,0,0.058778,2026-07
iMFTNTF,2011Q4,3,0,-0.01698,2026-07
iMFTNTF,2012Q1,3,0,-0.010744,2026-07
iMFTNTF,2012Q2,3,0,0.011663,2026-07
iMFTNTF,2012Q3,3,0,-0.020325,2026-07
iMFTNTF,2012Q4,3,0,-0.008108,2026-07
iMFTNTF,2013Q1,3,0,0.015299,2026-07
iMFTNTF,2013Q2,3,0,0.011677,2026-07
iMFTNTF,2013Q3,3,0,-0.027368,2026-07
iMFTNTF,2013Q4,3,0,0.045248,2026-07
iMFTNTF,2014Q1,3,0,0.006229,2026-07
iMFTNTF,2014Q2,3,0,0.017845,2026-07
iMFTNTF,2014Q3,3,0,0.035131,2026-07
iMFTNTF,2014Q4,3,0,0.056903,2026-07
iMFTNTF,2015Q1,3,0,0.059791,2026-07
iMFTNTF,2015Q2,3,0,-0.047452,2026-07
iMFTNTF,2015Q3,3,0,0.024388,2026-07
iMFTNTF,2015Q4,3,0,-0.005313,2026-07
iMFTNTF,2016Q1,3,0,0.06652,2026-07
iMFTNTF,2016Q2,3,0,0.021054,2026-07
iMFTNTF,2016Q3,3,0,-0.036585,2026-07
iMFTNTF,2016Q4,3,0,-0.019082,2026-07
iMFTNTF,2017Q1,3,0,-0.040857,2026-07
iMFTNTF,2017Q2,3,0,-0.01255,2026-07
iMFTNTF,2017Q3,3,0,0.008286,2026-07
iMFTNTF,2017Q4,3,0,0.003544,2026-07
iMFTNTF,2018Q1,3,0,-0.024878,2026-07
iMFTNTF,2018Q2,3,0,0.006889,2026-07
iMFTNTF,2018Q3,3,0,0.01741,2026-07
iMFTNTF,2018Q4,3,0,0.003796,2026-07
iMFTNTF,2019Q1,3,0,0.018594,2026-07
iMFTNTF,2019Q2,3,0,-0.002283,2026-07
iMFTNTF,2019Q3,3,0,0.004545,2026-07
iMFTNTF,2019Q4,3,0,0.017415,2026-07
iMFTNTF,2020Q1,3,0,0.000269,2026-07
iMFTNTF,2020Q2,3,0,-0.011313,2026-07
iMFTNTF,2020Q3,3,0,-0.019655,2026-07
iMFTNTF,2020Q4,3,0,0.022372,2026-07
iMFTNTF,2021Q1,3,0,0.023773,2026-07
iMFTNTF,2021Q2,3,0,0.011198,2026-07
iMFTNTF,2021Q3,3,0,-0.004868,2026-07
iMFTNTF,2021Q4,3,0,0.001701,2026-07
iMFTNTF,2022Q1,3,0,0.043373,2026-07
iMFTNTF,2022Q2,3,0,0.045918,2026-07
iMFTNTF,2022Q3,3,0,0.031419,2026-07
iMFTNTF,2022Q4,3,0,-0.044772,2026-07
iMFTNTF,2023Q1,3,0,-0.019996,2026-07
iMFTNTF,2023Q2,3,0,0.002735,2026-07
iMFTNTF,2023Q3,3,0,0.003837,2026-07
iMFTNTF,2023Q4,3,0,-0.026664,2026-07
iMFTNTF,2024Q1,3,0,0.025292,2026-07
iMFTNTF,2024Q2,3,0,-0.023165,2026-07
iMFTNTF,2024Q3,3,0,-0.014967,2026-07
iMFTNTF,2024Q4,3,0,0.005146,2026-07
iMFTNTF,2025Q1,3,0,-0.018312,2026-07
iMFTNTF,2025Q2,3,0,-0.028911,2026-07
iMFTNTF,2025Q3,3,0,0.018562,2026-07
iMFTNTF,2025Q4,3,0,-0.005312,2026-07
iMFTNTF,2026Q1,3,0,0.112077,2026-07
iMFTNTF,2026Q2,3,0,-0.006982,2026-07
iMFTNTF,2026Q3,1,1,-0.0051,2026-07
iMFTTFO,2000Q1,3,0,-0.051036,2026-07
iMFTTFO,2000Q2,3,0,-0.033437,2026-07
iMFTTFO,2000Q3,3,0,-0.011969,2026-07
iMFTTFO,2000Q4,3,0,0.25728,2026-07
iMFTTFO,2001Q1,3,0,0.106006,2026-07
iMFTTFO,2001Q2,3,0,-0.079262,2026-07
iMFTTFO,2001Q3,3,0,0.079718,2026-07
iMFTTFO,2001Q4,3,0,-0.007989,2026-07
iMFTTFO,2002Q1,3,0,-0.041153,2026-07
iMFTTFO,2002Q2,3,0,0.092219,2026-07
iMFTTFO,2002Q3,3,0,0.199787,2026-07
iMFTTFO,2002Q4,3,0,-0.008143,2026-07
iMFTTFO,2003Q1,3,0,0.065375,2026-07
iMFTTFO,2003Q2,3,0,0.052286,2026-07
iMFTTFO,2003Q3,3,0,-0.013218,2026-07
iMFTTFO,2003Q4,3,0,0.050738,2026-07
iMFTTFO,2004Q1,3,0,0.078246,2026-07
iMFTTFO,2004Q2,3,0,-0.136909,2026-07
iMFTTFO,2004Q3,3,0,0.020652,2026-07
iMFTTFO,2004Q4,3,0,0.103299,2026-07
iMFTTFO,2005Q1,3,0,-0.035346,2026-07
iMFTTFO,2005Q2,3,0,0.039543,2026-07
iMFTTFO,2005Q3,3,0,-0.001218,2026-07
iMFTTFO,2005Q4,3,0,0.024116,2026-07
iMFTTFO,2006Q1,3,0,0.030528,2026-07
iMFTTFO,2006Q2,3,0,0.005194,2026-07
iMFTTFO,2006Q3,3,0,-0.02563,2026-07
iMFTTFO,2006Q4,3,0,0.058885,2026-07
iMFTTFO,2007Q1,3,0,-0.02182,2026-07
iMFTTFO,2007Q2,3,0,0.130369,2026-07
iMFTTFO,2007Q3,3,0,-0.038697,2026-07
iMFTTFO,2007Q4,3,0,0.060449,2026-07
iMFTTFO,2008Q1,3,0,0.114094,2026-07
iMFTTFO,2008Q2,3,0,0.038541,2026-07
iMFTTFO,2008Q3,3,0,-0.055757,2026-07
iMFTTFO,2008Q4,3,0,0.165078,2026-07
iMFTTFO,2009Q1,3,0,-0.019024,2026-07
iMFTTFO,2009Q2,3,0,-0.054712,2026-07
iMFTTFO,2009Q3,3,0,0.054856,2026-07
iMFTTFO,2009Q4,3,0,-0.009451,2026-07
iMFTTFO,2010Q1,3,0,0.027037,2026-07
iMFTTFO,2010Q2,3,0,0.011734,2026-07
iMFTTFO,2010Q3,3,0,0.056741,2026-07
iMFTTFO,2010Q4,3,0,0.045545,2026-07
iMFTTFO,2011Q1,3,0,-0.006879,2026-07
iMFTTFO,2011Q2,3,0,-0.024101,2026-07
iMFTTFO,2011Q3,3,0,0.08406,2026-07
iMFTTFO,2011Q4,3,0,-0.022035,2026-07
iMFTTFO,2012Q1,3,0,0.001452,2026-07
iMFTTFO,2012Q2,3,0,-0.005658,2026-07
iMFTTFO,2012Q3,3,0,0.018192,2026-07
iMFTTFO,2012Q4,3,0,-0.024158,2026-07
iMFTTFO,2013Q1,3,0,0.040259,2026-07
iMFTTFO,2013Q2,3,0,-0.042132,2026-07
iMFTTFO,2013Q3,3,0,-0.02361,2026-07
iMFTTFO,2013Q4,3,0,0.052794,2026-07
iMFTTFO,2014Q1,3,0,-0.023252,2026-07
iMFTTFO,2014Q2,3,0,0.055552,2026-07
iMFTTFO,2014Q3,3,0,0.071692,2026-07
iMFTTFO,2014Q4,3,0,0.116186,2026-07
iMFTTFO,2015Q1,3,0,0.075666,2026-07
iMFTTFO,2015Q2,3,0,-0.083426,2026-07
iMFTTFO,2015Q3,3,0,0.039132,2026-07
iMFTTFO,2015Q4,3,0,-0.006625,2026-07
iMFTTFO,2016Q1,3,0,0.040065,2026-07
iMFTTFO,2016Q2,3,0,0.012841,2026-07
iMFTTFO,2016Q3,3,0,-0.019509,2026-07
iMFTTFO,2016Q4,3,0,-0.037469,2026-07
iMFTTFO,2017Q1,3,0,0.001869,2026-07
iMFTTFO,2017Q2,3,0,-0.029639,2026-07
iMFTTFO,2017Q3,3,0,0.008269,2026-07
iMFTTFO,2017Q4,3,0,0.073495,2026-07
iMFTTFO,2018Q1,3,0,-0.040066,2026-07
iMFTTFO,2018Q2,3,0,-0.006225,2026-07
iMFTTFO,2018Q3,3,0,0.0193,2026-07
iMFTTFO,2018Q4,3,0,-0.046843,2026-07
iMFTTFO,2019Q1,3,0,0.035568,2026-07
iMFTTFO,2019Q2,3,0,0.047333,2026-07
iMFTTFO,2019Q3,3,0,0.043927,2026-07
iMFTTFO,2019Q4,3,0,-0.026763,2026-07
iMFTTFO,2020Q1,3,0,-0.01181,2026-07
iMFTTFO,2020Q2,3,0,-0.026111,2026-07
iMFTTFO,2020Q3,3,0,-0.008401,2026-07
iMFTTFO,2020Q4,3,0,0.071718,2026-07
iMFTTFO,2021Q1,3,0,0.038228,2026-07
iMFTTFO,2021Q2,3,0,0.043102,2026-07
iMFTTFO,2021Q3,3,0,0.018801,2026-07
iMFTTFO,2021Q4,3,0,0.000182,2026-07
iMFTTFO,2022Q1,3,0,0.117765,2026-07
iMFTTFO,2022Q2,3,0,0.065624,2026-07
iMFTTFO,2022Q3,3,0,0.049027,2026-07
iMFTTFO,2022Q4,3,0,-0.057862,2026-07
iMFTTFO,2023Q1,3,0,-0.055388,2026-07
iMFTTFO,2023Q2,3,0,0.068278,2026-07
iMFTTFO,2023Q3,3,0,0.022826,2026-07
iMFTTFO,2023Q4,3,0,-0.052131,2026-07
iMFTTFO,2024Q1,3,0,0.11451,2026-07
iMFTTFO,2024Q2,3,0,-0.020789,2026-07
iMFTTFO,2024Q3,3,0,-0.042318,2026-07
iMFTTFO,2024Q4,3,0,0.001213,2026-07
iMFTTFO,2025Q1,3,0,-0.046807,2026-07
iMFTTFO,2025Q2,3,0,-0.071808,2026-07
iMFTTFO,2025Q3,3,0,0.068176,2026-07
iMFTTFO,2025Q4,3,0,0.054112,2026-07
iMFTTFO,2026Q1,3,0,0.056413,2026-07
iMFTTFO,2026Q2,3,0,0.014754,2026-07
iMFTTFO,2026Q3,1,1,-0.007,2026-07
iMST,2000Q1,3,0,0.085531,2026-07
iMST,2000Q2,3,0,0.054439,2026-07
iMST,2000Q3,3,0,0.043601,2026-07
iMST,2000Q4,3,0,0.027399,2026-07
iMST,2001Q1,3,0,0.045124,2026-07
iMST,2001Q2,3,0,0.025981,2026-07
iMST,2001Q3,3,0,0.00445,2026-07
iMST,2001Q4,3,0,0.039983,2026-07
iMST,2002Q1,3,0,0.025655,2026-07
iMST,2002Q2,3,0,-0.002878,2026-07
iMST,2002Q3,3,0,-0.010684,2026-07
iMST,2002Q4,3,0,0.039162,2026-07
iMST,2003Q1,3,0,0.018183,2026-07
iMST,2003Q2,3,0,0.057657,2026-07
iMST,2003Q3,3,0,0.038335,2026-07
iMST,2003Q4,3,0,0.036118,2026-07
iMST,2004Q1,3,0,0.034854,2026-07
iMST,2004Q2,3,0,0.001278,2026-07
iMST,2004Q3,3,0,0.010121,2026-07
iMST,2004Q4,3,0,0.049427,2026-07
iMST,2005Q1,3,0,0.021623,2026-07
iMST,2005Q2,3,0,0.005471,2026-07
iMST,2005Q3,3,0,0.042579,2026-07
iMST,2005Q4,3,0,0.034129,2026-07
iMST,2006Q1,3,0,0.061447,2026-07
iMST,2006Q2,3,0,0.019532,2026-07
iMST,2006Q3,3,0,0.026306,2026-07
iMST,2006Q4,3,0,0.05497,2026-07
iMST,2007Q1,3,0,0.042471,2026-07
iMST,2007Q2,3,0,0.057026,2026-07
iMST,2007Q3,3,0,0.014648,2026-07
iMST,2007Q4,3,0,0.046112,2026-07
iMST,2008Q1,3,0,-0.006395,2026-07
iMST,2008Q2,3,0,0.030251,2026-07
iMST,2008Q3,3,0,-0.072868,2026-07
iMST,2008Q4,3,0,-0.083726,2026-07
iMST,2009Q1,3,0,0.060556,2026-07
iMST,2009Q2,3,0,0.089809,2026-07
iMST,2009Q3,3,0,0.082745,2026-07
iMST,2009Q4,3,0,0.034971,2026-07
iMST,2010Q1,3,0,0.033827,2026-07
iMST,2010Q2,3,0,-0.003423,2026-07
iMST,2010Q3,3,0,0.044722,2026-07
iMST,2010Q4,3,0,0.044991,2026-07
iMST,2011Q1,3,0,0.032228,2026-07
iMST,2011Q2,3,0,0.015042,2026-07
iMST,2011Q3,3,0,-0.033722,2026-07
iMST,2011Q4,3,0,0.00715,2026-07
iMST,2012Q1,3,0,0.040676,2026-07
iMST,2012Q2,3,0,-0.001719,2026-07
iMST,2012Q3,3,0,0.034999,2026-07
iMST,2012Q4,3,0,0.035159,2026-07
iMST,2013Q1,3,0,0.030634,2026-07
iMST,2013Q2,3,0,0.019329,2026-07
iMST,2013Q3,3,0,0.027391,2026-07
iMST,2013Q4,3,0,0.04156,2026-07
iMST,2014Q1,3,0,0.015024,2026-07
iMST,2014Q2,3,0,0.013479,2026-07
iMST,2014Q3,3,0,0.010534,2026-07
iMST,2014Q4,3,0,0.004278,2026-07
iMST,2015Q1,3,0,0.028639,2026-07
iMST,2015Q2,3,0,0.013455,2026-07
iMST,2015Q3,3,0,-0.018326,2026-07
iMST,2015Q4,3,0,0.003585,2026-07
iMST,2016Q1,3,0,-0.009698,2026-07
iMST,2016Q2,3,0,0.00816,2026-07
iMST,2016Q3,3,0,0.033557,2026-07
iMST,2016Q4,3,0,0.015677,2026-07
iMST,2017Q1,3,0,0.017293,2026-07
iMST,2017Q2,3,0,0.008519,2026-07
iMST,2017Q3,3,0,0.023173,2026-07
iMST,2017Q4,3,0,0.017644,2026-07
iMST,2018Q1,3,0,0.017547,2026-07
iMST,2018Q2,3,0,0.002686,2026-07
iMST,2018Q3,3,0,0.009828,2026-07
iMST,2018Q4,3,0,-0.021789,2026-07
iMST,2019Q1,3,0,0.030255,2026-07
iMST,2019Q2,3,0,0.011975,2026-07
iMST,2019Q3,3,0,0.004388,2026-07
iMST,2019Q4,3,0,0.02628,2026-07
iMST,2020Q1,3,0,-0.057515,2026-07
iMST,2020Q2,3,0,0.068287,2026-07
iMST,2020Q3,3,0,0.044075,2026-07
iMST,2020Q4,3,0,0.0744,2026-07
iMST,2021Q1,3,0,0.042984,2026-07
iMST,2021Q2,3,0,0.020716,2026-07
iMST,2021Q3,3,0,0.020018,2026-07
iMST,2021Q4,3,0,0.005561,2026-07
iMST,2022Q1,3,0,0.001793,2026-07
iMST,2022Q2,3,0,-0.003971,2026-07
iMST,2022Q3,3,0,0.000623,2026-07
iMST,2022Q4,3,0,0.019768,2026-07
iMST,2023Q1,3,0,0.01066,2026-07
iMST,2023Q2,3,0,0.008594,2026-07
iMST,2023Q3,3,0,0.018208,2026-07
iMST,2023Q4,3,0,0.020777,2026-07
iMST,2024Q1,3,0,0.042065,2026-07
iMST,2024Q2,3,0,0.02013,2026-07
iMST,2024Q3,3,0,0.017994,2026-07
iMST,2024Q4,3,0,0.028764,2026-07
iMST,2025Q1,3,0,0.005819,2026-07
iMST,2025Q2,3,0,0.031594,2026-07
iMST,2025Q3,3,0,0.034882,2026-07
iMST,2025Q4,3,0,0.030991,2026-07
iMST,2026Q1,3,0,0.01599,2026-07
iMST,2026Q2,3,0,0.047464,2026-07
iMST,2026Q3,1,1,-0.0055,2026-07
iQNT,2003Q1,3,0,0.03649,2026-07
iQNT,2003Q2,3,0,-0.016936,2026-07
iQNT,2003Q3,3,0,-0.004463,2026-07
iQNT,2003Q4,3,0,0.022666,2026-07
iQNT,2004Q1,3,0,0.025632,2026-07
iQNT,2004Q2,3,0,0.011926,2026-07
iQNT,2004Q3,3,0,0.015321,2026-07
iQNT,2004Q4,3,0,0.000495,2026-07
iQNT,2005Q1,3,0,0.033529,2026-07
iQNT,2005Q2,3,0,0.010721,2026-07
iQNT,2005Q3,3,0,0.032027,2026-07
iQNT,2005Q4,3,0,0.011502,2026-07
iQNT,2006Q1,3,0,0.022544,2026-07
iQNT,2006Q2,3,0,0.023197,2026-07
iQNT,2006Q3,3,0,0.002089,2026-07
iQNT,2006Q4,3,0,0.018493,2026-07
iQNT,2007Q1,3,0,0.026817,2026-07
iQNT,2007Q2,3,0,0.029791,2026-07
iQNT,2007Q3,3,0,-0.047143,2026-07
iQNT,2007Q4,3,0,-0.000624,2026-07
iQNT,2008Q1,3,0,-0.043454,2026-07
iQNT,2008Q2,3,0,0.014259,2026-07
iQNT,2008Q3,3,0,-0.043846,2026-07
iQNT,2008Q4,3,0,-0.045491,2026-07
iQNT,2009Q1,3,0,-0.014691,2026-07
iQNT,2009Q2,3,0,0.0121,2026-07
iQNT,2009Q3,3,0,0.027391,2026-07
iQNT,2009Q4,3,0,0.018204,2026-07
iQNT,2010Q1,3,0,0.034233,2026-07
iQNT,2010Q2,3,0,0.011017,2026-07
iQNT,2010Q3,3,0,0.036826,2026-07
iQNT,2010Q4,3,0,0.035296,2026-07
iQNT,2011Q1,3,0,0.039059,2026-07
iQNT,2011Q2,3,0,0.047942,2026-07
iQNT,2011Q3,3,0,0.014766,2026-07
iQNT,2011Q4,3,0,0.05656,2026-07
iQNT,2012Q1,3,0,0.040725,2026-07
iQNT,2012Q2,3,0,-0.004224,2026-07
iQNT,2012Q3,3,0,0.028155,2026-07
iQNT,2012Q4,3,0,0.010897,2026-07
iQNT,2013Q1,3,0,0.061299,2026-07
iQNT,2013Q2,3,0,0.019393,2026-07
iQNT,2013Q3,3,0,0.007647,2026-07
iQNT,2013Q4,3,0,0.052853,2026-07
iQNT,2014Q1,3,0,0.009373,2026-07
iQNT,2014Q2,3,0,0.012401,2026-07
iQNT,2014Q3,3,0,0.021944,2026-07
iQNT,2014Q4,3,0,0.051198,2026-07
iQNT,2015Q1,3,0,0.036119,2026-07
iQNT,2015Q2,3,0,-0.020496,2026-07
iQNT,2015Q3,3,0,0.048402,2026-07
iQNT,2015Q4,3,0,0.026881,2026-07
iQNT,2016Q1,3,0,0.03564,2026-07
iQNT,2016Q2,3,0,-0.009391,2026-07
iQNT,2016Q3,3,0,-0.011695,2026-07
iQNT,2016Q4,3,0,0.026918,2026-07
iQNT,2017Q1,3,0,0.017356,2026-07
iQNT,2017Q2,3,0,-0.003539,2026-07
iQNT,2017Q3,3,0,0.035316,2026-07
iQNT,2017Q4,3,0,0.025061,2026-07
iQNT,2018Q1,3,0,0.021618,2026-07
iQNT,2018Q2,3,0,-0.020679,2026-07
iQNT,2018Q3,3,0,0.009091,2026-07
iQNT,2018Q4,3,0,-0.014697,2026-07
iQNT,2019Q1,3,0,0.007655,2026-07
iQNT,2019Q2,3,0,-0.002491,2026-07
iQNT,2019Q3,3,0,0.002167,2026-07
iQNT,2019Q4,3,0,-0.006492,2026-07
iQNT,2020Q1,3,0,-0.064791,2026-07
iQNT,2020Q2,3,0,0.022978,2026-07
iQNT,2020Q3,3,0,-0.001026,2026-07
iQNT,2020Q4,3,0,-0.001744,2026-07
iQNT,2021Q1,3,0,0.022161,2026-07
iQNT,2021Q2,3,0,0.036949,2026-07
iQNT,2021Q3,3,0,0.015443,2026-07
iQNT,2021Q4,3,0,0.065783,2026-07
iQNT,2022Q1,3,0,0.014968,2026-07
iQNT,2022Q2,3,0,0.008458,2026-07
iQNT,2022Q3,3,0,-0.001848,2026-07
iQNT,2022Q4,3,0,0.037768,2026-07
iQNT,2023Q1,3,0,0.016432,2026-07
iQNT,2023Q2,3,0,-0.002153,2026-07
iQNT,2023Q3,3,0,0.030691,2026-07
iQNT,2023Q4,3,0,0.029035,2026-07
iQNT,2024Q1,3,0,0.061816,2026-07
iQNT,2024Q2,3,0,0.033063,2026-07
iQNT,2024Q3,3,0,0.037772,2026-07
iQNT,2024Q4,3,0,0.006037,2026-07
iQNT,2025Q1,3,0,0.035649,2026-07
iQNT,2025Q2,3,0,0.028177,2026-07
iQNT,2025Q3,3,0,-0.008469,2026-07
iQNT,2025Q4,3,0,0.031508,2026-07
iQNT,2026Q1,3,0,0.005346,2026-07
iQNT,2026Q2,3,0,0.017854,2026-07
iQNT,2026Q3,1,1,0.0153,2026-07
iRVI,2000Q1,3,0,0.08031,2026-07
iRVI,2000Q2,3,0,0.063257,2026-07
iRVI,2000Q3,3,0,0.054867,2026-07
iRVI,2000Q4,3,0,0.043276,2026-07
iRVI,2001Q1,3,0,0.053913,2026-07
iRVI,2001Q2,3,0,0.027801,2026-07
iRVI,2001Q3,3,0,0.00599,2026-07
iRVI,2001Q4,3,0,0.047156,2026-07
iRVI,2002Q1,3,0,0.02527,2026-07
iRVI,2002Q2,3,0,0.004514,2026-07
iRVI,2002Q3,3,0,-0.003007,2026-07
iRVI,2002Q4,3,0,0.039256,2026-07
iRVI,2003Q1,3,0,0.016569,2026-07
iRVI,2003Q2,3,0,0.051442,2026-07
iRVI,2003Q3,3,0,0.028866,2026-07
iRVI,2003Q4,3,0,0.039686,2026-07
iRVI,2004Q1,3,0,0.041598,2026-07
iRVI,2004Q2,3,0,0.000876,2026-07
iRVI,2004Q3,3,0,0.007207,2026-07
iRVI,2004Q4,3,0,0.042869,2026-07
iRVI,2005Q1,3,0,0.022521,2026-07
iRVI,2005Q2,3,0,0.010112,2026-07
iRVI,2005Q3,3,0,0.050832,2026-07
iRVI,2005Q4,3,0,0.040077,2026-07
iRVI,2006Q1,3,0,0.05367,2026-07
iRVI,2006Q2,3,0,0.014891,2026-07
iRVI,2006Q3,3,0,0.024904,2026-07
iRVI,2006Q4,3,0,0.051142,2026-07
iRVI,2007Q1,3,0,0.041655,2026-07
iRVI,2007Q2,3,0,0.056805,2026-07
iRVI,2007Q3,3,0,0.012742,2026-07
iRVI,2007Q4,3,0,0.042441,2026-07
iRVI,2008Q1,3,0,-0.003546,2026-07
iRVI,2008Q2,3,0,0.034648,2026-07
iRVI,2008Q3,3,0,-0.06384,2026-07
iRVI,2008Q4,3,0,-0.049008,2026-07
iRVI,2009Q1,3,0,0.05348,2026-07
iRVI,2009Q2,3,0,0.080511,2026-07
iRVI,2009Q3,3,0,0.06849,2026-07
iRVI,2009Q4,3,0,0.027233,2026-07
iRVI,2010Q1,3,0,0.032609,2026-07
iRVI,2010Q2,3,0,-0.005865,2026-07
iRVI,2010Q3,3,0,0.033753,2026-07
iRVI,2010Q4,3,0,0.036382,2026-07
iRVI,2011Q1,3,0,0.026223,2026-07
iRVI,2011Q2,3,0,0.014537,2026-07
iRVI,2011Q3,3,0,-0.020861,2026-07
iRVI,2011Q4,3,0,0.012723,2026-07
iRVI,2012Q1,3,0,0.032739,2026-07
iRVI,2012Q2,3,0,-0.001719,2026-07
iRVI,2012Q3,3,0,0.024801,2026-07
iRVI,2012Q4,3,0,0.021434,2026-07
iRVI,2013Q1,3,0,0.029361,2026-07
iRVI,2013Q2,3,0,0.020391,2026-07
iRVI,2013Q3,3,0,0.025382,2026-07
iRVI,2013Q4,3,0,0.031114,2026-07
iRVI,2014Q1,3,0,0.017852,2026-07
iRVI,2014Q2,3,0,0.014845,2026-07
iRVI,2014Q3,3,0,0.006407,2026-07
iRVI,2014Q4,3,0,0.010504,2026-07
iRVI,2015Q1,3,0,0.028972,2026-07
iRVI,2015Q2,3,0,0.014425,2026-07
iRVI,2015Q3,3,0,0.003094,2026-07
iRVI,2015Q4,3,0,0.012445,2026-07
iRVI,2016Q1,3,0,-0.007842,2026-07
iRVI,2016Q2,3,0,0.004353,2026-07
iRVI,2016Q3,3,0,0.027239,2026-07
iRVI,2016Q4,3,0,0.014567,2026-07
iRVI,2017Q1,3,0,0.015878,2026-07
iRVI,2017Q2,3,0,0.005809,2026-07
iRVI,2017Q3,3,0,0.017196,2026-07
iRVI,2017Q4,3,0,0.010195,2026-07
iRVI,2018Q1,3,0,0.016359,2026-07
iRVI,2018Q2,3,0,0.00636,2026-07
iRVI,2018Q3,3,0,-0.001106,2026-07
iRVI,2018Q4,3,0,-0.021264,2026-07
iRVI,2019Q1,3,0,0.016456,2026-07
iRVI,2019Q2,3,0,0.002285,2026-07
iRVI,2019Q3,3,0,0.005005,2026-07
iRVI,2019Q4,3,0,0.014044,2026-07
iRVI,2020Q1,3,0,-0.024032,2026-07
iRVI,2020Q2,3,0,0.042066,2026-07
iRVI,2020Q3,3,0,0.028093,2026-07
iRVI,2020Q4,3,0,0.052996,2026-07
iRVI,2021Q1,3,0,0.030507,2026-07
iRVI,2021Q2,3,0,0.007301,2026-07
iRVI,2021Q3,3,0,0.012945,2026-07
iRVI,2021Q4,3,0,0.011502,2026-07
iRVI,2022Q1,3,0,0.00448,2026-07
iRVI,2022Q2,3,0,0.00184,2026-07
iRVI,2022Q3,3,0,0.007877,2026-07
iRVI,2022Q4,3,0,0.013524,2026-07
iRVI,2023Q1,3,0,0.013639,2026-07
iRVI,2023Q2,3,0,0.010838,2026-07
iRVI,2023Q3,3,0,0.015169,2026-07
iRVI,2023Q4,3,0,0.017086,2026-07
iRVI,2024Q1,3,0,0.034681,2026-07
iRVI,2024Q2,3,0,0.015271,2026-07
iRVI,2024Q3,3,0,0.018493,2026-07
iRVI,2024Q4,3,0,0.028051,2026-07
iRVI,2025Q1,3,0,0.00716,2026-07
iRVI,2025Q2,3,0,0.027031,2026-07
iRVI,2025Q3,3,0,0.03427,2026-07
iRVI,2025Q4,3,0,0.026008,2026-07
iRVI,2026Q1,3,0,0.015732,2026-07
iRVI,2026Q2,3,0,0.039241,2026-07
iRVI,2026Q3,1,1,-0.0079,2026-07
iVOL,2000Q1,3,0,0.066021,2026-07
iVOL,2000Q2,3,0,0.112914,2026-07
iVOL,2000Q3,3,0,0.122223,2026-07
iVOL,2000Q4,3,0,0.124255,2026-07
iVOL,2001Q1,3,0,0.07444,2026-07
iVOL,2001Q2,3,0,0.002284,2026-07
iVOL,2001Q3,3,0,0.01193,2026-07
iVOL,2001Q4,3,0,0.046238,2026-07
iVOL,2002Q1,3,0,-0.00355,2026-07
iVOL,2002Q2,3,0,0.030075,2026-07
iVOL,2002Q3,3,0,0.040081,2026-07
iVOL,2002Q4,3,0,0.023848,2026-07
iVOL,2003Q1,3,0,0.073135,2026-07
iVOL,2003Q2,3,0,0.008694,2026-07
iVOL,2003Q3,3,0,0.02507,2026-07
iVOL,2003Q4,3,0,0.041347,2026-07
iVOL,2004Q1,3,0,0.059941,2026-07
iVOL,2004Q2,3,0,-0.004342,2026-07
iVOL,2004Q3,3,0,0.041235,2026-07
iVOL,2004Q4,3,0,0.028279,2026-07
iVOL,2005Q1,3,0,0.038148,2026-07
iVOL,2005Q2,3,0,0.011993,2026-07
iVOL,2005Q3,3,0,0.056089,2026-07
iVOL,2005Q4,3,0,0.057242,2026-07
iVOL,2006Q1,3,0,0.035047,2026-07
iVOL,2006Q2,3,0,0.013243,2026-07
iVOL,2006Q3,3,0,0.010196,2026-07
iVOL,2006Q4,3,0,0.007472,2026-07
iVOL,2007Q1,3,0,-0.015239,2026-07
iVOL,2007Q2,3,0,0.050918,2026-07
iVOL,2007Q3,3,0,0.055255,2026-07
iVOL,2007Q4,3,0,0.10059,2026-07
iVOL,2008Q1,3,0,0.056526,2026-07
iVOL,2008Q2,3,0,0.046127,2026-07
iVOL,2008Q3,3,0,0.006767,2026-07
iVOL,2008Q4,3,0,0.055595,2026-07
iVOL,2009Q1,3,0,0.011381,2026-07
iVOL,2009Q2,3,0,0.039781,2026-07
iVOL,2009Q3,3,0,-0.012573,2026-07
iVOL,2009Q4,3,0,-0.0063,2026-07
iVOL,2010Q1,3,0,0.018986,2026-07
iVOL,2010Q2,3,0,-0.011578,2026-07
iVOL,2010Q3,3,0,0.005097,2026-07
iVOL,2010Q4,3,0,0.013934,2026-07
iVOL,2011Q1,3,0,0.023761,2026-07
iVOL,2011Q2,3,0,0.007918,2026-07
iVOL,2011Q3,3,0,0.012936,2026-07
iVOL,2011Q4,3,0,0.039253,2026-07
iVOL,2012Q1,3,0,0.015444,2026-07
iVOL,2012Q2,3,0,0.029778,2026-07
iVOL,2012Q3,3,0,0.005507,2026-07
iVOL,2012Q4,3,0,0.000988,2026-07
iVOL,2013Q1,3,0,-0.003723,2026-07
iVOL,2013Q2,3,0,0.005359,2026-07
iVOL,2013Q3,3,0,0.004237,2026-07
iVOL,2013Q4,3,0,-0.010965,2026-07
iVOL,2014Q1,3,0,0.015562,2026-07
iVOL,2014Q2,3,0,0.008824,2026-07
iVOL,2014Q3,3,0,-0.01096,2026-07
iVOL,2014Q4,3,0,0.011923,2026-07
iVOL,2015Q1,3,0,0.037851,2026-07
iVOL,2015Q2,3,0,0.024286,2026-07
iVOL,2015Q3,3,0,0.028864,2026-07
iVOL,2015Q4,3,0,0.003587,2026-07
iVOL,2016Q1,3,0,0.01352,2026-07
iVOL,2016Q2,3,0,0.016285,2026-07
iVOL,2016Q3,3,0,0.012539,2026-07
iVOL,2016Q4,3,0,0.020437,2026-07
iVOL,2017Q1,3,0,0.010106,2026-07
iVOL,2017Q2,3,0,-0.001201,2026-07
iVOL,2017Q3,3,0,-0.00164,2026-07
iVOL,2017Q4,3,0,-0.005806,2026-07
iVOL,2018Q1,3,0,0.017628,2026-07
iVOL,2018Q2,3,0,0.006067,2026-07
iVOL,2018Q3,3,0,0.005704,2026-07
iVOL,2018Q4,3,0,-0.015889,2026-07
iVOL,2019Q1,3,0,0.004496,2026-07
iVOL,2019Q2,3,0,0.001692,2026-07
iVOL,2019Q3,3,0,0.01329,2026-07
iVOL,2019Q4,3,0,0.002801,2026-07
iVOL,2020Q1,3,0,0.060743,2026-07
iVOL,2020Q2,3,0,0.014256,2026-07
iVOL,2020Q3,3,0,0.006843,2026-07
iVOL,2020Q4,3,0,0.014338,2026-07
iVOL,2021Q1,3,0,0.020444,2026-07
iVOL,2021Q2,3,0,-0.012042,2026-07
iVOL,2021Q3,3,0,-0.013715,2026-07
iVOL,2021Q4,3,0,0.007762,2026-07
iVOL,2022Q1,3,0,0.052064,2026-07
iVOL,2022Q2,3,0,0.042558,2026-07
iVOL,2022Q3,3,0,0.007065,2026-07
iVOL,2022Q4,3,0,-0.010307,2026-07
iVOL,2023Q1,3,0,-0.004144,2026-07
iVOL,2023Q2,3,0,-0.001622,2026-07
iVOL,2023Q3,3,0,0.022253,2026-07
iVOL,2023Q4,3,0,-0.007148,2026-07
iVOL,2024Q1,3,0,0.005497,2026-07
iVOL,2024Q2,3,0,0.006598,2026-07
iVOL,2024Q3,3,0,0.005113,2026-07
iVOL,2024Q4,3,0,0.009527,2026-07
iVOL,2025Q1,3,0,0.024897,2026-07
iVOL,2025Q2,3,0,0.004846,2026-07
iVOL,2025Q3,3,0,0.010382,2026-07
iVOL,2025Q4,3,0,0.003174,2026-07
iVOL,2026Q1,3,0,0.038996,2026-07
iVOL,2026Q2,3,0,-0.000907,2026-07
iVOL,2026Q3,1,1,0.0035,2026-07
SP500TR,2000Q1,3,0,0.022984,2026-07
SP500TR,2000Q2,3,0,-0.026518,2026-07
SP500TR,2000Q3,3,0,-0.009673,2026-07
SP500TR,2000Q4,3,0,-0.078174,2026-07
SP500TR,2001Q1,3,0,-0.118601,2026-07
SP500TR,2001Q2,3,0,0.058557,2026-07
SP500TR,2001Q3,3,0,-0.146786,2026-07
SP500TR,2001Q4,3,0,0.106921,2026-07
SP500TR,2002Q1,3,0,0.002718,2026-07
SP500TR,2002Q2,3,0,-0.133942,2026-07
SP500TR,2002Q3,3,0,-0.172798,2026-07
SP500TR,2002Q4,3,0,0.084456,2026-07
SP500TR,2003Q1,3,0,-0.031503,2026-07
SP500TR,2003Q2,3,0,0.154027,2026-07
SP500TR,2003Q3,3,0,0.026446,2026-07
SP500TR,2003Q4,3,0,0.121751,2026-07
SP500TR,2004Q1,3,0,0.016964,2026-07
SP500TR,2004Q2,3,0,0.017142,2026-07
SP500TR,2004Q3,3,0,-0.018748,2026-07
SP500TR,2004Q4,3,0,0.092338,2026-07
SP500TR,2005Q1,3,0,-0.021543,2026-07
SP500TR,2005Q2,3,0,0.013613,2026-07
SP500TR,2005Q3,3,0,0.036086,2026-07
SP500TR,2005Q4,3,0,0.020775,2026-07
SP500TR,2006Q1,3,0,0.042035,2026-07
SP500TR,2006Q2,3,0,-0.014408,2026-07
SP500TR,2006Q3,3,0,0.056725,2026-07
SP500TR,2006Q4,3,0,0.06695,2026-07
SP500TR,2007Q1,3,0,0.00635,2026-07
SP500TR,2007Q2,3,0,0.062806,2026-07
SP500TR,2007Q3,3,0,0.020319,2026-07
SP500TR,2007Q4,3,0,-0.033281,2026-07
SP500TR,2008Q1,3,0,-0.094461,2026-07
SP500TR,2008Q2,3,0,-0.027222,2026-07
SP500TR,2008Q3,3,0,-0.083654,2026-07
SP500TR,2008Q4,3,0,-0.219458,2026-07
SP500TR,2009Q1,3,0,-0.11015,2026-07
SP500TR,2009Q2,3,0,0.159264,2026-07
SP500TR,2009Q3,3,0,0.155997,2026-07
SP500TR,2009Q4,3,0,0.060361,2026-07
SP500TR,2010Q1,3,0,0.053815,2026-07
SP500TR,2010Q2,3,0,-0.114244,2026-07
SP500TR,2010Q3,3,0,0.112986,2026-07
SP500TR,2010Q4,3,0,0.107556,2026-07
SP500TR,2011Q1,3,0,0.059236,2026-07
SP500TR,2011Q2,3,0,0.000965,2026-07
SP500TR,2011Q3,3,0,-0.138631,2026-07
SP500TR,2011Q4,3,0,0.11815,2026-07
SP500TR,2012Q1,3,0,0.125794,2026-07
SP500TR,2012Q2,3,0,-0.027541,2026-07
SP500TR,2012Q3,3,0,0.06346,2026-07
SP500TR,2012Q4,3,0,-0.003824,2026-07
SP500TR,2013Q1,3,0,0.106083,2026-07
SP500TR,2013Q2,3,0,0.029173,2026-07
SP500TR,2013Q3,3,0,0.052465,2026-07
SP500TR,2013Q4,3,0,0.105174,2026-07
SP500TR,2014Q1,3,0,0.017999,2026-07
SP500TR,2014Q2,3,0,0.052417,2026-07
SP500TR,2014Q3,3,0,0.011289,2026-07
SP500TR,2014Q4,3,0,0.049326,2026-07
SP500TR,2015Q1,3,0,0.009568,2026-07
SP500TR,2015Q2,3,0,0.002785,2026-07
SP500TR,2015Q3,3,0,-0.064264,2026-07
SP500TR,2015Q4,3,0,0.070468,2026-07
SP500TR,2016Q1,3,0,0.013518,2026-07
SP500TR,2016Q2,3,0,0.024627,2026-07
SP500TR,2016Q3,3,0,0.038559,2026-07
SP500TR,2016Q4,3,0,0.038286,2026-07
SP500TR,2017Q1,3,0,0.060726,2026-07
SP500TR,2017Q2,3,0,0.030897,2026-07
SP500TR,2017Q3,3,0,0.044853,2026-07
SP500TR,2017Q4,3,0,0.066423,2026-07
SP500TR,2018Q1,3,0,-0.007579,2026-07
SP500TR,2018Q2,3,0,0.034365,2026-07
SP500TR,2018Q3,3,0,0.077117,2026-07
SP500TR,2018Q4,3,0,-0.135235,2026-07
SP500TR,2019Q1,3,0,0.136398,2026-07
SP500TR,2019Q2,3,0,0.043125,2026-07
SP500TR,2019Q3,3,0,0.017042,2026-07
SP500TR,2019Q4,3,0,0.090763,2026-07
SP500TR,2020Q1,3,0,-0.195958,2026-07
SP500TR,2020Q2,3,0,0.205422,2026-07
SP500TR,2020Q3,3,0,0.089326,2026-07
SP500TR,2020Q4,3,0,0.121459,2026-07
SP500TR,2021Q1,3,0,0.061776,2026-07
SP500TR,2021Q2,3,0,0.08549,2026-07
SP500TR,2021Q3,3,0,0.00587,2026-07
SP500TR,2021Q4,3,0,0.110326,2026-07
SP500TR,2022Q1,3,0,-0.045924,2026-07
SP500TR,2022Q2,3,0,-0.160999,2026-07
SP500TR,2022Q3,3,0,-0.048849,2026-07
SP500TR,2022Q4,3,0,0.075682,2026-07
SP500TR,2023Q1,3,0,0.074921,2026-07
SP500TR,2023Q2,3,0,0.087387,2026-07
SP500TR,2023Q3,3,0,-0.032759,2026-07
SP500TR,2023Q4,3,0,0.116887,2026-07
SP500TR,2024Q1,3,0,0.105586,2026-07
SP500TR,2024Q2,3,0,0.04292,2026-07
SP500TR,2024Q3,3,0,0.058984,2026-07
SP500TR,2024Q4,3,0,0.024098,2026-07
SP500TR,2025Q1,3,0,-0.042674,2026-07
SP500TR,2025Q2,3,0,0.109406,2026-07
SP500TR,2025Q3,3,0,0.08123,2026-07
SP500TR,2025Q4,3,0,0.026574,2026-07
SP500TR,2026Q1,3,0,-0.043348,2026-07
SP500TR,2026Q2,3,0,0.151969,2026-07
SP500TR,2026Q3,1,1,-0.0006,2026-07
